city_code,city_name_en,city_name_ar,city_name_hi
YEA,"","",""
TCI,"","",""
UBS,"","",""
TOV,"","",""
OGU,"","",""
IWK,"","",""
DRV,"","",""
DQA,"","",""
JEK,"","",""
DWO,"","",""
WAE,"","",""
GTZ,"","",""
BJV,"","",""
RYL,"","",""
PKA,"","",""
BUW,"","",""
INB,"","",""
BEM,"","",""
KKI,"","",""
DTB,"","",""
JAU,"","",""
OKL,"","",""
LZN,"","",""
NGD,"","",""
ZQZ,"","",""
KEU,"","",""
KTJ,"","",""
OKE,"","",""
OLX,"","",""
ZYI,"","",""
FLZ,"","",""
BPL,"","",""
AVA,"","",""
BTC,"","",""
NOP,"","",""
MBI,"","",""
AOG,"","",""
JAE,"","",""
WNA,"","",""
IFU,"","",""
ANA,"","",""
BWX,"","",""
QUO,"","",""
ZBL,"","",""
HNY,"","",""
ERL,"","",""
JUH,"","",""
IAO,"","",""
LUL,"","",""
NRR,"","",""
SXK,"","",""
PBZ,"","",""
FYJ,"","",""
CDE,"","",""
CYD,"","",""
KHX,"","",""
ORZ,"","",""
TCR,"","",""
IPL,"","",""
TBI,"","",""
WDS,"","",""
TWT,"","",""
UCB,"","",""
MFK,"","",""
ULY,"","",""
AXF,"","",""
AXJ,"","",""
BJW,"","",""
IGT,"","",""
JJM,"","",""
LKA,"","",""
LLB,"","",""
RIZ,"","",""
SVK,"","",""
TLK,"","",""
IIL,"","",""
SWO,"","",""
KSE,"","",""
BQJ,"","",""
DDD,"","",""
GLN,"","",""
CVN,"","",""
ABB,"","",""
ABU,"","",""
ASS,"","",""
DEX,"","",""
JBB,"","",""
JKR,"","",""
JMO,"","",""
KJH,"","",""
LPF,"","",""
RTI,"","",""
YKH,"","",""
ITU,"","",""
JIC,"","",""
JRF,"","",""
OLP,"","",""
WPR,"","",""
YNP,"","",""
DEF,"","",""
NER,"","",""
RZR,"","",""
TJL,"","",""
ECI,"","",""
FVM,"","",""
ORU,"","",""
TNH,"","",""
TXF,"","",""
VLY,"","",""
ZGS,"","",""
ETR,"","",""
NLH,"","",""
BTW,"","",""
GMO,"","",""
HBX,"","",""
KPO,"","",""
LDS,"","",""
LUZ,"","",""
NUF,"","",""
SQD,"","",""
YIE,"","",""
YKO,"","",""
TGI,"","",""
DPT,"","",""
KCK,"","",""
KCO,"","",""
LDY,"","",""
QSZ,"","",""
SHF,"","",""
ATY,"","",""
CTD,"","",""
KVR,"","",""
MCN,"","",""
SLN,"","",""
URO,"","",""
WLE,"","",""
WUT,"","",""
CCR,"","",""
EBD,"","",""
JMJ,"","",""
OCM,"","",""
RJM,"","",""
SGG,"","",""
WMI,"","",""
IOQ,"","",""
JJG,"","",""
NYR,"","",""
WMB,"","",""
BKB,"","",""
DOB,"","",""
KAZ,"","",""
KEB,"","",""
KIY,"","",""
LUA,"","",""
LWE,"","",""
MEQ,"","",""
PGM,"","",""
RAQ,"","",""
RHT,"","",""
SLV,"","",""
SOV,"","",""
SUY,"","",""
SZE,"","",""
TQI,"","",""
VPG,"","",""
WGN,"","",""
CWC,"","",""
DGE,"","",""
DIQ,"","",""
KUZ,"","",""
SYS,"","",""
BHU,"","",""
BYP,"","",""
CWJ,"","",""
EJN,"","",""
EZV,"","",""
SDG,"","",""
SEK,"","",""
SVR,"","",""
SVS,"","",""
TKV,"","",""
ZIA,"","",""
CFK,"","",""
CLP,"","",""
CVQ,"","",""
GMQ,"","",""
HPG,"","",""
IZT,"","",""
KSL,"","",""
LFQ,"","",""
MGU,"","",""
MNA,"","",""
OHS,"","",""
RCU,"","",""
RDZ,"","",""
UOL,"","",""
VHZ,"","",""
YFJ,"","",""
EDA,"","",""
LLO,"","",""
MQJ,"","",""
NKI,"","",""
SRK,"","",""
TLI,"","",""
TMF,"","",""
ERG,"","",""
PQM,"","",""
PZL,"","",""
SQJ,"","",""
TEX,"","",""
TJK,"","",""
USR,"","",""
AEG,"","",""
AKS,"","",""
BAR,"","",""
BGC,"","",""
BLB,"","",""
CAT,"","",""
CYI,"","",""
DCG,"","",""
DJH,"","",""
HOE,"","",""
HUO,"","",""
IQM,"","",""
IXY,"","",""
KRC,"","",""
LAH,"","",""
LOY,"","",""
NGL,"","",""
NRE,"","",""
NUK,"","",""
NZL,"","",""
PBD,"","",""
PNY,"","",""
PRM,"","",""
PXA,"","",""
SAG,"","",""
SFS,"","",""
SXZ,"","",""
TJS,"","",""
TLQ,"","",""
TRA,"","",""
TSY,"","",""
TXE,"","",""
VRL,"","",""
VSE,"","",""
YMK,"","",""
YNY,"","",""
YPB,"","",""
BGN,"","",""
FAC,"","",""
NAU,"","",""
ONK,"","",""
TZL,"","",""
YES,"","",""
IYK,"","",""
JUK,"","",""
KHZ,"","",""
MHC,"","",""
MIU,"","",""
NIQ,"","",""
SMT,"","",""
TBF,"","",""
THX,"","",""
UUA,"","",""
WPU,"","",""
ZIX,"","",""
DQM,"","",""
FGU,"","",""
HCJ,"","",""
JSJ,"","",""
KQT,"","",""
PCQ,"","",""
TJN,"","",""
ULZ,"","",""
WOL,"","",""
AEA,"","",""
AHJ,"","",""
BUT,"","",""
BYC,"","",""
FHZ,"","",""
GLX,"","",""
IFP,"","",""
IVR,"","",""
KHQ,"","",""
KXU,"","",""
LOV,"","",""
NAA,"","",""
PBR,"","",""
PTX,"","",""
QFN,"","",""
QUV,"","",""
RKA,"","",""
SBT,"","",""
XEQ,"","",""
AKR,"","",""
AYM,"","",""
BJB,"","",""
BUP,"","",""
HFA,"","",""
HHZ,"","",""
IUI,"","",""
KNK,"","",""
MMM,"","",""
NYW,"","",""
OUZ,"","",""
QPW,"","",""
RHR,"","",""
RRR,"","",""
WLP,"","",""
AOQ,"","",""
DBC,"","",""
EKS,"","",""
GEM,"","",""
HTT,"","",""
JJD,"","",""
KPW,"","",""
KXK,"","",""
LNO,"","",""
LVO,"","",""
MWK,"","",""
MZK,"","",""
NEU,"","",""
NGK,"","",""
NSQ,"","",""
OMC,"","",""
SGX,"","",""
SUK,"","",""
TYD,"","",""
AEU,"","",""
AFZ,"","",""
BNC,"","",""
CJF,"","",""
DHG,"","",""
DTU,"","",""
FAH,"","",""
FYN,"","",""
GEL,"","",""
HIM,"","",""
HOX,"","",""
IRM,"","",""
JIO,"","",""
JSA,"","",""
KAA,"","",""
MJK,"","",""
RKZ,"","",""
RVI,"","",""
SUP,"","",""
SYJ,"","",""
TLY,"","",""
UKG,"","",""
VBA,"","",""
VBP,"","",""
WEC,"","",""
WMT,"","",""
WRZ,"","",""
YSQ,"","",""
ABF,"","",""
ABK,"","",""
CCA,"","",""
CKX,"","",""
DJN,"","",""
DRT,"","",""
IPI,"","",""
JIN,"","",""
KBH,"","",""
KGQ,"","",""
KSZ,"","",""
KUC,"","",""
LAJ,"","",""
LMA,"","",""
LPX,"","",""
MNK,"","",""
MRQ,"","",""
MTK,"","",""
NBN,"","",""
NBW,"","",""
NCJ,"","",""
NEI,"","",""
NSH,"","",""
OGM,"","",""
OZG,"","",""
PCP,"","",""
QUP,"","",""
RCQ,"","",""
RCY,"","",""
RIH,"","",""
RSS,"","",""
SZY,"","",""
TKJ,"","",""
XIQ,"","",""
BFC,"","",""
BPG,"","",""
BZK,"","",""
EBH,"","",""
GYG,"","",""
IKE,"","",""
KBZ,"","",""
MMG,"","",""
PEX,"","",""
PGZ,"","",""
PQT,"","",""
QUW,"","",""
RDO,"","",""
SAE,"","",""
SHC,"","",""
TQA,"","",""
UPK,"","",""
UTS,"","",""
XNH,"","",""
YGV,"","",""
YPN,"","",""
ZGR,"","",""
AAK,"","",""
BBG,"","",""
BQH,"","",""
CDT,"","",""
COG,"","",""
CQD,"","",""
CSH,"","",""
CUA,"","",""
CYU,"","",""
DLR,"","",""
FNI,"","",""
FTI,"","",""
GCH,"","",""
GGR,"","",""
HDM,"","",""
INA,"","",""
KDY,"","",""
KEO,"","",""
KKS,"","",""
KOM,"","",""
KWF,"","",""
NON,"","",""
OMO,"","",""
ORT,"","",""
OSO,"","",""
QFG,"","",""
QFT,"","",""
QFX,"","",""
QJH,"","",""
QOQ,"","",""
RDB,"","",""
TGP,"","",""
VHV,"","",""
VIN,"","",""
VYI,"","",""
WUN,"","",""
WUU,"","",""
ZDY,"","",""
AAD,"","",""
BCU,"","",""
BMB,"","",""
BXH,"","",""
BXR,"","",""
DUE,"","",""
FEC,"","",""
FIZ,"","",""
GUB,"","",""
GUO,"","",""
HCQ,"","",""
IHR,"","",""
IOT,"","",""
KAC,"","",""
KHK,"","",""
KHY,"","",""
KLB,"","",""
KXA,"","",""
LFM,"","",""
LMC,"","",""
MKR,"","",""
PDM,"","",""
PSZ,"","",""
QJE,"","",""
QJI,"","",""
QRY,"","",""
RDP,"","",""
RJN,"","",""
RZS,"","",""
SNG,"","",""
SWV,"","",""
TLU,"","",""
UGI,"","",""
UOA,"","",""
UZR,"","",""
VUU,"","",""
WMK,"","",""
YON,"","",""
AAB,"","",""
ACP,"","",""
ACR,"","",""
ACZ,"","",""
AIS,"","",""
AJK,"","",""
AOU,"","",""
BCO,"","",""
BEZ,"","",""
CBI,"","",""
CBL,"","",""
DCN,"","",""
DDU,"","",""
DXE,"","",""
GGM,"","",""
GYM,"","",""
HLE,"","",""
JAR,"","",""
JUU,"","",""
JWN,"","",""
JYR,"","",""
KDA,"","",""
KMC,"","",""
LBN,"","",""
LCR,"","",""
LPD,"","",""
LTK,"","",""
LVP,"","",""
MHW,"","",""
MMQ,"","",""
NDC,"","",""
NIF,"","",""
NIG,"","",""
OLL,"","",""
OOT,"","",""
PHB,"","",""
QGQ,"","",""
QMK,"","",""
QUB,"","",""
RUD,"","",""
TCD,"","",""
TCX,"","",""
TMN,"","",""
TQL,"","",""
TSU,"","",""
VAL,"","",""
WHF,"","",""
ZIS,"","",""
BQG,"","",""
BXY,"","",""
GLU,"","",""
HHR,"","",""
KCF,"","",""
KDX,"","",""
KOO,"","",""
LQN,"","",""
LTI,"","",""
MNO,"","",""
MZA,"","",""
MZW,"","",""
OAS,"","",""
OFU,"","",""
PIO,"","",""
SZI,"","",""
XJD,"","",""
MEL,"","",""
SYD,"","",""
SFO,"","",""
LAX,"","",""
BNE,"","",""
NYC,"","",""
BKK,"","",""
USM,"","",""
LAS,"","",""
CHI,"","",""
SEA,"","",""
RIO,"","",""
SIN,"","",""
KUL,"","",""
SAO,"","",""
MSP,"","",""
WLG,"","",""
AKL,"","",""
DEN,"","",""
ATL,"","",""
PHX,"","",""
BOS,"","",""
SEL,"","",""
HKT,"","",""
CJU,"","",""
DFW,"","",""
HNL,"","",""
KOA,"","",""
PLJ,"","",""
ARK,"","",""
SFG,"","",""
URC,"","",""
XMN,"","",""
FDF,"","",""
HRB,"","",""
HAK,"","",""
FOC,"","",""
DLC,"","",""
KMG,"","",""
KWE,"","",""
PRG,"","",""
LIS,"","",""
NNG,"","",""
ZUH,"","",""
BUD,"","",""
PND,"","",""
BCN,"","",""
ROM,"","",""
PHL,"","",""
AYT,"","",""
UFA,"","",""
CGQ,"","",""
DAR,"","",""
IMK,"","",""
SHE,"","",""
YQT,"","",""
VCE,"","",""
OGG,"","",""
UNK,"","",""
BET,"","",""
EMK,"","",""
YOW,"","",""
AGN,"","",""
JNU,"","",""
KEP,"","",""
OGS,"","",""
PMA,"","",""
TGT,"","",""
XUZ,"","",""
NME,"","",""
TNK,"","",""
GVA,"","",""
RAO,"","",""
SSA,"","",""
YWG,"","",""
CRP,"","",""
ORL,"","",""
YTO,"","",""
DKR,"","",""
DTT,"","",""
NSK,"","",""
YMQ,"","",""
ELM,"","",""
HOU,"","",""
ILM,"","",""
OSA,"","",""
YNT,"","",""
SAN,"","",""
AKI,"","",""
FLL,"","",""
PIT,"","",""
SJC,"","",""
ADD,"","",""
GEG,"","",""
MKC,"","",""
NGB,"","",""
OMA,"","",""
SAC,"","",""
SMK,"","",""
KWL,"","",""
LHW,"","",""
LKO,"","",""
MSN,"","",""
MSY,"","",""
SKX,"","",""
STL,"","",""
MOW,"","",""
TEB,"","",""
YHZ,"","",""
YQB,"","",""
YWK,"","",""
YYT,"","",""
YXL,"","",""
AMS,"","",""
STO,"","",""
BTS,"","",""
CGO,"","",""
CMB,"","",""
CPT,"","",""
DGA,"","",""
DXB,"","",""
HIA,"","",""
INC,"","",""
JHG,"","",""
JJN,"","",""
KEH,"","",""
KLW,"","",""
MES,"","",""
LKY,"","",""
MAA,"","",""
MKQ,"","",""
MUZ,"","",""
BJS,"","",""
RDU,"","",""
RNO,"","",""
SYX,"","",""
TAO,"","",""
TYF,"","",""
WNZ,"","",""
WSX,"","",""
WUH,"","",""
XNN,"","",""
YIN,"","",""
BWI,"","",""
CCU,"","",""
CKG,"","",""
CLE,"","",""
PDX,"","",""
SJU,"","",""
ACK,"","",""
DSM,"","",""
GEV,"","",""
GLV,"","",""
GNU,"","",""
WAS,"","",""
IND,"","",""
OME,"","",""
OTZ,"","",""
SCM,"","",""
SHG,"","",""
TPA,"","",""
GOJ,"","",""
OAK,"","",""
AUS,"","",""
BNA,"","",""
BUR,"","",""
CWL,"","",""
DOH,"","",""
ELP,"","",""
FRA,"","",""
HEL,"","",""
KSD,"","",""
LON,"","",""
MMA,"","",""
OOK,"","",""
REC,"","",""
TNE,"","",""
TYS,"","",""
CAS,"","",""
CVG,"","",""
HRL,"","",""
HYS,"","",""
ISP,"","",""
ZAG,"","",""
DSN,"","",""
FAT,"","",""
HAM,"","",""
IDR,"","",""
LRH,"","",""
LUX,"","",""
LYS,"","",""
PNS,"","",""
SAL,"","",""
SHA,"","",""
STR,"","",""
AUX,"","",""
BAV,"","",""
HFD,"","",""
BZE,"","",""
CAN,"","",""
PAR,"","",""
JKT,"","",""
CMH,"","",""
CNX,"","",""
COK,"","",""
DEL,"","",""
EBB,"","",""
BUE,"","",""
FUK,"","",""
GAU,"","",""
GYN,"","",""
HAN,"","",""
HEK,"","",""
HFT,"","",""
HTN,"","",""
IXA,"","",""
IXJ,"","",""
JNB,"","",""
KHG,"","",""
MKW,"","",""
MQP,"","",""
MWZ,"","",""
NKG,"","",""
PMW,"","",""
PNH,"","",""
PPT,"","",""
REN,"","",""
SCL,"","",""
SCY,"","",""
SJO,"","",""
SNA,"","",""
SUB,"","",""
SWA,"","",""
TIM,"","",""
TSN,"","",""
BER,"","",""
TYN,"","",""
UIO,"","",""
VDC,"","",""
YQG,"","",""
ZEL,"","",""
ZRH,"","",""
ALB,"","",""
AMA,"","",""
ANI,"","",""
ANV,"","",""
CWB,"","",""
HGH,"","",""
HLD,"","",""
HMV,"","",""
KGX,"","",""
MLL,"","",""
ORF,"","",""
FMY,"","",""
SAT,"","",""
TGU,"","",""
TUS,"","",""
WHK,"","",""
WTL,"","",""
YQX,"","",""
ANC,"","",""
AUK,"","",""
BGO,"","",""
BKZ,"","",""
TYO,"","",""
KUM,"","",""
LFW,"","",""
NBO,"","",""
PTP,"","",""
SXP,"","",""
BHO,"","",""
BOI,"","",""
BRA,"","",""
CSX,"","",""
DRW,"","",""
HAJ,"","",""
HYD,"","",""
IZO,"","",""
MUC,"","",""
MIL,"","",""
ROO,"","",""
SJP,"","",""
TJH,"","",""
WAW,"","",""
TWB,"","",""
YQM,"","",""
YRL,"","",""
COR,"","",""
EPA,"","",""
HOB,"","",""
LJG,"","",""
LXA,"","",""
MKE,"","",""
NUE,"","",""
SGN,"","",""
SLC,"","",""
VTE,"","",""
WWT,"","",""
BLE,"","",""
BUF,"","",""
ECP,"","",""
EVE,"","",""
HVG,"","",""
JAX,"","",""
KTN,"","",""
MEH,"","",""
NDJ,"","",""
OKC,"","",""
POS,"","",""
ROC,"","",""
OSL,"","",""
TUL,"","",""
YBX,"","",""
YHR,"","",""
YIF,"","",""
YQK,"","",""
YYC,"","",""
YZV,"","",""
ZIG,"","",""
ABE,"","",""
ABQ,"","",""
AVL,"","",""
BRU,"","",""
BVG,"","",""
SSM,"","",""
CJB,"","",""
EYW,"","",""
FAI,"","",""
FLR,"","",""
GUA,"","",""
HKG,"","",""
REK,"","",""
KKX,"","",""
LIM,"","",""
MAD,"","",""
MCT,"","",""
MEM,"","",""
MYJ,"","",""
MYR,"","",""
NCE,"","",""
DUS,"","",""
OKI,"","",""
OMM,"","",""
PBI,"","",""
PDL,"","",""
PMI,"","",""
PVD,"","",""
PVU,"","",""
RDD,"","",""
TUN,"","",""
UDR,"","",""
VEE,"","",""
YNA,"","",""
ABJ,"","",""
ABL,"","",""
AGP,"","",""
AKU,"","",""
AMD,"","",""
BBI,"","",""
BEJ,"","",""
BEY,"","",""
BHM,"","",""
BHY,"","",""
BLR,"","",""
BOM,"","",""
BTV,"","",""
BUS,"","",""
CAI,"","",""
CIF,"","",""
CLT,"","",""
CNS,"","",""
CTA,"","",""
SPK,"","",""
CTU,"","",""
CUN,"","",""
DAT,"","",""
DDG,"","",""
DIB,"","",""
DIG,"","",""
DJJ,"","",""
DLG,"","",""
DPS,"","",""
DYG,"","",""
EDI,"","",""
ENE,"","",""
ENH,"","",""
FBM,"","",""
FIH,"","",""
FSZ,"","",""
GLA,"","",""
GOI,"","",""
GSP,"","",""
HET,"","",""
HSN,"","",""
IXB,"","",""
JGN,"","",""
JIQ,"","",""
JMU,"","",""
JRO,"","",""
KDZ,"","",""
KGL,"","",""
KJI,"","",""
KOT,"","",""
KRK,"","",""
KRL,"","",""
KRY,"","",""
LIH,"","",""
LIT,"","",""
LYG,"","",""
MDC,"","",""
MDG,"","",""
MEX,"","",""
MIA,"","",""
MIG,"","",""
MKY,"","",""
MRV,"","",""
NGO,"","",""
NTG,"","",""
NZH,"","",""
ONT,"","",""
ORH,"","",""
PAT,"","",""
PHC,"","",""
PKR,"","",""
RPR,"","",""
SAV,"","",""
SBN,"","",""
SDJ,"","",""
SEU,"","",""
SLP,"","",""
SXR,"","",""
SZX,"","",""
TCZ,"","",""
TGO,"","",""
TLA,"","",""
TLN,"","",""
TNA,"","",""
TOG,"","",""
TRR,"","",""
TRV,"","",""
TRZ,"","",""
UKH,"","",""
UPG,"","",""
UYN,"","",""
VTZ,"","",""
WEH,"","",""
WMO,"","",""
WUX,"","",""
XIC,"","",""
XIL,"","",""
SIA,"","",""
YCU,"","",""
YEV,"","",""
YNJ,"","",""
YUS,"","",""
YVR,"","",""
ACV,"","",""
AGX,"","",""
ATH,"","",""
BDQ,"","",""
BVB,"","",""
CAX,"","",""
CHS,"","",""
FEZ,"","",""
HCR,"","",""
IBZ,"","",""
KEM,"","",""
KSM,"","",""
LCH,"","",""
LED,"","",""
LFT,"","",""
LPB,"","",""
LWB,"","",""
MOU,"","",""
PGD,"","",""
PQS,"","",""
PSC,"","",""
PVH,"","",""
PWM,"","",""
SHD,"","",""
SVJ,"","",""
SXM,"","",""
TRO,"","",""
VNS,"","",""
YFC,"","",""
YPX,"","",""
YSJ,"","",""
AAR,"","",""
AKN,"","",""
ARC,"","",""
BJF,"","",""
DBV,"","",""
DUB,"","",""
ELI,"","",""
FOR,"","",""
GRR,"","",""
ICT,"","",""
IMP,"","",""
IST,"","",""
KJA,"","",""
KSC,"","",""
KTB,"","",""
KUK,"","",""
KWT,"","",""
MHT,"","",""
MVY,"","",""
PNQ,"","",""
SGC,"","",""
SGF,"","",""
STM,"","",""
TLH,"","",""
TOS,"","",""
VOZ,"","",""
WSN,"","",""
YGR,"","",""
YHO,"","",""
YKU,"","",""
YMN,"","",""
YVB,"","",""
YYJ,"","",""
YYR,"","",""
AAT,"","",""
ACC,"","",""
AES,"","",""
BEL,"","",""
CFR,"","",""
CHA,"","",""
BHZ,"","",""
DLM,"","",""
DOY,"","",""
HSV,"","",""
KKN,"","",""
KZN,"","",""
LST,"","",""
MAF,"","",""
MCP,"","",""
MOB,"","",""
MRS,"","",""
SDF,"","",""
SJW,"","",""
TCG,"","",""
VDS,"","",""
YAM,"","",""
YMO,"","",""
YYB,"","",""
ANR,"","",""
AUA,"","",""
AVP,"","",""
BAH,"","",""
BLV,"","",""
CGB,"","",""
CPH,"","",""
EGO,"","",""
FCA,"","",""
FNT,"","",""
GAL,"","",""
HIJ,"","",""
HTS,"","",""
HUZ,"","",""
HZG,"","",""
IEV,"","",""
LCA,"","",""
LNL,"","",""
MID,"","",""
MLI,"","",""
RIC,"","",""
ROK,"","",""
SDQ,"","",""
SOJ,"","",""
SSG,"","",""
USA,"","",""
VPS,"","",""
FYV,"","",""
YKQ,"","",""
YNZ,"","",""
YZG,"","",""
AEX,"","",""
AGU,"","",""
ATW,"","",""
AUH,"","",""
BGR,"","",""
BJL,"","",""
BZN,"","",""
BZV,"","",""
CDV,"","",""
COU,"","",""
DAY,"","",""
DIK,"","",""
DLA,"","",""
DUR,"","",""
ELC,"","",""
FNC,"","",""
FWA,"","",""
GRW,"","",""
GUC,"","",""
BAK,"","",""
KGD,"","",""
LBB,"","",""
LEX,"","",""
MFE,"","",""
MFU,"","",""
PSG,"","",""
RIX,"","",""
SCE,"","",""
SLU,"","",""
TGD,"","",""
THE,"","",""
TLS,"","",""
VNO,"","",""
VXO,"","",""
WDH,"","",""
WRG,"","",""
YAK,"","",""
YBG,"","",""
YFB,"","",""
YIH,"","",""
YXS,"","",""
YXX,"","",""
YZY,"","",""
ACY,"","",""
AER,"","",""
AQJ,"","",""
AZO,"","",""
BGF,"","",""
BTR,"","",""
CGD,"","",""
CKY,"","",""
CLJ,"","",""
CZM,"","",""
FNA,"","",""
FSD,"","",""
GBB,"","",""
GRO,"","",""
GYU,"","",""
HSL,"","",""
HYN,"","",""
IDA,"","",""
IXI,"","",""
JHS,"","",""
JSU,"","",""
JXA,"","",""
KAL,"","",""
KUF,"","",""
LOS,"","",""
MED,"","",""
MOT,"","",""
MTJ,"","",""
MWX,"","",""
NBC,"","",""
OHE,"","",""
RAI,"","",""
RNJ,"","",""
ROA,"","",""
RUH,"","",""
SHJ,"","",""
SNN,"","",""
SYZ,"","",""
TKN,"","",""
TLL,"","",""
TZX,"","",""
YFA,"","",""
YIW,"","",""
YTS,"","",""
ACX,"","",""
AKV,"","",""
ANU,"","",""
AOK,"","",""
AQG,"","",""
ATQ,"","",""
BAX,"","",""
BDJ,"","",""
BDO,"","",""
BHI,"","",""
BHX,"","",""
BIK,"","",""
BJX,"","",""
BLI,"","",""
BPN,"","",""
BPX,"","",""
BRC,"","",""
BSB,"","",""
BSD,"","",""
BTH,"","",""
BWA,"","",""
BWN,"","",""
CAE,"","",""
CAK,"","",""
CBR,"","",""
CCJ,"","",""
CEB,"","",""
CEC,"","",""
CGR,"","",""
CHC,"","",""
CHG,"","",""
CIH,"","",""
CIK,"","",""
CJS,"","",""
CLL,"","",""
CLO,"","",""
CNQ,"","",""
COO,"","",""
CRD,"","",""
CRW,"","",""
CSY,"","",""
CTG,"","",""
CUK,"","",""
CUL,"","",""
CXF,"","",""
NHA,"","",""
CZS,"","",""
CZX,"","",""
DAC,"","",""
DED,"","",""
DIW,"","",""
DLU,"","",""
DMU,"","",""
DNH,"","",""
DRO,"","",""
DTM,"","",""
NQT,"","",""
EMR,"","",""
ENY,"","",""
EUG,"","",""
EVV,"","",""
FAU,"","",""
FAY,"","",""
FRS,"","",""
GDE,"","",""
GDL,"","",""
GOQ,"","",""
GPT,"","",""
GRQ,"","",""
GSO,"","",""
GST,"","",""
GTO,"","",""
GUM,"","",""
GYE,"","",""
HAV,"","",""
HDG,"","",""
HDN,"","",""
HFE,"","",""
HMI,"","",""
HNM,"","",""
HOM,"","",""
HRE,"","",""
HRI,"","",""
IKT,"","",""
IMF,"","",""
IOM,"","",""
IXE,"","",""
IXL,"","",""
IXM,"","",""
IXR,"","",""
IXS,"","",""
IXZ,"","",""
JAC,"","",""
JAI,"","",""
JDH,"","",""
JGD,"","",""
JLR,"","",""
JOG,"","",""
JRH,"","",""
JUB,"","",""
KEJ,"","",""
KHN,"","",""
KIJ,"","",""
KIN,"","",""
KIV,"","",""
KLF,"","",""
KOE,"","",""
KRS,"","",""
KTW,"","",""
KWK,"","",""
LGB,"","",""
LNJ,"","",""
LOP,"","",""
LRD,"","",""
LUM,"","",""
LUW,"","",""
LVI,"","",""
LYI,"","",""
LZH,"","",""
LZY,"","",""
HAR,"","",""
MDZ,"","",""
MFM,"","",""
MGQ,"","",""
MKK,"","",""
MLA,"","",""
MLE,"","",""
MLM,"","",""
MMY,"","",""
MNL,"","",""
MRE,"","",""
MSO,"","",""
MUE,"","",""
NAG,"","",""
NAO,"","",""
NLA,"","",""
NQN,"","",""
OGL,"","",""
PTY,"","",""
PDG,"","",""
PER,"","",""
PIA,"","",""
PKN,"","",""
PKU,"","",""
PKY,"","",""
PLM,"","",""
PLW,"","",""
PNK,"","",""
POZ,"","",""
PPS,"","",""
PSS,"","",""
RAP,"","",""
RGN,"","",""
RJA,"","",""
RLK,"","",""
RMQ,"","",""
SHX,"","",""
SIP,"","",""
SKB,"","",""
SLA,"","",""
SOC,"","",""
SOQ,"","",""
SRG,"","",""
STV,"","",""
SVG,"","",""
SVX,"","",""
SYM,"","",""
SYR,"","",""
SZK,"","",""
TAE,"","",""
TIR,"","",""
TJM,"","",""
TJQ,"","",""
TKG,"","",""
TMH,"","",""
TPE,"","",""
TPS,"","",""
TRK,"","",""
TUC,"","",""
TVC,"","",""
TXN,"","",""
ULX,"","",""
VAR,"","",""
VER,"","",""
VGA,"","",""
VOG,"","",""
VSA,"","",""
SRZ,"","",""
WNH,"","",""
WRO,"","",""
WUA,"","",""
WXN,"","",""
XFN,"","",""
YGW,"","",""
YIK,"","",""
YKG,"","",""
YKS,"","",""
YOC,"","",""
YOL,"","",""
YPH,"","",""
YQC,"","",""
YTQ,"","",""
YUD,"","",""
YVP,"","",""
YWB,"","",""
YXC,"","",""
YXY,"","",""
ZHA,"","",""
ZHY,"","",""
ZRI,"","",""
ABZ,"","",""
AEB,"","",""
AHO,"","",""
ALF,"","",""
BFS,"","",""
BIL,"","",""
BIO,"","",""
BOD,"","",""
BRS,"","",""
CAP,"","",""
CCS,"","",""
CDB,"","",""
CEG,"","",""
CGN,"","",""
CHU,"","",""
CID,"","",""
CKD,"","",""
DZA,"","",""
EEK,"","",""
FAR,"","",""
GRB,"","",""
HAA,"","",""
HER,"","",""
HGN,"","",""
HPN,"","",""
HRK,"","",""
HTA,"","",""
IGG,"","",""
INV,"","",""
IXC,"","",""
IZA,"","",""
JAN,"","",""
JAV,"","",""
JUZ,"","",""
KBV,"","",""
KCL,"","",""
KPV,"","",""
KSJ,"","",""
KUN,"","",""
LAN,"","",""
LEI,"","",""
LJU,"","",""
LNK,"","",""
LWO,"","",""
MAH,"","",""
MDE,"","",""
MDL,"","",""
MFR,"","",""
MGM,"","",""
MIR,"","",""
MKL,"","",""
MLW,"","",""
MTY,"","",""
MYU,"","",""
NDG,"","",""
NLG,"","",""
NWA,"","",""
OAJ,"","",""
OOL,"","",""
OPO,"","",""
OVS,"","",""
PAS,"","",""
PBG,"","",""
PBU,"","",""
PIP,"","",""
PSA,"","",""
PSP,"","",""
PUJ,"","",""
RDM,"","",""
RGS,"","",""
RHO,"","",""
RMF,"","",""
RST,"","",""
RTM,"","",""
RZH,"","",""
SBA,"","",""
SHV,"","",""
SJJ,"","",""
SKG,"","",""
SKP,"","",""
SPN,"","",""
SRQ,"","",""
STX,"","",""
TAM,"","",""
TEZ,"","",""
TNC,"","",""
TRI,"","",""
VAW,"","",""
VIE,"","",""
VRN,"","",""
VVO,"","",""
WAA,"","",""
XRY,"","",""
YAT,"","",""
YDP,"","",""
YHY,"","",""
YLW,"","",""
YOJ,"","",""
YQR,"","",""
YRG,"","",""
YSM,"","",""
YSO,"","",""
YVO,"","",""
YVQ,"","",""
YZF,"","",""
ZAT,"","",""
ZKE,"","",""
ZTH,"","",""
ZUM,"","",""
ABS,"","",""
AHB,"","",""
ALC,"","",""
AMM,"","",""
ANX,"","",""
AOI,"","",""
ASP,"","",""
BEB,"","",""
BLQ,"","",""
CEM,"","",""
CFU,"","",""
CHO,"","",""
CHQ,"","",""
CIY,"","",""
CVU,"","",""
AUW,"","",""
DCY,"","",""
DMD,"","",""
DSA,"","",""
FRO,"","",""
GCT,"","",""
GOA,"","",""
ILE,"","",""
IAG,"","",""
IGR,"","",""
ISA,"","",""
JUJ,"","",""
KBC,"","",""
KOW,"","",""
KRR,"","",""
KSU,"","",""
KTR,"","",""
LDB,"","",""
MAN,"","",""
MAO,"","",""
MBX,"","",""
MCX,"","",""
MJZ,"","",""
MLY,"","",""
MRY,"","",""
NTN,"","",""
NUL,"","",""
ONG,"","",""
OVB,"","",""
PBC,"","",""
PBH,"","",""
PBM,"","",""
PGF,"","",""
PMO,"","",""
PNI,"","",""
PUF,"","",""
QOW,"","",""
RNM,"","",""
ROV,"","",""
RVK,"","",""
SBZ,"","",""
SON,"","",""
TCA,"","",""
THR,"","",""
TSV,"","",""
TUU,"","",""
VRA,"","",""
YBC,"","",""
YCK,"","",""
YHD,"","",""
YKL,"","",""
YNO,"","",""
YUX,"","",""
YWL,"","",""
YYY,"","",""
ZKG,"","",""
ZLT,"","",""
ZNZ,"","",""
ZTB,"","",""
ABV,"","",""
ALG,"","",""
ASF,"","",""
BIM,"","",""
BIQ,"","",""
BMI,"","",""
BOG,"","",""
BOH,"","",""
BOJ,"","",""
BPC,"","",""
BPE,"","",""
BRI,"","",""
BRN,"","",""
EAP,"","",""
CAG,"","",""
CAY,"","",""
COS,"","",""
CPV,"","",""
DIR,"","",""
DRS,"","",""
DVO,"","",""
EFL,"","",""
ETL,"","",""
EVN,"","",""
FMM,"","",""
FSC,"","",""
GCM,"","",""
GDN,"","",""
GJT,"","",""
GND,"","",""
GWT,"","",""
GZP,"","",""
HGR,"","",""
HHQ,"","",""
HJJ,"","",""
IFO,"","",""
IPH,"","",""
IQN,"","",""
JED,"","",""
JGS,"","",""
JMK,"","",""
JNG,"","",""
JNZ,"","",""
JOI,"","",""
KCC,"","",""
KER,"","",""
KUT,"","",""
LCG,"","",""
LLV,"","",""
LPK,"","",""
LYA,"","",""
MAJ,"","",""
MDQ,"","",""
MHG,"","",""
MJV,"","",""
MLU,"","",""
MPL,"","",""
MPM,"","",""
MPN,"","",""
MRU,"","",""
MSQ,"","",""
MTV,"","",""
MXZ,"","",""
NAJ,"","",""
NAP,"","",""
NNY,"","",""
NTE,"","",""
OAX,"","",""
BUH,"","",""
OVD,"","",""
OWB,"","",""
PFO,"","",""
POM,"","",""
PZI,"","",""
RBR,"","",""
REL,"","",""
REP,"","",""
RIB,"","",""
RJK,"","",""
SCU,"","",""
SDE,"","",""
SFA,"","",""
SJD,"","",""
SKN,"","",""
SLD,"","",""
SMA,"","",""
SMX,"","",""
SPU,"","",""
TAL,"","",""
TBS,"","",""
TBZ,"","",""
TEN,"","",""
TIA,"","",""
TIV,"","",""
TKK,"","",""
TOE,"","",""
TOL,"","",""
UAK,"","",""
VAI,"","",""
VFA,"","",""
VLC,"","",""
VXC,"","",""
WEF,"","",""
WWP,"","",""
YCD,"","",""
YIO,"","",""
YNC,"","",""
YRT,"","",""
YTY,"","",""
ZAD,"","",""
ZEM,"","",""
IZM,"","",""
ADL,"","",""
ADQ,"","",""
AGA,"","",""
AJA,"","",""
AJL,"","",""
ALA,"","",""
APL,"","",""
ARH,"","",""
AWZ,"","",""
BCM,"","",""
BDH,"","",""
BDS,"","",""
BEG,"","",""
BEN,"","",""
BGI,"","",""
BGW,"","",""
BIA,"","",""
BKM,"","",""
BKO,"","",""
BLL,"","",""
BME,"","",""
BQN,"","",""
BRE,"","",""
BRO,"","",""
BSR,"","",""
BTT,"","",""
BVC,"","",""
BZR,"","",""
CBB,"","",""
CCP,"","",""
CCV,"","",""
CEI,"","",""
CEK,"","",""
CJJ,"","",""
CLY,"","",""
CND,"","",""
CRK,"","",""
CSK,"","",""
DAD,"","",""
DAX,"","",""
DEM,"","",""
DJE,"","",""
DKS,"","",""
DNR,"","",""
EBA,"","",""
EIN,"","",""
FAO,"","",""
FKB,"","",""
FKI,"","",""
FPO,"","",""
GME,"","",""
GOT,"","",""
GRS,"","",""
GYA,"","",""
YVA,"","",""
ALY,"","",""
HGD,"","",""
HJR,"","",""
HLH,"","",""
HTG,"","",""
HTY,"","",""
HUE,"","",""
IAS,"","",""
ILI,"","",""
IQQ,"","",""
IXP,"","",""
JCK,"","",""
JIK,"","",""
JKH,"","",""
JSI,"","",""
JTR,"","",""
KCA,"","",""
KGS,"","",""
KHV,"","",""
KMY,"","",""
KNG,"","",""
KOK,"","",""
KOY,"","",""
KPB,"","",""
KRT,"","",""
KSA,"","",""
KSR,"","",""
KWA,"","",""
KYK,"","",""
KYU,"","",""
LCX,"","",""
LEJ,"","",""
LIG,"","",""
LLF,"","",""
LPL,"","",""
LSZ,"","",""
LXS,"","",""
MHD,"","",""
MIS,"","",""
MJM,"","",""
MJT,"","",""
MMK,"","",""
MSW,"","",""
MVR,"","",""
MYY,"","",""
MZR,"","",""
NAN,"","",""
NAS,"","",""
NBE,"","",""
NNL,"","",""
NOC,"","",""
NOS,"","",""
NTL,"","",""
NUS,"","",""
OMR,"","",""
OMS,"","",""
ORK,"","",""
OST,"","",""
OUD,"","",""
PAP,"","",""
PDB,"","",""
PEE,"","",""
PEI,"","",""
PEN,"","",""
PIS,"","",""
PNR,"","",""
PUK,"","",""
PUY,"","",""
PVK,"","",""
PZU,"","",""
RBY,"","",""
RCM,"","",""
RDV,"","",""
REA,"","",""
REU,"","",""
RZE,"","",""
SAP,"","",""
SDR,"","",""
SEZ,"","",""
SID,"","",""
SOF,"","",""
SOU,"","",""
SPI,"","",""
STC,"","",""
SUF,"","",""
SVQ,"","",""
TAB,"","",""
TBW,"","",""
TGZ,"","",""
TIF,"","",""
TIJ,"","",""
TIP,"","",""
TLV,"","",""
TNR,"","",""
TOH,"","",""
TSE,"","",""
TSR,"","",""
TUF,"","",""
UBP,"","",""
ULN,"","",""
UME,"","",""
USH,"","",""
UTH,"","",""
YBP,"","",""
YCB,"","",""
YJT,"","",""
YKA,"","",""
YMM,"","",""
YMT,"","",""
YNS,"","",""
ZAZ,"","",""
AAE,"","",""
AAQ,"","",""
ABX,"","",""
AJU,"","",""
AMQ,"","",""
ANE,"","",""
AOS,"","",""
ASM,"","",""
ASR,"","",""
AUR,"","",""
AXD,"","",""
BAS,"","",""
BEU,"","",""
BIS,"","",""
BOO,"","",""
BQL,"","",""
BQS,"","",""
BRW,"","",""
BUC,"","",""
BVE,"","",""
BVI,"","",""
BWK,"","",""
BZG,"","",""
CCC,"","",""
CCF,"","",""
CFE,"","",""
CKB,"","",""
CKS,"","",""
CMA,"","",""
CUF,"","",""
CUR,"","",""
CUZ,"","",""
CZL,"","",""
CZN,"","",""
DCM,"","",""
DMM,"","",""
DYR,"","",""
EGC,"","",""
ELQ,"","",""
ANK,"","",""
ESU,"","",""
ETZ,"","",""
EYK,"","",""
FIE,"","",""
FKS,"","",""
GCN,"","",""
FMO,"","",""
GCI,"","",""
GFK,"","",""
GIB,"","",""
GPA,"","",""
GRI,"","",""
GRV,"","",""
GTF,"","",""
GUW,"","",""
HAU,"","",""
HDF,"","",""
HEA,"","",""
HGA,"","",""
HIR,"","",""
HNA,"","",""
HOG,"","",""
IAR,"","",""
IFN,"","",""
IGU,"","",""
ISB,"","",""
JPA,"","",""
KDH,"","",""
KGT,"","",""
KIR,"","",""
KIT,"","",""
KKB,"","",""
KKJ,"","",""
KLM,"","",""
KLV,"","",""
KLX,"","",""
KOI,"","",""
KOS,"","",""
KPY,"","",""
KVA,"","",""
KVK,"","",""
KWI,"","",""
LAP,"","",""
LBA,"","",""
LBP,"","",""
LDE,"","",""
LGG,"","",""
LHE,"","",""
LIL,"","",""
LNZ,"","",""
LPA,"","",""
LPP,"","",""
LRE,"","",""
LTO,"","",""
LUN,"","",""
LWN,"","",""
MCZ,"","",""
MOA,"","",""
MOG,"","",""
MQF,"","",""
MST,"","",""
MUH,"","",""
MXV,"","",""
NCL,"","",""
NKC,"","",""
NQY,"","",""
NUX,"","",""
NVT,"","",""
NWI,"","",""
NYM,"","",""
NYT,"","",""
ODS,"","",""
OGD,"","",""
OLB,"","",""
ORB,"","",""
OSR,"","",""
OUA,"","",""
OZH,"","",""
PED,"","",""
PEG,"","",""
PEW,"","",""
PFQ,"","",""
PHO,"","",""
PLQ,"","",""
PLS,"","",""
PNL,"","",""
POA,"","",""
POP,"","",""
PRN,"","",""
PSR,"","",""
PUS,"","",""
PWQ,"","",""
PXO,"","",""
RAK,"","",""
RBA,"","",""
RLG,"","",""
RMI,"","",""
RMT,"","",""
RVV,"","",""
SCW,"","",""
SGO,"","",""
SLL,"","",""
SLZ,"","",""
SNU,"","",""
SSH,"","",""
SVI,"","",""
SXB,"","",""
SYB,"","",""
SYY,"","",""
SZF,"","",""
SZZ,"","",""
TAT,"","",""
TLM,"","",""
TMP,"","",""
TMR,"","",""
TNG,"","",""
TOF,"","",""
TOY,"","",""
TRC,"","",""
TRN,"","",""
TRS,"","",""
TRW,"","",""
UIP,"","",""
ULG,"","",""
ULK,"","",""
ULP,"","",""
USK,"","",""
UUS,"","",""
VGO,"","",""
VLI,"","",""
VOL,"","",""
VRB,"","",""
VTB,"","",""
WGA,"","",""
WNR,"","",""
XCH,"","",""
XTG,"","",""
YBB,"","",""
YHI,"","",""
YPO,"","",""
YXE,"","",""
AAL,"","",""
ACE,"","",""
ADA,"","",""
AEM,"","",""
AGH,"","",""
ASI,"","",""
ASJ,"","",""
ASU,"","",""
ASW,"","",""
AXR,"","",""
AZR,"","",""
BES,"","",""
BHK,"","",""
BJM,"","",""
BLJ,"","",""
BMO,"","",""
BND,"","",""
BON,"","",""
BRQ,"","",""
BSA,"","",""
CEE,"","",""
CHY,"","",""
DEB,"","",""
DIY,"","",""
DNZ,"","",""
DOD,"","",""
DOL,"","",""
DUD,"","",""
DYU,"","",""
EBL,"","",""
EDN,"","",""
ELU,"","",""
ERF,"","",""
FAE,"","",""
FAV,"","",""
FDH,"","",""
FEG,"","",""
FUE,"","",""
GDX,"","",""
GDZ,"","",""
GEO,"","",""
GLK,"","",""
GNY,"","",""
GOH,"","",""
GZT,"","",""
HKN,"","",""
HMA,"","",""
HRG,"","",""
IAM,"","",""
IJK,"","",""
INN,"","",""
INU,"","",""
JEG,"","",""
JER,"","",""
JIB,"","",""
JSH,"","",""
JYV,"","",""
KBL,"","",""
KCM,"","",""
KGE,"","",""
KHI,"","",""
KIE,"","",""
KRB,"","",""
KRP,"","",""
KUO,"","",""
KYA,"","",""
LCJ,"","",""
LFP,"","",""
LLK,"","",""
LMP,"","",""
LPM,"","",""
SDZ,"","",""
MBJ,"","",""
MDU,"","",""
MGA,"","",""
MKP,"","",""
MYW,"","",""
NAQ,"","",""
NAT,"","",""
NCU,"","",""
NGQ,"","",""
NJC,"","",""
NJF,"","",""
NLT,"","",""
NNM,"","",""
NRL,"","",""
YAO,"","",""
OHD,"","",""
ORN,"","",""
OUL,"","",""
PBJ,"","",""
PKC,"","",""
PKV,"","",""
PLX,"","",""
PPL,"","",""
QRO,"","",""
RGL,"","",""
RNS,"","",""
ROS,"","",""
RUR,"","",""
SCN,"","",""
SFT,"","",""
SGD,"","",""
SIR,"","",""
SKD,"","",""
SMI,"","",""
SVD,"","",""
SVL,"","",""
SWJ,"","",""
SZG,"","",""
TAS,"","",""
TIZ,"","",""
TJU,"","",""
TKP,"","",""
TKQ,"","",""
TKX,"","",""
TRD,"","",""
UGC,"","",""
UII,"","",""
UKK,"","",""
ULB,"","",""
ULO,"","",""
URS,"","",""
VIX,"","",""
VXE,"","",""
YAY,"","",""
YCO,"","",""
YCY,"","",""
YEI,"","",""
YHK,"","",""
YPJ,"","",""
YPY,"","",""
YRB,"","",""
YSK,"","",""
YYH,"","",""
ZAH,"","",""
ZSA,"","",""
ZTA,"","",""
RUP,"","",""
OFI,"","",""
ONL,"","",""
GTP,"","",""
GTS,"","",""
BUL,"","",""
ASA,"","",""
WBB,"","",""
ELV,"","",""
TKE,"","",""
NUP,"","",""
PTU,"","",""
KTS,"","",""
OBU,"","",""
VAK,"","",""
DVL,"","",""
RSH,"","",""
ITH,"","",""
SIT,"","",""
OKA,"","",""
KCT,"","",""
TTA,"","",""
TWA,"","",""
BHR,"","",""
YDF,"","",""
FYU,"","",""
SAF,"","",""
TLT,"","",""
ATT,"","",""
LPQ,"","",""
KNS,"","",""
YAG,"","",""
BDA,"","",""
SNR,"","",""
HUS,"","",""
WBQ,"","",""
CYF,"","",""
BLZ,"","",""
ACU,"","",""
BTJ,"","",""
YAA,"","",""
PTH,"","",""
SLQ,"","",""
ERI,"","",""
PML,"","",""
KLL,"","",""
GNV,"","",""
SIC,"","",""
STG,"","",""
MRZ,"","",""
RTB,"","",""
BTI,"","",""
IRC,"","",""
MNT,"","",""
SOG,"","",""
LBV,"","",""
ENU,"","",""
YWJ,"","",""
ZFN,"","",""
ELH,"","",""
ALZ,"","",""
SRV,"","",""
AGR,"","",""
PTA,"","",""
DOP,"","",""
PPV,"","",""
MPP,"","",""
THL,"","",""
MWF,"","",""
HOI,"","",""
KVX,"","",""
KPR,"","",""
KWP,"","",""
KZB,"","",""
CTL,"","",""
OZZ,"","",""
MJD,"","",""
KAN,"","",""
KCZ,"","",""
NOJ,"","",""
ZYL,"","",""
STT,"","",""
LUR,"","",""
JQE,"","",""
KHM,"","",""
TUB,"","",""
FLN,"","",""
MNC,"","",""
XMH,"","",""
JOE,"","",""
ASE,"","",""
CMI,"","",""
SUV,"","",""
EGM,"","",""
TBO,"","",""
NPL,"","",""
PKP,"","",""
ECN,"","",""
KVG,"","",""
ERH,"","",""
EUN,"","",""
MLX,"","",""
LNV,"","",""
GRZ,"","",""
AOE,"","",""
AAA,"","",""
HVD,"","",""
SOY,"","",""
PVR,"","",""
TMS,"","",""
KTM,"","",""
KKR,"","",""
UHE,"","",""
AHE,"","",""
ROW,"","",""
YCL,"","",""
OXB,"","",""
