carcode,carname,ctrycode,carrier,us_state,caricao
0B,BLUE AIR,RO,0B,,BMS
0J,PREMIUM JET AG,CH,0J,,PJZ
0V,VIETNAM AIR SERVICE COMPANY,VN,0V,,VFC
1I,NETJETS AVIATION, INC.,US,1I,OH,
1X,BRANSON AIREXPRESS,US,1X,MT,
2A,DEUTSCHE BAHN AG,DE,2A,,
2B,ALBAWINGS,AL,2B,,AWT
2C,SNCF,FR,2C,,GYR
2D,DYNAMIC INTERNATIONAL AIRWAYS,US,2D,NC,DYA
2E,SMOKEY BAY AIR,US,2E,AK,
2F,FAIR AVIATION (PTY) LTD,ZA,2F,,FAV
2G,ANGARA AIRLINES,RU,2G,,AGU
2I,STAR PERU,PE,2I,,SRU
2J,AIR BURKINA,BF,2J,,VBW
2K,AEROGAL,EC,2K,,GLG
2L,HELVETIC AIRWAYS,CH,2L,,OAW
2M,MAYA ISLAND AIR,BZ,2M,,MYD
2N,NEXTJET,SE,2N,,NTJ
2O,ISLAND AIR SERVICE,US,2O,AK,
2P,PAL EXPRESS,PH,2P,,GAP
2Q,AIR CARGO CARRIERS,US,2Q,WI,SNC
2R,VIA RAIL CANADA,CA,2R,QC,
2S,AIR CARNIVAL,IN,2S,,
2U,SUN D'OR INTERNATIONAL AIRLINES,IL,2U,,ERO
2V,AMTRAK,US,2V,DC,
2Y,MY INDO AIRLINES, PT,ID,2Y,,MYU
2Z,PASSAREDO,BR,2Z,SP,PTB
3A,CHU KONG PASSENGER TRANSPORT CO LTD.,HK,3A,,
3B,BINTER CABO VERDE,CV,3B,,NTB
3E,MULTI-AERO, INC. D/B/A AIR CHOICE ONE,US,3E,MO,WBR
3F,PACIFIC AIRWAYS INC,US,3F,AK,
3G,ASIA CARGO EXPRESS,MY,3G,,
3H,AIR INUIT,CA,3H,QC,AIE
3J,JUBBA AIRWAYS LTD,KE,3J,,JBW
3K,JETSTAR ASIA,SG,3K,,JSA
3M,SILVER AIRWAYS LLC,US,3M,FL,SIL
3N,AIR URGA,UA,3N,,URG
3O,AIR ARABIA MAROC,MA,3O,,MAC
3P,AIR PHILIP,KR,3P,,
3R,AVIOR REGIONAL,VE,3R,,RGR
3S,AIR ANTILLES,GF,3S,,GUY
3T,TARCO AIR,SD,3T,,TRQ
3U,SICHUAN AIRLINES,CN,3U,,CSC
3V,ASL AIRLINES BELGIUM,BE,3V,,TAY
3W,MALAWIAN AIRLINES,MW,3W,,MWI
3X,PREMIER TRANS AIRE,US,3X,HI,
3Y,BASEOPS INTERNATIONAL, INC.,US,3Y,TX,XBO
3Z,TRAVEL SERVICE POLSKA,PL,3Z,,TVP
4A,AERODYNAMICS, INC,US,4A,OH,
4B,BOUTIQUE AIR,US,4B,CA,BTQ
4C,LATAM AIRLINES COLOMBIA,CO,4C,,ARE
4D,AIR SINAI,EG,4D,,ASD
4E,STABO AIR,ZM,4E,,SBO
4G,GAZPROMAVIA,RU,4G,,GZP
4I,IZAIR,TR,4I,,IZM
4K,KENN BOREK AIR,CA,4K,AB,KBA
4L,LINEAS AEREAS SURAMERICANAS,CO,4L,,LAU
4M,LATAM AIRLINES ARGENTINA,AR,4M,BA,DSM
4N,AIR NORTH,CA,4N,YT,ANT
4O,INTERJET,MX,4O,,AIJ
4Q,SAFI AIRWAYS,AF,4Q,,SFW
4R,RENFE VIAJEROS,ES,4R,,
4S,SOLAR CARGO,VE,4S,,OLC
4U,GERMANWINGS,DE,4U,,GWI
4V,BVI AIRWAYS,VG,4V,,
4W,WARBELOW'S AIR VENTURES INC.,US,4W,AK,WAV
4X,MERCURY WORLD CARGO,US,4X,CA,
4Z,SOUTH AFRICAN AIRLINK,ZA,4Z,,LNK
5A,ALPINE AVIATION INC.,US,5A,UT,AIP
5B,BASSAKA AIR,KH,5B,,BSX
5C,NATUREAIR,CR,5C,,NRR
5D,AEROMEXICO CONNECT,MX,5D,,SLI
5E,EAST COAST FLIGHT SERVICES, INC,US,5E,MD,
5F,FLY ONE,MD,5F,,FIA
5G,AEROCUAHONTE SA DE CV,MX,5G,,CUO
5H,FIVE FORTY AVIATION,KE,5H,,FFV
5I,ALSA GRUPO SLU,ES,5I,,
5J,CEBU PACIFIC AIR,PH,5J,,CEB
5K,HI FLY TRANSPORTES AEREOS,PT,5K,,HFY
5M,FLYMONTSERRAT,MS,5M,,MNT
5N,NORDAVIA - REGIONAL AIRLINES,RU,5N,,AUL
5O,ASL AIRLINES FRANCE,FR,5O,,FPO
5P,SMALL PLANET AIRLINES GMBH,DE,5P,,
5R,RUTACA,VE,5R,,RUC
5S,GLOBAL AVIATION AND SERVICE GROUP,LY,5S,,GAK
5T,CANADIAN NORTH,CA,5T,NT,MPE
5U,TAG AIRLINES (T A GUATEMALTECOS),GT,5U,,TGU
5V,EVERTS AIR,US,5V,AK,VTS
5W,WESTBAHN,AT,5W,,
5X,UNITED PARCEL SERVICE CO.,US,5X,KY,UPS
5Y,ATLAS AIR,US,5Y,NY,GTI
5Z,CEMAIR,ZA,5Z,,KEM
6A,ARMENIA AIRWAYS CJSC,AM,6A,,AMW
6C,AIR TIMOR S. A.,TL,6C,,
6D,TRAVEL SERVICE SLOVENSKO S.R.O,SK,6D,,TVQ
6E,INDIGO,IN,6E,,IGO
6F,PRIMERA AIR NORDIC,LV,6F,,PRI
6G,EXECUTIVE EXPRESS AVIATION LLC,US,6G,FL,LTD
6H,ISRAIR,IL,6H,,ISR
6I,AIR ALSIE,DK,6I,,MMD
6J,SOLASEED,JP,6J,,SNJ
6L,AKLAK AIR,CA,6L,NT,
6N,NIGER AIRLINES,NE,6N,,NIN
6O,ORBEST,PT,6O,,OBS
6Q,CHAM WINGS AIRLINES,SY,6Q,,SAW
6R,ALROSA AIR COMPANY,RU,6R,,DRU
6S,SAUDI GULF AIRLINES,SA,6S,,SGQ
6T,AIR MANDALAY LTD,MM,6T,,AMY
6V,AVANZA,ES,6V,,
6W,SARATOV AIRLINES,RU,6W,,SOV
6Y,SMARTLYNX AIRLINES LTD,LV,6Y,,ART
6Z,EURO-ASIA AIR,KZ,6Z,,EAK
73A,ALLIANCE AIRLINES INC,US,73A,IL,
73S,AEROLOGIC GMBH,DE,73S,,BOX
74W,ALLIED AIR CARGO,NG,74W,,AJK
75C,C.A.L. CARGO AIRLINES,IL,75C,,ICL
76R,AEROUNION,MX,76R,,TNO
77C,COYNE AIRWAYS,GB,77C,,COY
78F,PT CARDIG AIR,ID,78F,,
78V,ASTRAL AVIATION,KE,78V,,ACP
7A,EXPRESS AIR CARGO,TN,7A,,XRC
7C,JEJU AIRLINES,KR,7C,,JJA
7C8,CARGOLUX ITALIA S.P.A.,IT,7C8,,ICV
7E,SYLT AIR,DE,7E,,AWU
70000000,ESTAFETA CARGA AEREA,MX,70000000,,ESF
7F,FIRST AIR,CA,7F,ON,FAB
7G,STAR FLYER,JP,7G,,SFJ
7H,CORVUS AIRLINES,US,7H,AK,RVF
7I,INSEL AIR,CW,7I,,INC
7J,TAJIK AIR,TJ,7J,,TJK
7K3,SAC (K) LIMITED,KE,7K3,,SAQ
7KO,ALASKA CENTRAL EXPRESS INC,US,7KO,AK,AER
7L,SILK WAY WEST AIRLINES,AZ,7L,,AZG
7M,MAYAIR, S.A. DE C.V.,MX,7M,,MYI
7N,PAWA DOMINICANA,DO,7N,,PWD
7O,TRAVEL SERVICE HUNGARY,HU,7O,,TVL
7P,AIR PANAMA,PA,7P,,PST
7P9,ASIA PACIFIC AIRLINES,GU,7P9,,
7PE,PACIFIC AIR EXPRESS,SB,7PE,,PAQ
7Q,ELITE AIRWAYS,US,7Q,ME,MNU
7R,JOINT STOCK AVIATION COMPANY RUSLINE,RU,7R,,RLU
7S,RYAN AIR,US,7S,AK,RYA
7T,TRANS AM AERO EXP. DEL ECUADOR CIA.LTDA,EC,7T,,RTM
7U,COMMERCIAL AVIATION SERVICES, LLC,US,7U,PA,CMS
7V,FEDERAL AIRLINES (PTY) LTD,ZA,7V,,FDR
7V4,VENSECAR INTERNACIONAL, C.A.,VE,7V4,,VEC
7W,WIND ROSE AVIATION,UA,7W,,WRC
7WE,CENTURION AIR CARGO,US,7WE,FL,CWC
7Y,MANN YADANARPON AIRLINES,MM,7Y,,MYP
7YH,SUNSPLASH AVIATION LLC,US,7YH,FL,
7Z,AMERISTAR AIR CARGO, INC,US,7Z,TX,
7ZP,SILK WAY AIRLINES,AZ,7ZP,,AZQ
8B,TRANSNUSA,ID,8B,,TNU
8C,COTAI FERRY COMPANY,HK,8C,,
8D,FITS AVIATION (PVT) LTD,LK,8D,,EXV
8E,BERING AIR,US,8E,AK,BRG
8F,STP AIRWAYS,ST,8F,,STP
8G,FLY MID AFRICA,GM,8G,,MFG
8H,BH AIR LTD,BG,8H,,BGH
8J,ECOJET,BO,8J,,ECO
8K,K-MILE AIR CO,TH,8K,,KMI
8L,LUCKY AIR CO. LTD.,CN,8L,,LKE
8M,MYANMAR AIRWAYS INTERNATIONAL,MM,8M,,MMA
8N,REGIONAL AIR SERVICES,TZ,8N,,REG
8P,PACIFIC COASTAL AIRLINES LIMITED,CA,8P,BC,PCO
8Q,ONUR AIR TASIMACILIK A.S.,TR,8Q,,OHY
8S,TURBOJET,HK,8S,,
8T,AIR TINDI LTD,CA,8T,NT,
8U,AFRIQIYAH AIRWAYS,LY,8U,,AAW
8V,WRIGHT AIR SERVICE,US,8V,AK,WRF
8W,FLY ALWAYS N.V.,SR,8W,,EDR
8Y,ASTRO AIR INT DBA PAN PACIFIC AIRLINES,PH,8Y,,AAV
8Z,CONGO AIRWAYS,CD,8Z,,CGA
9A,EAGLEXPRESS AIR CHARTER,MY,9A,,
9B,ACCESRAIL INC.,CA,9B,QC,
9C,SPRING AIRLINES,CN,9C,,CQH
9E,ENDEAVOR AIR,US,9E,TN,FLG
9F,EUROSTAR INTERNATIONAL,GB,9F,,
9G,AIRPORT EXPRESS RAIL,GB,9G,,
9H,CHANGAN AIRLINES,CN,9H,,XIY
9I,ALLIANCE AIR,IN,9I,,LLR
9J,DANA AIR,NG,9J,,DAN
9K,CAPE AIR,US,9K,MA,KAP
9L,AIRTANKER SERVICES LIMITED,GB,9L,,TOW
9M,CENTRAL MOUNTAIN AIR LTD.,CA,9M,BC,GLR
9N,TROPIC AIR,BZ,9N,,TOS
9P,AIR ARABIA JORDAN,JO,9P,,PTR
9Q,CAICOS EXPRESS AIRWAYS,TC,9Q,,CXE
9R,SATENA,CO,9R,,NSE
9S,SOUTHERN AIR INC.,US,9S,KY,SOO
9T,ACT AIRLINES INC,TR,9T,,
9U,AIR MOLDOVA,MD,9U,,MLD
9V,AVIOR AIRLINES,VE,9V,,ROI
9W,JET AIRWAYS,IN,9W,,JAI
9X,SOUTHERN AIRWAYS EXPRESS,US,9X,FL,FDY
A0,AVIAN LINEAS AEREAS - AVIANCA ARGENTINA,AR,A0,BA,
A2,ASTRA AIRLINES,GR,A2,,AZI
A3,AEGEAN AIRLINES,GR,A3,,AEE
A4,AZIMUTH AIRLINES,RU,A4,,
A5,HOP!,FR,A5,,HOP
A6,YUNNAN HONG TU AIRLINES CO. LTD.,CN,A6,,HTU
A7,CALAFIA AIRLINES,MX,A7,,CFV
A8,AEROLINK UGANDA LTD,UG,A8,,XAU
A9,GEORGIAN AIRWAYS,GE,A9,,TGZ
AA,AMERICAN AIRLINES,US,AA,TX,AAL
AB,AIR BERLIN,DE,AB,,BER
AC,AIR CANADA,CA,AC,QC,ACA
AD,AZUL AIRLINES,BR,AD,SP,AZU
AE,MANDARIN AIRLINES,TW,AE,,MDA
AEH,AERO4M D.O.O,SI,AEH,,AEH
AF,AIR FRANCE,FR,AF,,AFR
AG,ARUBA AIRLINES,AW,AG,,ARU
AH,AIR ALGERIE,DZ,AH,,DAH
AI,AIR INDIA,IN,AI,,AIC
AJ,AZTEC AIRWAYS,US,AJ,FL,AZY
AJA,AFGHAN JET INTERNATIONAL,AF,AJA,,AJA
AK,AIRASIA,MY,AK,,AXM
AL,AIR LEISURE,EG,AL,,ALD
ALC,AMERICAN LINEHAUL CORPORATION,US,ALC,NJ,ALC
ALV,AEROPOSTAL ALAS DE VENEZUELA S.A.,VE,ALV,,ALV
AM,AEROMEXICO,MX,AM,,AMX
AMB,DEUTSCHE RETTUNGSFLUGWACHT,DE,AMB,,AMB
AMV,AMC AIRLINES,EG,AMV,,AMV
AN,ADVANCED AIR, LLC,US,AN,CA,WSN
AO,AIR JUAN,PH,AO,,
AP,ALBA STAR,ES,AP,,LAV
APP,AEROPERLAS,PA,APP,,APP
AQ,9 AIR,CN,AQ,,JYH
AR,AEROLINEAS ARGENTINAS,AR,AR,BA,ARG
AS,ALASKA AIRLINES,US,AS,AK,ASA
AT,ROYAL AIR MAROC,MA,AT,,RAM
ATM,PAR AVION AIRLINES,AU,ATM,TS,ATM
AU,AUSTRAL,AR,AU,BA,AUT
AUN,FLYSERVUS,AT,AUN,,AUN
AV,AVIANCA,CO,AV,,AVA
AW,AFRICA WORLD AIRLINES LIMITED,GH,AW,,AFW
AWN,AIR NIAMEY,NE,AWN,,AWN
AX,TRANS STATES AIRLINES,US,AX,MO,LOF
AY,FINNAIR,FI,AY,,FIN
AZ,ALITALIA - SOCIETA AEREA ITALIANA S.P.A,IT,AZ,,AZA
B0,LA COMPAGNIE,FR,B0,,DJT
B2,BELAVIA,BY,B2,,BRU
B3,BHUTAN AIRLINES,BT,B3,,BTN
B4,ZANAIR,TZ,B4,,TAN
B5,EAST AFRICAN SAFARI AIR EXPRESS,KE,B5,,EXZ
B6,JETBLUE AIRWAYS CORPORATION,US,B6,CT,JBU
B7,UNI AIRWAYS,TW,B7,,UIA
B8,ERITREAN AIRLINES,ER,B8,,ERT
B9,IRAN AIRTOUR AIRLINES,IR,B9,,IRB
BA,BRITISH AIRWAYS,GB,BA,,BAW
BB,SEABORNE AIRLINES,VI,BB,,SBS
BBD,BLUEBIRD CARGO,IS,BBD,,BBD
BC,SKYMARK AIRLINES,JP,BC,,SKY
BD,BAYON AIRLINES,KH,BD,,BYC
BE,FLYBE,GB,BE,,BEE
BF,FRENCH BLUE,FR,BF,,FBU
BFL,BUFFALO AIRWAYS,CA,BFL,NT,BFL
BG,BIMAN BANGLADESH AIRLINES,BD,BG,,BBC
BGT,BERGEN AIR TRANSPORT,NO,BGT,,BGT
BH,BISMILLAH AIRLINES,BD,BH,,BML
BHP,BELAIR AIRLINES,CH,BHP,,BHP
BI,ROYAL BRUNEI AIRLINES,BN,BI,,RBA
BJ,NOUVELAIR,TN,BJ,,LBT
BK,OKAY AIRWAYS,CN,BK,,OKA
BL,JETSTAR PACIFIC AIRLINES,VN,BL,,PIC
BLF,BLUE1,FI,BLF,,BLF
BLX,TUIFLY NORDIC AB,SE,BLX,,BLX
BM,BMI REGIONAL,GB,BM,,BMR
BN,AIR INTER TRANSPORT CO. LTD,TH,BN,,BGN
BOB,POWDAIR,IE,BOB,,BOB
BP,AIR BOTSWANA,BW,BP,,BOT
BR,EVA AIRWAYS,TW,BR,,EVA
BRP,AEROBRATSK,RU,BRP,,BRP
BS,US-BANGLA AIRLINES,BD,BS,,
BT,AIR BALTIC CORPORATION,LV,BT,,BTI
BU,COMPAGNIE AFRICAINE D'AVIATION,CD,BU,,
BV,BLUE PANORAMA AIRLINES,IT,BV,,BPA
BW,CARIBBEAN AIRLINES,TT,BW,,BWA
BX,AIR BUSAN,KR,BX,,ABL
BYK,SKYBUS AIRLINES,KZ,BYK,,BYK
BZ,BLUE DART AVIATION LIMITED,IN,BZ,,BDA
C2,CEIBA INTERCONTINENTAL S.A.,GQ,C2,,CEL
C3,TRADE AIR LTD,HR,C3,,TDR
C4,CONQUEST AIR INC.,US,C4,FL,QAI
C5,COMMUTAIR,US,C5,NY,UCA
C6,CANJET AIRLINES,CA,C6,NS,
C7,CINNAMON AIR,LK,C7,,CIN
C8,CRONOSAIR,GQ,C8,,CRA
C9,SKYWISE AIRLINE,ZA,C9,,SWZ
CA,AIR CHINA,CN,CA,,CCA
CAT,COPENHAGEN AIR TAXI,DK,CAT,,CAT
CB,TRANS CARIBBEAN AIR,US,CB,FL,
CC,CM AIRLINES,HN,CC,,OMT
CE,CHALAIR,FR,CE,,CLG
CF,CHINA POSTAL AIRLINES,CN,CF,,CYZ
CG,PNG AIR LIMITED,PG,CG,,TOK
CH,BEMIDJI AIRLINES,US,CH,MN,BMJ
CHQ,CHAUTAUQUA AIRLINES, INC.,US,CHQ,IN,CHQ
CI,CHINA AIRLINES,TW,CI,,CAL
CJ,BA CITYFLYER,GB,CJ,,CFE
CJC,COLGAN AIR,US,CJC,VA,CJC
CK,CHINA CARGO AIRLINES,CN,CK,,CKK
CL,LUFTHANSA CITYLINE GMBH,DE,CL,,CLH
CM,COPA AIRLINES,PA,CM,,CMP
CN,GRAND CHINA AIR,CN,CN,,GDC
CND,CORENDON DUTCH AIRLINES,NL,CND,,CND
CNO,SAS NORWAY,NO,CNO,,CNO
CO,COBALT AERO,CY,CO,,FCB
CP,COMPASS AIRLINES, INC.,US,CP,MN,CPZ
CPN,CASPIAN AIRLINES,IR,CPN,,CPN
CPR,AEROLINEA DEL CARIBE - PERU S.A.C.,PE,CPR,,CPR
CQ,COASTAL AVIATION,TZ,CQ,,CSV
CRN,AEROCARIBBEAN,CU,CRN,,CRN
CS,COMLUX ARUBA NV,AW,CS,,CXB
CT,ALITALIA CITYLINER S.P.A.,IT,CT,,CYL
CU,CUBANA DE AVIACION S.A,CU,CU,,CUB
CV,CARGOLUX AIRLINES INTERNATIONAL,LU,CV,,CLX
CVA,AIR CHATHAMS,NZ,CVA,,CVA
CW,AIR CARGO GLOBAL,SK,CW,,
CWM,AIR MARSHALL ISLANDS,MH,CWM,,CWM
CX,CATHAY PACIFIC AIRWAYS,HK,CX,,CPA
CY,CYPRUS AIRWAYS,CY,CY,,CYP
CZ,CHINA SOUTHERN AIRLINES,CN,CZ,,CSN
D0,DHL AIR,GB,D0,,DHK
D2,SEVERSTAL AIRCOMPANY,RU,D2,,SSF
D3,DAALLO AIRLINES,DJ,D3,,
D4,DART LTD,UA,D4,,DAT
D5,DHL AERO EXPRESO S.A.,PA,D5,,DAE
D7,AIRASIA X,MY,D7,,XAX
D8,NORWEGIAN,IE,D8,,IBK
DAV,DORNIER AVIATION NIGERIA,NG,DAV,,DAV
DC,BRAATHENS REGIONAL AIRWAYS,SE,DC,,BRX
DCP,AIR DIRECT CONNECT LTD,KE,DCP,,DCP
DCT,DIRECTFLIGHT,GB,DCT,,DCT
DD,NOK AIR,TH,DD,,NOK
DE,CONDOR FLUGDIENST,DE,DE,,CFG
DF,CONDOR BERLIN,DE,DF,,CIB
DG,CEBGO,PH,DG,,
DH,NORWEGIAN AIR NORWAY AS,NO,DH,,NAN
DI,NORWEGIAN AIR UK LTD,GB,DI,,NRS
DJ,AIRASIA JAPAN,JP,DJ,,WAJ
DK,THOMAS COOK SCANDINAVIA,DK,DK,,VKG
DL,DELTA AIR LINES,US,DL,GA,DAL
DNM,DENIM AIR,NL,DNM,,DNM
DP,POBEDA,RU,DP,,PBD
DR,RUILI AIRLINES,CN,DR,,RLH
DS,EASYJET SWITZERLAND SA,CH,DS,,EZS
DT,TAAG ANGOLA AIRLINES,AO,DT,,DTA
DTO,AERODESIERTO SA,CL,DTO,,DTO
DU,AIR LIAISON,CA,DU,QC,LIZ
DV,AIR COMPANY SCAT,KZ,DV,,VSV
DVR,DIVI DIVI AIR,CW,DVR,,DVR
DW,DOMINICAN WINGS S.A.,DO,DW,,DWI
DX,DANISH AIR TRANSPORT,DK,DX,,DTR
DY,NORWEGIAN AIR SHUTTLE,NO,DY,,NAX
DZ,DONGHAI AIRLINES,CN,DZ,,EPB
E2,EUROWINGS EUROPE,AT,E2,,EWE
E3,NEWGEN AIRWAYS,TH,E3,,VGO
E4,ENTER AIR SPOLKA Z.O.O.,PL,E4,,
E5,AIR ARABIA EGYPT,EG,E5,,RBG
E6,BRINGER AIR CARGO TAXI AEREO,BR,E6,,
E7,EQUAFLIGHT,CD,E7,,EKA
E9,EVELOP AIRLINES S.L.,ES,E9,,EVE
EA,EASTERN AIR LINES GROUP INC.,US,EA,FL,EAL
EB,WAMOS AIR S.A.,ES,EB,,PLM
EC,OPENSKIES,GB,EC,,BOS
ED,AIR EXPLORE,SK,ED,,AXE
EE,REGIONAL JET,EE,EE,,EST
EG,ERNEST AIRLINE,IT,EG,,ERN
EGU,EAGLE AIR,UG,EGU,,EGU
EH,ANA WINGS CO., LTD,JP,EH,,AKX
EHN,EAST HORIZON AIRLINES,AF,EHN,,EHN
EI,AER LINGUS,IE,EI,,EIN
EK,EMIRATES,AE,EK,,UAE
EL,ELLINAIR S.A.,GR,EL,,ELB
EM,EMPIRE AIRLINES,US,EM,ID,CFS
EMU,EAST ASIA AIRLINES,MO,EMU,,EMU
EN,AIR DOLOMITI S.P.A L.A.R.E,IT,EN,,DLA
EO,AIR GO,EG,EO,,AGY
EP,IRAN ASEMAN AIRLINES,IR,EP,,IRC
EPR,EXPRESS AIRWAYS,DE,EPR,,EPR
EQ,TAME LINEA AEREA DEL ECUADOR,EC,EQ,,TAE
ER,SERENE AIR,PK,ER,,SEP
ES,DHL AVIATION EEMEA B.S.C,BH,ES,,DHX
ESJ,EASTERN SKYJETS,AE,ESJ,,ESJ
ET,ETHIOPIAN AIRLINES,ET,ET,,ETH
ETR,ESTELAR LATINOAMERICA C.A.,VE,ETR,,ETR
EU,CHENGDU AIRLINES,CN,EU,,UEA
EV,EXPRESSJET AIRLINES, INC.,US,EV,GA,
EW,EUROWINGS,DE,EW,,EWG
EXT,NIGHTEXPRESS,DE,EXT,,EXT
EY,ETIHAD AIRWAYS,AE,EY,,ETD
EZ,SUN AIR OF SCANDINAVIA,DK,EZ,,SUS
F2,SAFARILINK,KE,F2,,XLK
F3,FLYADEAL,SA,F3,,FAD
F4,AIR FLAMENCO,PR,F4,,WAF
F5,AEROTRANSCARGO,MD,F5,,ATG
F6,FLY COMPASS SERVICE,RO,F6,,FXP
F7,DARWIN AIRLINE,CH,F7,,DWT
F8,FLAIR AIRLINES,CA,F8,BC,FLE
F9,FRONTIER AIRLINES INC.,US,F9,CO,FFT
FA,SAFAIR,ZA,FA,,SFR
FAT,FARNAIR SWITZERLAND AG,CH,FAT,,FAT
FB,BULGARIA AIR,BG,FB,,LZB
FC,FLY CORPORATE,AU,FC,AC,
FD,THAI AIRASIA,TH,FD,,AIQ
FDK,FLYDAMAS,SY,FDK,,FDK
FDM,FREEDOM AIRLINES, INC,US,FDM,AZ,FDM
FE,FAR EASTERN AIR TRANSPORT,TW,FE,,FEA
FEI,EAGLE AIR ICELAND,IS,FEI,,FEI
FG,ARIANA AFGHAN AIRLINES,AF,FG,,AFG
FH,FREEBIRD AIRLINES,TR,FH,,FHY
FI,ICELANDAIR,IS,FI,,ICE
FJ,FIJI AIRWAYS,FJ,FJ,,FJI
FK,KF CARGO,CA,FK,BC,KFA
FL,AIRTRAN AIRWAYS,US,FL,FL,TRS
FLJ,SURF AIR EUROPE,GB,FLJ,,FLJ
FM,SHANGHAI AIRLINES,CN,FM,,CSH
FN,FASTJET AIRLINES,TZ,FN,,FTZ
FNA,NORLANDAIR,IS,FNA,,FNA
FP,PELICAN AIRLINES,AU,FP,NS,
FQ,FENIX AIRWAYS,US,FQ,FL,
FR,RYANAIR,IE,FR,,RYR
FRN,FIRST NATION AIRWAYS,NG,FRN,,FRN
FS,FLYGLOBAL CHARTER SDN. BHD.,MY,FS,,
FT,FLYEGYPT,EG,FT,,FEG
FTA,FRONTIER FLYING SERVICE,US,FTA,AK,FTA
FU,FUZHOU AIRLINES CO., LTD,CN,FU,,FZA
FV,ROSSIYA AIRLINES,RU,FV,,SDM
FW,IBEX AIRLINES,JP,FW,,IBX
FX,FEDEX,US,FX,TN,FDX
FXX,FELIX AIRWAYS,YE,FXX,,FXX
FY,FIREFLY,MY,FY,,FFM
FZ,FLYDUBAI,AE,FZ,,FDB
G2,GALEYR AIRLINE,SO,G2,,
G3,GOL LINHAS AEREAS S.A.,BR,G3,RJ,GLO
G4,ALLEGIANT AIR LLC,US,G4,CA,AAY
G5,CHINA EXPRESS AIRLINES,CN,G5,,HXA
G6,AURA AIRLINES,ES,G6,,GWR
G7,GOJET AIRLINES,US,G7,MO,GJS
G8,GO AIR,IN,G8,,GOW
G9,AIR ARABIA,AE,G9,,ABY
GA,GARUDA INDONESIA,ID,GA,,GIA
GAL,ALBATROS AIRLINES,VE,GAL,,GAL
GB,ABX AIR, INC.,US,GB,OH,ABX
GC,GLOBAL FEEDER SERVICES,US,GC,NJ,
GE,GLOBAL AVIATION OPERATIONS,ZA,GE,,GBB
GF,GULF AIR,BH,GF,,GFA
GG,SKYLEASE,US,GG,NC,KYE
GH,GLOBUS LLC,RU,GH,,GLP
GHN,AIR GHANA,GH,GHN,,GHN
GI,GUANGDONG LONGHAO AIRLINES CO., LTD,CN,GI,,LHA
GJ,ZHEJIANG LOONG AIRLINES CO. LTD,CN,GJ,,CDC
GK,JETSTAR JAPAN,JP,GK,,JJP
GL,AIR GREENLAND,GL,GL,,GRL
GM,GERMANIA FLUG AG,CH,GM,,GSW
GO,ULS AIRLINES CARGO,TR,GO,,KZU
GP,APG AIRLINES,FR,GP,,RIV
GQ,SKY EXPRESS S.A.,GR,GQ,,SEH
GR,AURIGNY AIR SERVICES,GB,GR,,AUR
GS,TIANJIN AIRLINES,CN,GS,,GCR
GT,AIR GUILIN CO. LTD,CN,GT,,
GU,AVIATECA,GT,GU,,GUG
GUM,GUM AIR,SR,GUM,,GUM
GV,GRANT AVIATION, INC.,US,GV,AK,GUN
GW,GO FLY, LLC.,US,GW,FL,
GX,GUANGXI BEIBU GULF AIRLINES,CN,GX,,CBG
GY,COLORFUL GUIZHOU AIRLINES,CN,GY,,CGZ
GZ,AIR RAROTONGA,CK,GZ,,
H1,HAHN AIR SYSTEMS,DE,H1,,
H2,SKY AIRLINE,CL,H2,,SKU
H4,RAVEN AIR, LLC DBA ISLAND HOPPERS,US,H4,LA,
H6,HAGELAND AVIATION SERVICES INC,US,H6,AK,HAG
H7,TARON-AVIA,AM,H7,,TRV
H9,HIMALAYA AIRLINES,NP,H9,,HIM
HA,HAWAIIAN AIRLINES,US,HA,HI,HAL
HB,ASIA ATLANTIC AIRLINES,TH,HB,,AAQ
HBR,HEBRIDEAN AIR SERVICES,GB,HBR,,HBR
HD,AIRDO,JP,HD,,ADO
HE,LUFTFAHRT GESELLSCHAFT WALTER,DE,HE,,LGW
HF,AIR COTE D'IVOIRE,CI,HF,,VRE
HG,NIKI,AT,HG,,NLY
HH,TABAN AIR,IR,HH,,TBN
HHK,SKY SHUTTLE,HK,HHK,,HHK
HI,PAPILLON AIRWAYS,US,HI,AZ,
HJ,TASMAN CARGO AIRLINES PTY LTD,AU,HJ,NS,TMN
HK,SKIPPERS AVIATION,AU,HK,WA,
HM,AIR SEYCHELLES,SC,HM,,SEY
HO,JUNEYAO AIRLINES,CN,HO,,DKH
HP,AMAPOLA FLYG AB,SE,HP,,APF
HQ,THOMAS COOK AIRLINES BELGIUM N.V,BE,HQ,,TCW
HR,HAHN AIR,DE,HR,,HHN
HS,HELI SECURITE HELICOPTER AIRLINE,FR,HS,,
HTK,NINGXIA CARGO AIRLINES CO., LTD.,CN,HTK,,HTK
HTY,HELITY,ES,HTY,,HTY
HU,HAINAN AIRLINES,CN,HU,,CHH
HV,TRANSAVIA.COM,NL,HV,,TRA
HW,NORTH-WRIGHT AIRWAYS LTD.,CA,HW,NT,NWL
HX,HONG KONG AIRLINES,HK,HX,,CRK
HY,UZBEKISTAN AIRWAYS,UZ,HY,,UZB
HZ,JSC AURORA AIRLINES,RU,HZ,,SHU
I2,IBERIA EXPRESS,ES,I2,,IBS
I3,ATA AIRLINES,IR,I3,,TBZ
I4,SCOTT AIR LLC,US,I4,AK,XYZ
I5,AIRASIA INDIA,IN,I5,,IAD
I7,INTER ILES AIR,KM,I7,,
I8,IZHAVIA,RU,I8,,IZA
I9,AIR ITALY,IT,I9,,AEY
IA,IRAQI AIRWAYS,IQ,IA,,IAW
IAX,ISLAND EXPRESS AIR INC,CA,IAX,BC,IAX
IB,IBERIA,ES,IB,,IBE
ID,BATIK AIR,ID,ID,,BTK
IE,SOLOMON AIRLINES LIMITED,SB,IE,,SOL
IF,FLY BAGHDAD AIRLINES,IQ,IF,,FBA
IFA,FAI RENT-A-JET AKTIENGESELLSCHAFT,DE,IFA,,IFA
IG,MERIDIANA FLY S.P.A.,IT,IG,,ISS
II,IBC AIRWAYS,US,II,FL,CSQ
IJ,SPRING AIRLINES JAPAN,JP,IJ,,SJO
IK,AIR KIRIBATI,KI,IK,,AKL
IL,PT TRIGANA AIR,ID,IL,,TGN
IM,JSC AIRCOMPANY ATMA,KZ,IM,,AMA
IN,NAM AIR,ID,IN,,
IO,IRAERO,RU,IO,,IAE
IOS,ISLES OF SCILLY SKYBUS,GB,IOS,,IOS
IQ,QAZAQ AIR,KZ,IQ,,QAZ
IR,IRAN AIR,IR,IR,,IRA
IS,AIS AIRLINES,NL,IS,,PNX
ISV,ISLENA AIRLINES,HN,ISV,,ISV
IT,TIGERAIR TAIWAN CO. LTD,TW,IT,,TTW
IU,SW ITALIA S.P.A.,IT,IU,,CSW
IV,CARDIFF AVIATION MALTA,MT,IV,,SGO
IW,WINGS AIR,ID,IW,,WON
IX,AIR INDIA EXPRESS,IN,IX,,AXB
IY,YEMENIA YEMEN AIRWAYS,YE,IY,,IYE
IZ,ARKIA - ISRAELI AIRLINES,IL,IZ,,AIZ
IZG,ZAGROS AIRLINES,IR,IZG,,IZG
J1,ONEJET,US,J1,CA,
J2,AZERBAIJAN AIRLINES,AZ,J2,,AHY
J3,NORTHWESTERN AIR LEASE LTD.,CA,J3,NT,PLR
J4,BADR AIRLINES,SD,J4,,BDR
J5,ALASKA SEAPLANES,US,J5,AK,
J6,SEAWINGS,AE,J6,,OPS
J7,AFRIJET,GA,J7,,ABS
J8,BERJAYA AIR,MY,J8,,BVT
J9,JAZEERA AIRWAYS,KW,J9,,JZR
JA,JETSMART,CL,JA,,
JAB,AIR BAGAN,MM,JAB,,JAB
JB,HELIJET INTERNATIONAL INC,CA,JB,BC,JBA
JC,JAPAN AIR COMMUTER,JP,JC,,JAC
JD,BEIJING CAPITAL AIRLINES,CN,JD,,CBJ
JE,MANGO,ZA,JE,,MNO
JF,JET ASIA AIRWAYS,TH,JF,,JAA
JG,JETGO AUSTRALIA,AU,JG,NS,JGO
JH,FUJI DREAM AIRLINES,JP,JH,,FDA
JI,MERAJ AIR,IR,JI,,MRJ
JJ,LATAM AIRLINES BRASIL,BR,JJ,SP,TAM
JL,JAPAN AIRLINES,JP,JL,,JAL
JM,JAMBOJET,KE,JM,,
JN,JOON,FR,JN,,
JO,ROYAL WINGS,JO,JO,,RYW
JON,JONAIR,SE,JON,,JON
JP,ADRIA AIRWAYS,SI,JP,,ADR
JQ,JETSTAR AIRWAYS,AU,JQ,VI,JST
JR,JOY AIR,CN,JR,,JOY
JS,AIR KORYO,KP,JS,,KOR
JT,LION AIR,ID,JT,,LNI
JTG,JETTIME,DK,JTG,,JTG
JU,AIR SERBIA,RS,JU,,ASL
JV,BEARSKIN LAKE AIR SERVICES LP,CA,JV,ON,BLS
JW,VANILLA AIR,JP,JW,,VNL
JX,DAC AVIATION,KE,JX,,
JY,INTERCARIBBEAN AIRWAYS LTD,TC,JY,,IWY
JZ,JUBBA AIRWAYS,SO,JZ,,JUB
K2,AIRLIFT ALASKA,US,K2,AK,
K3,TAQUAN AIR SERVICES,US,K3,AK,TQN
K4,KALITTA AIR,US,K4,MI,CKS
K5,SILVERSTONE AIR SERVICES,KE,K5,,SLR
K6,CAMBODIA ANGKOR AIR,KH,K6,,KHV
K7,AIR KBZ,MM,K7,,KBZ
K8,KAN AIR,TH,K8,,KND
K9,KALITTA CHARTERS, L.L.C.,US,K9,MI,KFS
KA,CATHAY DRAGON,HK,KA,,HDA
KAI,KAISERAIR,US,KAI,CA,KAI
KAR,PEGAS FLY,RU,KAR,,KAR
KB,DRUK AIR,BT,KB,,DRK
KC,AIR ASTANA,KZ,KC,,KZR
KD,KALSTAR AVIATION,ID,KD,,KLS
KDC,KD AIR CORPORATION,CA,KDC,BC,KDC
KE,KOREAN AIR,KR,KE,,KAL
KG,KEY LIME AIR CORPORATION,US,KG,FL,LYM
KH,ALOHA AIR CARGO,US,KH,HI,AAH
KI,KRASAVIA,RU,KI,,SSJ
KJ,AIR INCHEON,KR,KJ,,AIH
KK,ATLASGLOBAL,TR,KK,,KKK
KL,KLM-ROYAL DUTCH AIRLINES,NL,KL,,KLM
KM,AIR MALTA,MT,KM,,AMC
KN,CHINA UNITED AIRLINES,CN,KN,,CUA
KO,KOMIAVIATRANS,RU,KO,,KMA
KP,ASKY AIRLINES,TG,KP,,SKK
KQ,KENYA AIRWAYS,KE,KQ,,KQA
KS,PENAIR,US,KS,AK,PEN
KT,FLY KISS,SI,KT,,SVB
KTB,TRANSAVIABALTIKA,LT,KTB,,KTB
KU,KUWAIT AIRWAYS,KW,KU,,KAC
KV,SKY REGIONAL,CA,KV,ON,SKV
KW,KOREA EXPRESS AIRLINES,KR,KW,,KEA
KX,CAYMAN AIRWAYS,KY,KX,,CAY
KY,KUNMING AIRLINES,CN,KY,,KNA
KZ,NIPPON CARGO AIRLINES,JP,KZ,,NCA
KZH,ZHEZAIR,KZ,KZH,,KZH
L2,LYNDEN AIR CARGO,US,L2,AK,LYC
L3,DHL DE GUATEMALA, S.A.,GT,L3,,
L5,ATLAS ATLANTIQUE AIRLINES,FR,L5,,TLB
L6,MAURITANIAN AIRLINES INTERNATIONAL,MR,L6,,MAI
L7,LATAM CARGO COLOMBIA,CO,L7,,LAE
L9,BRISTOW U.S. LLC,US,L9,LA,BTZ
LA,LATAM AIRLINES GROUP,CL,LA,,LAN
LAL,AIR LABRADOR,CA,LAL,NL,LAL
LB,BUL AIR LTD.,BG,LB,,BVL
LBQ,QUEST AIR,US,LBQ,VA,LBQ
LD,AHK AIR HONG KONG,HK,LD,,AHK
LE,LION AIR CARGO TANZANIA,TZ,LE,,
LEP,AIR COSTA,IN,LEP,,LEP
LF,CORPORATE FLIGHT MANAGEMENT,US,LF,TN,VTE
LG,LUXAIR,LU,LG,,LGL
LH,LUFTHANSA GERMAN AIRLINES,DE,LH,,DLH
LI,LIAT (1974),AG,LI,,LIA
LID,ALIDAUNIA,IT,LID,,LID
LJ,JIN AIR,KR,LJ,,JNA
LK,LAO SKYWAY,LA,LK,,LLL
LL,MIAMI AIR,US,LL,FL,BSK
LM,LOGANAIR,GB,LM,,LOG
LN,LIBYAN AIRLINES,LY,LN,,LAA
LO,LOT - POLISH AIRLINES,PL,LO,,LOT
LP,LATAM AIRLINES PERU,PE,LP,,LPE
LQ,LANMEI AIRLINES,KH,LQ,,MKR
LR,LACSA-LINEAS AEREAS COSTARRICENSES,CR,LR,,LRC
LS,JET2.COM,GB,LS,,EXS
LT,LONGJIANG AIRLINES,CN,LT,,
LTR,LUFTTRANSPORT A/S,NO,LTR,,LTR
LU,LANEXPRESS,CL,LU,,LXP
LW,LAW - LATIN AMERICAN WINGS,CL,LW,,JMR
LX,SWISS,CH,LX,,SWR
LY,EL AL ISRAEL AIRLINES,IL,LY,,ELY
LYD,LYDD AIR,GB,LYD,,LYD
LZ,SWISS GLOBAL AIR LINES AG,CH,LZ,,SWU
M0,AERO MONGOLIA,MN,M0,,MNG
M2,MHS AVIATION,DE,M2,,MHV
M3,LATAM CARGO BRASIL,BR,M3,SP,TUS
M4,MISTRAL AIR,IT,M4,,MSA
M5,KENMORE AIR,US,M5,WA,KEN
M6,AMERIJET INTERNATIONAL, INC.,US,M6,FL,AJT
M7,LATAM CARGO MEXICO,MX,M7,,MAA
M8,MAGNUM.AIR, INC DBA SKYJET,PH,M8,,MSJ
M9,MOTOR SICH PJSC,UA,M9,,MSI
MAV,MINOAN AIR,GR,MAV,,MAV
MB,MNG AIRLINES CARGO,TR,MB,,MNB
MC,AIR MOBILITY COMMAND,US,MC,IL,
MD,AIR MADAGASCAR,MG,MD,,MDG
ME,MIDDLE EAST AIRLINES,LB,ME,,MEA
MEG,MEGA GLOBAL AIR SERVICES (MALDIVES),MV,MEG,,MEG
MEM,ICAR - INTERNATIONAL CARGO AIRLINE,FR,MEM,,MEM
MF,XIAMEN AIRLINES COMPANY,CN,MF,,CXA
MG,MIAMI AIR LEASE, INC.,US,MG,FL,
MH,MALAYSIA AIRLINES,MY,MH,,MAS
MI,SILKAIR,SG,MI,,SLK
MK,AIR MAURITIUS,MU,MK,,MAU
MM,PEACH AVIATION LIMITED,JP,MM,,APJ
MN,COMAIR,ZA,MN,,CAW
MNA,MERPATI NUSANTARA AIRLINES,ID,MNA,,MNA
MO,CALM AIR INTL LTD,CA,MO,MB,CAV
MP,MARTINAIR HOLLAND,NL,MP,,MPH
MPX,AEROMEXPRESS,MX,MPX,,MPX
MQ,ENVOY AIR INC,US,MQ,TX,ENY
MR,HUNNU AIR,MN,MR,,MML
MS,EGYPTAIR,EG,MS,,MSR
MSX,EGYPTAIR CARGO,EG,MSX,,MSX
MT,THOMAS COOK AIRLINES,GB,MT,,TCX
MU,CHINA EASTERN AIRLINES,CN,MU,,CES
MV,AIR MEDITERRANEAN,GR,MV,,MAR
MW,MOKULELE AIRLINES,US,MW,HI,MUL
MZ,AMAKUSA AIRLINES,JP,MZ,,AHX
N2,JET CHARTER, INC,US,N2,NJ,JCT
N4,NORD WIND,RU,N4,,NWS
N5,NOLINOR AVIATION,CA,N5,QC,NRL
N7,NORDIC REGIONAL AIRLINES,FI,N7,,FCM
N8,NATIONAL AIRLINES,US,N8,FL,NCR
N9,NOVA AIRLINES,SE,N9,,NVR
NA,NESMA AIRLINES COMPANY LTD,SA,NA,,NSS
NB,SKYPOWER EXPRESS AIRWAYS,NG,NB,,EAN
NC,NORTHERN AIR CARGO, INC.,US,NC,AK,NAC
ND,FMI AIR,MM,ND,,FMI
NE,NESMA AIRLINES,EG,NE,,NMA
NF,AIR VANUATU,VU,NF,,AVN
NH,ALL NIPPON AIRWAYS,JP,NH,,ANA
NI,PORTUGALIA,PT,NI,,PGA
NIG,AERO CONTRACTORS COMPANY OF NIGERIA,NG,NIG,,NIG
NIS,LA COSTENA,NI,NIS,,NIS
NJ,NIGER AIRWAYS,NE,NJ,,NWA
NK,SPIRIT AIRLINES,US,NK,MI,NKS
NL,SHAHEEN AIR INTERNATIONAL,PK,NL,,SAI
NLU,INSEL AIR ARUBA,AW,NLU,,NLU
NN,VIM AIRLINES,RU,NN,,MOV
NO,NEOS AIR,IT,NO,,NOS
NP,NILE AIR,EG,NP,,NIA
NQ,AIR JAPAN,JP,NQ,,AJX
NR,AL-NASER AIRLINES,IQ,NR,,MHK
NS,HEBEI AIRLINES,CN,NS,,HBH
NT,BINTER CANARIAS,ES,NT,,IBB
NTH,HOKKAIDO AIR SYSTEM,JP,NTH,,NTH
NU,JAPAN TRANSOCEAN AIR,JP,NU,,JTA
NV,IRANIAN NAFT AIRLINES,IR,NV,,IRG
NWG,AIRWING,NO,NWG,,NWG
NX,AIR MACAU,MO,NX,,AMU
NY,AIR ICELAND CONNECT,IS,NY,,FXI
NYS,ULENDO AIRLINK,MW,NYS,,NYS
NZ,AIR NEW ZEALAND,NZ,NZ,,ANZ
O2,LINEAR AIR,US,O2,MA,HPN
O3,SF AIRLINES,CN,O3,,CSS
O4,ANTRAK AIR,GH,O4,,ABV
O6,AVIANCA BRASIL,BR,O6,SP,ONE
O7,SUE ORENBURG REGION INTL AIRPORT,RU,O7,,ORG
O9,NOVA AIRWAYS,SD,O9,,NOV
OA,OLYMPIC AIR,GR,OA,,OAL
OAE,OMNI AIR INTERNATIONAL,US,OAE,OK,OAE
OB,BOLIVIANA DE AVIACION - BOA,BO,OB,,BOV
OC,ORIENTAL AIR BRIDGE CO., LTD. (ORC),JP,OC,,ORC
OD,MALINDO AIRWAYS,MY,OD,,MXD
OF,OVERLAND AIRWAYS,NG,OF,,OLA
OH,PSA AIRLINES, INC.,US,OH,OH,COM
OI,HINTERLAND AVIATION,AU,OI,QL,HND
OJ,FLY JAMAICA,JM,OJ,,FJM
OK,CZECH AIRLINES,CZ,OK,,CSA
OL,POLYNESIAN AIRLINES,WS,OL,,PAO
OLY,OLYMPUS AIRWAYS,GR,OLY,,OLY
OM,MIAT - MONGOLIAN AIRLINES,MN,OM,,MGL
ON,NAURU AIRLINES,NR,ON,,RON
OO,SKYWEST AIRLINES,US,OO,UT,SKW
OQ,CHONGQING AIRLINES,CN,OQ,,
OR,TUI FLY NETHERLANDS,NL,OR,,TFL
ORK,ORCA AIRWAYS,CA,ORK,BC,ORK
OS,AUSTRIAN AIRLINES AG DBA AUSTRIAN,AT,OS,,AUA
OTJ,TEN AIRWAYS,RO,OTJ,,OTJ
OU,CROATIA AIRLINES,HR,OU,,CTN
OV,SALAMAIR,OM,OV,,OMS
OW,SKYWARD EXPRESS,KE,OW,,SEW
OX,ORIENT THAI AIRLINES,TH,OX,,OEA
OY,ANDES LINEAS AEREAS,AR,OY,BA,ANS
OZ,ASIANA AIRLINES,KR,OZ,,AAR
OZW,SKYWEST AIRLINES,AU,OZW,WA,OZW
P0,PROFLIGHT COMMUTER SERVICES,ZA,P0,,PFZ
P1,PUBLICCHARTERS.COM,US,P1,PA,
P2,AIRKENYA EXPRESS,KE,P2,,XAK
P3,CARGOLOGICAIR,GB,P3,,CLU
P4,AIR PEACE,NG,P4,,APK
P5,AERO REPUBLICA,CO,P5,,RPB
P6,PASCAN AVIATION INC.,CA,P6,QC,PSC
P7,SMALL PLANET AIRLINES,PL,P7,,LLP
P9,PERUVIAN AIRLINES,PE,P9,,PVN
PA,AIRBLUE,PK,PA,,ABQ
PAM,MAP LINHAS AEREAS,BR,PAM,,PAM
PB,PROVINCIAL AIRLINES,CA,PB,NL,PVL
PC,PEGASUS AIRLINES,TR,PC,,PGT
PD,PORTER AIRLINES INC.,CA,PD,ON,POE
PE,PEOPLES VIENNA LINE,AT,PE,,PEV
PF,PRIMERA AIR,DK,PF,,
PFY,PEL-AIR,AU,PFY,,PFY
PG,BANGKOK AIRWAYS,TH,PG,,BKP
PH,PHOENIX AIR GROUP, INC,US,PH,GA,PHA
PI,POLAR AIRLINES LTD,RU,PI,,RKA
PJ,AIR SAINT-PIERRE,PM,PJ,,SPM
PK,PAKISTAN INTERNATIONAL AIRLINES,PK,PK,,PIA
PL,SOUTHERN AIR CHARTER,BS,PL,,SOA
PM,CANARYFLY,ES,PM,,CNF
PN,CHINA WEST AIR,CN,PN,,CHB
PNP,PINEAPPLE AIR,BS,PNP,,PNP
PO,POLAR AIR CARGO,US,PO,CA,PAC
PP,JET AVIATION BUSINESS JETS AG,CH,PP,,PJS
PPL,AIR PEGASUS PVT. LTD.,IN,PPL,,PPL
PQ,AIRASIA PHILIPPINES,PH,PQ,,APG
PR,PHILIPPINE AIRLINES,PH,PR,,PAL
PRO,PROPAIR,CA,PRO,,PRO
PS,UKRAINE INTERNATIONAL AIRLINES,UA,PS,,AUI
PT,PIEDMONT AIRLINES INC.,US,PT,,PDT
PTI,PRIVATAIR,CH,PTI,,PTI
PU,PLUS ULTRA LINEAS AEREAS S. A.,ES,PU,,PUE
PV,SAINT BARTH COMMUTER,GP,PV,,SBU
PW,PRECISION AIR SERVICES PLC,TZ,PW,,PRF
PX,AIR NIUGINI,PG,PX,,ANG
PY,SURINAM AIRWAYS,SR,PY,,SLM
PZ,LATAM AIRLINES PARAGUAY,PY,PZ,,LAP
Q2,MALDIVIAN,MV,Q2,,DQA
Q3,ANGUILLA AIR SERVICES,AI,Q3,,AXL
Q5,40 MILE AIR,US,Q5,AK,MLA
Q6,VOLARIS COSTA RICA,CR,Q6,,VOC
Q7,SKYBAHAMAS,BS,Q7,,SBM
Q8,TRANS AIR CONGO,CG,Q8,,TSG
Q9,WATANIYA AIRWAYS,KW,Q9,,
QA,CIMBER A/S,DK,QA,,CIM
QB,FARAZ QESHM AIRLINE,IR,QB,,QSM
QC,CAMAIR-CO,CM,QC,,CRC
QD,JC (CAMBODIA) INTERNATIONAL AIRLINES,KH,QD,,
QE,EXPRESS FREIGHTERS AUSTRALIA,AU,QE,NS,EFA
QF,QANTAS AIRWAYS,AU,QF,NS,QFA
QG,CITILINK INDONESIA,ID,QG,,CTV
QH,AIR KYRGYZSTAN,KG,QH,,LYN
QJ,JET AIRWAYS INC.,US,QJ,MA,
QK,AIR CANADA JAZZ,CA,QK,NS,JZA
QL,LASER AIRLINES,VE,QL,,LER
QM,MONACAIR,MC,QM,,
QNZ,JETCONNECT,NZ,QNZ,,QNZ
QO,QUIKJET CARGO AIRLINES,IN,QO,,FQA
QP,STARLIGHT AIRLINES,AE,QP,,SLT
QQ,ALLIANCE AIRLINES,AU,QQ,QL,UTY
QR,QATAR AIRWAYS,QA,QR,,QTR
QS,SMARTWINGS,CZ,QS,,TVS
QT,TAMPA CARGO S.A.S,CO,QT,,TPA
QU,AZUR AIR UKRAINE,UA,QU,,UTN
QV,LAO AIRLINES,LA,QV,,LAO
QW,QINGDAO AIRLINE CO, LTD,CN,QW,,QDA
QX,HORIZON AIR,US,QX,WA,QXE
QY,EUROPEAN AIR TRANSPORT LEIPZIG GMBH,DE,QY,,BCS
QZ,INDONESIA AIRASIA,ID,QZ,,AWQ
R2,TRANSAIR SENEGAL,SN,R2,,GTS
R3,YAKUTIA,RU,R3,,SYL
R5,JORDAN AVIATION,JO,R5,,JAV
R6,DOT LT,LT,R6,,DNU
R7,ASERCA AIRLINES,VE,R7,,OCA
R8,SUNDANCE AIR VENEZUELA,VE,R8,,SUV
R9,SUASA AIRLINES,MY,R9,,SSB
RA,NEPAL AIRLINES CORPORATION,NP,RA,,RNA
RAC,RYUKYU AIR COMMUTER,JP,RAC,,RAC
RB,SYRIAN ARAB AIRLINES,SY,RB,,SYR
RC,ATLANTIC AIRWAYS FAROE ISLANDS,FO,RC,,FLI
RE,STOBART AIR,IE,RE,,REA
RF,FLORIDA WEST INTERNATIONAL AIRWAYS INC.,US,RF,FL,FWL
RFJ,ROYAL FALCON,JO,RFJ,,RFJ
RG,ROTANAJET AVIATION,AE,RG,,RJD
RGN,CYGNUS AIR,ES,RGN,,RGN
RH,HONG KONG AIR CARGO CARRIER LIMITED,HK,RH,,
RIH,RAHILA AIR,LY,RIH,,RIH
RJ,ROYAL JORDANIAN,JO,RJ,,RJA
RK,SKYVIEW AIRWAYS CO DBA SKYVIEW,TH,RK,,RCT
RL,ROYAL FLIGHT AIRLINES,RU,RL,,ABG
RLT,REAL TONGA,TO,RLT,,RLT
RLY,AIR LOYAUTE,FR,RLY,,RLY
RM,AIRCOMPANY ARMENIA,AM,RM,,NGT
RMK,SIMRIK AIRLINES,NP,RMK,,RMK
RNX,1TIME,ZA,RNX,,RNX
RO,TAROM,RO,RO,,ROT
RP,BASE AIRLINES,HU,RP,,BPS
RQ,KAM AIR,AF,RQ,,KMF
RRV,MOMBASSA AIR SAFARI,KE,RRV,,RRV
RS,AIR SEOUL, INC,KR,RS,,ASV
RSE,SNAS AVIATION,SA,RSE,,RSE
RSI,AIR SUNSHINE,US,RSI,FL,RSI
RT,UVT AERO,RU,RT,,UVT
RU,AIRBRIDGECARGO,RU,RU,,ABW
RV,AIR CANADA ROUGE,CA,RV,QC,ROU
RW,ROYAL AIR CHARTER SERVICES INC,PH,RW,,
RX,REGENT AIRWAYS,BD,RX,,RGE
RY,JIANGXI AIR,CN,RY,,
RZ,SANSA AIRLINES,CR,RZ,,LRS
S0,AERO LINEAS SOSA,HN,S0,,NSO
S2,JETKONNECT,IN,S2,,JLL
S3,SANTA BARBARA AIRLINES C.A.,VE,S3,,BBR
S4,SATA INTERNATIONAL-AZORES AIRLINES S.A.,PT,S4,,RZO
S5,SHUTTLE AMERICA,US,S5,CT,TCF
S6,SUNRISE AIRWAYS,HT,S6,,KSZ
S7,SIBERIA AIRLINES,RU,S7,,SBI
S8,SOUNDS AIR,NZ,S8,,
S9,STARBOW AIRLINES,GH,S9,,IKM
SA,SOUTH AFRICAN AIRWAYS,ZA,SA,,SAA
SB,AIR CALEDONIE INTERNATIONAL,NC,SB,,ACI
SBK,BLUE SKY AVIATION,KE,SBK,,SBK
SC,SHANDONG AIRLINES,CN,SC,,CDG
SD,SUDAN AIRWAYS,SD,SD,,SUD
SDR,SUNDAIR,DE,SDR,,SDR
SE,XL AIRWAYS FRANCE,FR,SE,,XLF
SF,TASSILI AIRLINES,DZ,SF,,DTH
SG,SPICEJET,IN,SG,,SEJ
SGB,SONGBIRD AIRWAYS, INC.,US,SGB,FL,SGB
SH,SHARP AIRLINES,AU,SH,VI,
SHA,SHREE AIRLINES,NP,SHA,,SHA
SI,BLUE ISLANDS,GB,SI,,BCI
SJ,SRIWIJAYA AIR,ID,SJ,,SJY
SK,SAS SCANDINAVIAN AIRLINES,SE,SK,,SAS
SKP,SKYTRANS AIRLINES,AU,SKP,,SKP
SL,THAI LION AIR,TH,SL,,TLM
SLD,SILVER AIR,CZ,SLD,,SLD
SM,AIR CAIRO,EG,SM,,MSC
SN,BRUSSELS AIRLINES,BE,SN,,BEL
SNB,STERLING,DK,SNB,,SNB
SO,APEX AIRLINES MYANMAR,MM,SO,,
SOR,SONAIR,AO,SOR,,SOR
SP,SATA AIR ACORES,PT,SP,,SAT
SQ,SINGAPORE AIRLINES,SG,SQ,,SIA
SQM,SIAM AIR TRANSPORT COMPANY LIMITED,TH,SQM,,SQM
SRN,SPRINTAIR,PL,SRN,,SRN
SS,CORSAIR,FR,SS,,CRL
SSQ,SUNSTATE AIRLINES,AU,SSQ,QL,SSQ
ST,GERMANIA,DE,ST,,GMI
SU,AEROFLOT RUSSIAN AIRLINES,RU,SU,,AFL
SV,SAUDI ARABIAN AIRLINES,SA,SV,,SVA
SW,AIR NAMIBIA,NA,SW,,NMB
SX,SKY WORK AIRLINES,CH,SX,,SRK
SXG,STERLING TRANSPORTATION, INC.,US,SXG,CA,SXG
SY,SUN COUNTRY AIRLINES,US,SY,MN,SCX
SZ,SOMON AIR,TJ,SZ,,SMR
T0,TRANS AMERICAN AIRLINES DBA TACA PERU,PE,T0,,TPU
T2,FLY ART,TD,T2,,
T3,EASTERN AIRWAYS,GB,T3,,EZE
T4,RHOADES AVIATION INC.,US,T4,IN,RDS
T5,TURKMENISTAN AIRLINES,TM,T5,,TUA
T6,AIRSWIFT,PH,T6,,ITI
T7,TWIN JET,FR,T7,,TJT
T8,MCS AEROCARGA DE MEXICO,MX,T8,,
TA,TACA INTERNATIONAL AIRLINES,SV,TA,,TAI
TAH,AIR MOOREA,PF,TAH,,TAH
TB,TUI FLY BELGIUM,BE,TB,,JAF
TC,AIR TANZANIA,TZ,TC,,ATC
TD,ATLANTIS EUROPEAN AIRWAYS,AM,TD,,LUR
TE,SKYTAXI,PL,TE,,IGA
TEZ,TEZ JET AIRLINES,KG,TEZ,,TEZ
TF,BRAATHENS REGIONAL AVIATION,SE,TF,,SCW
TG,THAI AIRWAYS INTERNATIONAL,TH,TG,,THA
TH,RAYA AIRWAYS,MY,TH,,RMY
THU,THUNDER AIRLINES,CA,THU,ON,THU
TI,TROPIC OCEAN AIRWAYS,US,TI,FL,
TJ,TRADEWIND AVIATION,US,TJ,CT,GPD
TK,TURKISH AIRLINES,TR,TK,,THY
TL,AIRNORTH REGIONAL,AU,TL,NT,ANO
TLR,AIR LIBYA,LY,TLR,,TLR
TM,LAM-LINHAS AEREAS DE MOCAMBIQUE,MZ,TM,,LAM
TN,AIR TAHITI NUI,PF,TN,,THT
TNA,TRANSASIA AIRWAYS,TW,TNA,,TNA
TO,TRANSAVIA.COM FRANCE,FR,TO,,TVF
TOM,TUI AIRWAYS,GB,TOM,,TOM
TP,TAP AIR PORTUGAL,PT,TP,,TAP
TQ,TANDEM AERO,MD,TQ,,TDM
TR,SCOOT,SG,TR,,TGW
TRH,TURUHAN AIRLINES,RU,TRH,,TRH
TRJ,TRUJET,IN,TRJ,,TRJ
TS,AIR TRANSAT A.T.INC.,CA,TS,QC,TSC
TT,TIGERAIR AUSTRALIA,AU,TT,,
TU,TUNISAIR,TN,TU,,TAR
TUY,LINEA TURISTICA AEROTUY,VE,TUY,,TUY
TV,TIBET AIRLINES,CN,TV,,TBA
TW,T'WAY AIR,KR,TW,,TWB
TWI,TAILWIND HAVA YOLLARI A.S,TR,TWI,,TWI
TX,AIR CARAIBES,GP,TX,,FWI
TY,AIR CALEDONIE,NC,TY,,TPC
TZS,TCA AIRLINES,GE,TZS,,TZS
U2,EASYJET,GB,U2,,EZY
U3,SKY GATES AIRLINES,RU,U3,,SAY
U4,BUDDHA AIR,NP,U4,,BHA
U5,KARINOU AIRLINES,CF,U5,,KRN
U6,URAL AIRLINES,RU,U6,,SVR
U7,UNIWORLD AIR CARGO CORP.,PA,U7,,UCG
U8,TUS AIRWAYS,CY,U8,,CYF
UA,UNITED AIRLINES,US,UA,IL,UAL
UB,MYANMAR NATIONAL AIRLINES,MM,UB,,UBA
UC,LATAM CARGO CHILE,CL,UC,,LCO
UDN,DNIEPROAVIA JOINT STOCK AVIATION CO,UA,UDN,,UDN
UE,BIZAIR OP BY ULTIMATE JETCHARTERS LLC,US,UE,IL,UJC
UG,TUNISAIR EXPRESS,TN,UG,,TUX
UGS,SKA AIR AND LOGISTICS (U),UG,UGS,,UGS
UH,AIRCOMPANY ATLASJET UKRAINE LLC,UA,UH,,UJX
UI,AURIC AIR,TZ,UI,,AUK
UJ,ALMASRIA UNIVERSAL AIRLINES,EG,UJ,,LMU
UK,VISTARA,IN,UK,,
UKM,UKRAINIAN-MEDITERRANEAN AIRLINES,UA,UKM,,UKM
UL,SRILANKAN AIRLINES,LK,UL,,ALK
UM,AIR ZIMBABWE,ZW,UM,,AZW
UN,BUSINESS AVIATION ASIA,CN,UN,,UNA
UO,HK EXPRESS,HK,UO,,HKE
UP,BAHAMASAIR,BS,UP,,BHS
UQ,URUMQI AIRLINES,CN,UQ,,CUH
UT,UTAIR AVIATION,RU,UT,,UTA
UU,AIR AUSTRAL,RE,UU,,REU
UV,UNIVERSAL AIRWAYS, INC.,US,UV,TX,UVA
UW,UNI-TOP AIRLINES,CN,UW,,UTP
UX,AIR EUROPA,ES,UX,,AEA
UY,SKY PEARL,SA,UY,,SPD
UZ,BURAQ AIR,LY,UZ,,BRQ
V0,CONVIASA,VE,V0,,VCV
V2,AVIALEASING AVIATION CO,UZ,V2,,TWN
V3,CARPATAIR,RO,V3,,KRP
V4,VIEQUES AIR LINK,PR,V4,,VES
V5,AEROVIAS DAP S.A.,CL,V5,,DAP
V6,VI AIRLINK,VG,V6,,
V7,VOLOTEA,ES,V7,,VOE
V8,ILIAMNA AIR TAXI,US,V8,AK,IAR
V9,CITYWING,GB,V9,,MNX
VA,VIRGIN AUSTRALIA INTERNATIONAL,AU,VA,,VOZ
VAS,ATRAN,RU,VAS,,VAS
VB,VIVAAEROBUS,MX,VB,,VIV
VC,VIAAIR,US,VC,FL,SRY
VE,EASYFLY S. A.,CO,VE,,EFY
VF,FLYVIKING,NO,VF,,FVK
VI,VOLGA-DNEPR AIRLINES,RU,VI,,VDA
VIT,PT AVIASTAR MANDIRI,ID,VIT,,VIT
VJ,VIETJET,VN,VJ,,VJC
VL,MED VIEW AIRLINES (NIG) LTD,NG,VL,,
VM,MAX AIR,NG,VM,,NGL
VN,VIETNAM AIRLINES,VN,VN,,HVN
VNE,RAVSA VENEZOLANA,VE,VNE,,VNE
VO,VLM AIRLINES D.D.,SI,VO,,WLM
VP,FLYME,MV,VP,,VQI
VQ,NOVOAIR,BD,VQ,,NVQ
VR,TACV CABO VERDE AIRLINES,CV,VR,,TCV
VS,VIRGIN ATLANTIC AIRWAYS,GB,VS,,VIR
VT,AIR TAHITI,PF,VT,,VTA
VTU,TURPIAL AIRLINES,VE,VTU,,VTU
VU,VECA AIRLINES,SV,VU,,VAR
VUR,VIP S.A.,EC,VUR,,VUR
VV,VIVA AIRLINES PERU S.A.C.,PE,VV,,
VVC,VIVACOLOMBIA,CO,VVC,,VVC
VW,TRANSPORTES AEROMAR S.A. DE C.V.,MX,VW,,TAO
VX,VIRGIN AMERICA,US,VX,CA,VRD
VY,VUELING AIRLINES,ES,VY,,VLG
VZ,THAI VIETJET AIR,TH,VZ,,TVJ
W1,WORLD TICKET LTD,DK,W1,,
W2,FLEXFLIGHT APS,DK,W2,,FXT
W3,ARIK AIR,NG,W3,,ARA
W4,LC PERU,PE,W4,,LCB
W5,MAHAN AIR,IR,W5,,IRM
W6,WIZZ AIR,HU,W6,,WZZ
W7,NAKHAL TOURS,LB,W7,,
W8,CARGOJET AIRWAYS LTD.,CA,W8,MB,CJT
WA,KLM CITYHOPPER,NL,WA,,KLC
WB,RWANDAIR EXPRESS,RW,WB,,RWD
WD,MODERN TRANSTPORT AEREO DE CAARGA SA,BR,WD,,
WDL,WDL AVIATION,DE,WDL,,WDL
WE,THAI SMILE AIRWAYS,TH,WE,,THD
WEW,EXPRESS AIR,CA,WEW,SK,WEW
WF,WIDEROE'S FLYVESELSKAP,NO,WF,,WIF
WG,SUNWING AIRLINES INC.,CA,WG,ON,SWG
WI,WHITE AIRWAYS S.A.,PT,WI,,WHT
WK,EDELWEISS AIR,CH,WK,,EDW
WL,WORLD ATLANTIC AIRLINES,US,WL,FL,WAL
WM,WINDWARD ISLAND AIRWAYS INTERNATIONAL,SX,WM,,
WN,SOUTHWEST AIRLINES,US,WN,TX,SWA
WP,ISLAND AIR,US,WP,HI,MKU
WQ,SWIFT AIR L.L.C.,US,WQ,AZ,SWQ
WR,WESTJET ENCORE,CA,WR,AB,WEN
WS,WESTJET,CA,WS,AB,WJA
WSF,WESTAIR BENIN,BJ,WSF,,WSF
WSG,WASAYA AIRWAYS LP,CA,WSG,ON,WSG
WST,WESTERN AIR,BS,WST,,WST
WT,SWIFTAIR,ES,WT,,SWT
WU,WIZZ AIR UKRAINE,UA,WU,,WAU
WV,AERO VIP,PT,WV,,RVP
WW,WOW AIR,IS,WW,,WOW
WX,CITY JET,IE,WX,,BCY
WY,OMAN AIR,OM,WY,,OMA
WZ,RED WINGS AIRLINES,RU,WZ,,RWZ
X3,TUIFLY,DE,X3,,TUI
X4,AIR EXCURSIONS, LLC,US,X4,AK,
X5,AIR EUROPA EXPRESS,ES,X5,,OVA
X8,AIRMAX CARGO S.A,PE,X8,,MMX
X9,AVION EXPRESS,LT,X9,,NVD
XC,CORENDON AIRLINES,TR,XC,,CAI
XE,JETSUITEX,US,XE,SD,
XG,SUNEXPRESS DEUTSCHLAND GMBH,DE,XG,,SXD
XJ,THAI AIR ASIA X,TH,XJ,,TAX
XK,AIR CORSICA,FR,XK,,CCM
XL,LATAM AIRLINES ECUADOR,EC,XL,,LNE
XLL,AIR EXCEL,TZ,XLL,,XLL
XM,ZIMEX AVIATION,CH,XM,,IMX
XN,XPRESS AIR,ID,XN,,XAR
XO,SEAIR INTERNATIONAL,PH,XO,,SRQ
XP,XTRA AIRWAYS,US,XP,NV,CXP
XQ,SUNEXPRESS,TR,XQ,,SXS
XR,CORENDON AIRLINES EUROPE,MT,XR,,CXI
XT,INDONESIA AIRASIA X,ID,XT,,IDX
XU,AFRICAN EXPRESS AIRWAYS,KE,XU,,AXK
XW,NOKSCOOT AIRLINES CO LTD,TH,XW,,NCT
XY,FLYNAS - NATIONAL AIR SERVICES,SA,XY,,KNE
XZ,SOUTH AFRICAN EXPRESS AIRWAYS,ZA,XZ,,EXY
Y2,AIR CENTURY,DO,Y2,,CEY
Y4,VOLARIS,MX,Y4,,VOI
Y5,GOLDEN MYANMAR AIRLINES,MM,Y5,,GMR
Y7,NORDSTAR,RU,Y7,,TYA
Y8,YANGTZE RIVER AIRLINES,CN,Y8,,YZR
Y9,KISH AIR,IR,Y9,,KIS
YB,BORAJET,TR,YB,,BRJ
YC,YAMAL AIRLINES,RU,YC,,LLM
YD,SYNERGY AVIATION,GB,YD,,
YE,YANAIR,UA,YE,,ANR
YG,YTO CARGO AIRLINES CO. LTD,CN,YG,,HYT
YH,YANGON AIRWAYS,MM,YH,,AYG
YJ,ASIAN WINGS AIRWAYS,MM,YJ,,AWM
YK,AVIA TRAFFIC COMPANY,KG,YK,,AVJ
YL,LIBYAN WINGS,LY,YL,,LWA
YM,MONTENEGRO AIRLINES,ME,YM,,MGX
YN,AIR CREEBEC (1994) INC.,CA,YN,QC,CRQ
YO,HELI AIR MONACO,MC,YO,,MCM
YP,PERIMETER AVIATION LTD,CA,YP,MB,PAG
YQ,TAR AEROLINEAS,MX,YQ,,LCT
YR,SCENIC AIRLINES,US,YR,NV,SCE
YS,HOP! REGIONAL,FR,YS,,RAE
YT,YETI AIRLINES,NP,YT,,NYT
YU,EUROATLANTIC AIRWAYS,PT,YU,,MMZ
YV,MESA AIRLINES,US,YV,NM,ASH
YW,AIR NOSTRUM,ES,YW,,ANE
YX,REPUBLIC AIRLINE INC,US,YX,IN,RPA
Z2,PHILIPPINES AIRASIA INC.,PH,Z2,,EZD
Z3,TANANA AIR SERVICE,US,Z3,AK,TNR
Z4,ZAGROSJET,IQ,Z4,,GZQ
Z5,GLOBAL AFRICA AVIATION,ZW,Z5,,GAA
Z7,AMASZONAS URUGUAY,UY,Z7,,AUZ
Z8,AMASZONAS,BO,Z8,,AZN
Z9,BEK AIR,KZ,Z9,,BEK
ZA,SKY ANGKOR AIRLINES,KH,ZA,,SWM
ZC,FLYAFRICA - ZIMBABWE,ZW,ZC,,FZW
ZD,EWA AIR,YT,ZD,,EWR
ZE,EASTAR JET,KR,ZE,,ESR
ZF,AZUR AIR,RU,ZF,,KTK
ZH,SHENZHEN AIRLINES,CN,ZH,,CSZ
ZI,AIGLE AZUR,FR,ZI,,AAF
ZJ,AIR ROUTING INTERNATIONAL L.P.,US,ZJ,TX,ARC
ZK,GREAT LAKES AIRLINES,US,ZK,MN,GLA
ZL,REGIONAL EXPRESS,AU,ZL,NS,RXA
ZM,AIR MANAS,KG,ZM,,MBB
ZN,NAYSA,ES,ZN,,NAY
ZO,ZEXUS AIR SERVICE PVT. LTD.,IN,ZO,,
ZP,AMASZONAS LINEA AEREA,PY,ZP,,AZP
ZQ,AZMAN AIR SERVICES,NG,ZQ,,AZM
ZR,AVIACON ZITOTRANS AIR COMPANY,RU,ZR,,
ZT,TITAN AIRWAYS,GB,ZT,,AWC
ZU,SUNAIR AVIATION,SD,ZU,,SNR
ZV,V AIR CORPORATION,TW,ZV,,
ZW,AIR WISCONSIN,US,ZW,WI,AWI
ZX,AIR GEORGIAN LTD DBA AIR ALLIANCE,CA,ZX,ON,GGN
ZY,CHINA AIR CARGO,CN,ZY,,CCO
