"Keywords","SV"
"brisbane to gladstone flights","1300"
"denver to portland flights","2400"
"melbourne to mildura flights","1600"
"miami to houston flights","2400"
"calgary to winnipeg flights","1600"
"richmond to boston flights","1300"
"tokyo to hong kong flights","1600"
"dublin to manchester flights","4400"
"singapore to guangzhou flights","1000"
"denver to detroit flights","2400"
"calgary to kelowna flights","1600"
"vienna to amsterdam flights","1000"
"boston to charlotte flights","1600"
"prague to amsterdam flights","1600"
"amsterdam to prague flights","1900"
"winnipeg to vancouver flights","1600"
"portland to denver flights","1600"
"denver to kansas city flights","1600"
"saskatoon to calgary flights","1000"
"ahmedabad to mumbai flights","22200"
"raipur to kolkata flights","2900"
"madurai to mumbai flights","2900"
"madurai to hyderabad flights","2400"
"mumbai to coimbatore flights","6600"
"mumbai to jodhpur flights","6600"
"chandigarh to jaipur flights","3600"
"bangalore to goa flights","22200"
"pune to ahmedabad flights","12100"
"chandigarh to jammu flights","1300"
"bhopal to mumbai flights","6600"
"mumbai to port blair flights","1900"
"chennai to raipur flights","1600"
"kolkata to varanasi flights","1900"
"los angeles to san francisco flights","2900"
"chennai to hyderabad flights","14800"
"mumbai to bhubaneswar flights","6600"
"chennai to ahmedabad flights","6600"
"chennai to patna flights","3600"
"jaipur to ahmedabad flights","5400"
"brisbane to darwin flights","2900"
"nagpur to bangalore flights","6600"
"chennai to vijayawada flights","3600"
"patna to ranchi flights","2900"
"hyderabad to goa flights","9900"
"manchester to frankfurt flights","1000"
"pune to jaipur flights","12100"
"chennai to madurai flights","18100"
"bangalore to jaipur flights","12100"
"goa to surat flights","1300"
"hyderabad to ranchi flights","2900"
"zurich to vienna flights","1000"
"jaipur to udaipur flights","3600"
"lucknow to bhopal flights","1600"
"guwahati to jaipur flights","2400"
"jaipur to indore flights","2400"
"guwahati to dibrugarh flights","1000"
"mumbai to belgaum flights","2400"
"atlanta to pittsburgh flights","1600"
"calicut to bangalore flights","1300"
"kolkata to coimbatore flights","1300"
"boston to raleigh flights","1000"
"indore to bangalore flights","6600"
"mumbai to bhuj flights","3600"
"ahmedabad to kolkata flights","6600"
"varanasi to hyderabad flights","1900"
"raipur to bhopal flights","1600"
"coimbatore to hyderabad flights","4400"
"pune to goa flights","12100"
"mumbai to mangalore flights","9900"
"mumbai to leh flights","2900"
"ahmedabad to bhopal flights","1000"
"lucknow to raipur flights","1000"
"varanasi to chennai flights","1600"
"mumbai to vijayawada flights","1600"
"new delhi to amritsar flights","1300"
"new delhi to chennai flights","1900"
"new delhi to hyderabad flights","1600"
"new delhi to ahmedabad flights","1600"
"chennai to ranchi flights","1600"
"hyderabad to new delhi flights","1600"
"new delhi to lucknow flights","1900"
"ranchi to chennai flights","1600"
"mumbai to bangalore flights","33100"
"bangalore to chennai flights","12100"
"new delhi to patna flights","4400"
"lucknow to chandigarh flights","1600"
"chennai to new delhi flights","1600"
"bangalore to kolkata flights","18100"
"mumbai to new delhi flights","1600"
"new delhi to bangalore flights","2400"
"hyderabad to bangalore flights","18100"
"patna to new delhi flights","1600"
"new delhi to guwahati flights","1600"
"new delhi to goa flights","2900"
"new delhi to bhubaneswar flights","1600"
"agartala to kolkata flights","3600"
"bangalore to ahmedabad flights","12100"
"chennai to pune flights","14800"
"chennai to kolkata flights","12100"
"new delhi to ranchi flights","1900"
"mumbai to calicut flights","1900"
"ranchi to new delhi flights","1000"
"hyderabad to cochin flights","2900"
"lucknow to mumbai flights","12100"
"ranchi to bangalore flights","5400"
"ahmedabad to chennai flights","6600"
"bangalore to ranchi flights","6600"
"bhubaneswar to kolkata flights","4400"
"lucknow to bangalore flights","5400"
"bangalore to patna flights","12100"
"kolkata to silchar flights","1600"
"amritsar to bangalore flights","1300"
"vijayawada to hyderabad flights","3600"
"ahmedabad to jaipur flights","6600"
"goa to ahmedabad flights","2900"
"jammu to mumbai flights","1600"
"hyderabad to indore flights","2900"
"hyderabad to trivandrum flights","1900"
"chennai to calicut flights","1900"
"mumbai to diu flights","1600"
"san francisco to los angeles flights","4400"
"bangalore to udaipur flights","1600"
"goa to jaipur flights","1600"
"goa to chandigarh flights","1000"
"sydney to brisbane flights","14800"
"las vegas to los angeles flights","5400"
"phoenix to los angeles flights","1600"
"calgary to vancouver flights","6600"
"boston to atlanta flights","5400"
"bangkok to ko samui flights","6600"
"christchurch to wellington flights","1300"
"los angeles to denver flights","1000"
"san jose to los angeles flights","1600"
"san diego to los angeles flights","1300"
"boston to los angeles flights","2900"
"vancouver to calgary flights","5400"
"cuzco to lima flights","2400"
"auckland to wellington flights","4400"
"las vegas to san francisco flights","3600"
"san francisco to las vegas flights","3600"
"sydney to auckland flights","6600"
"detroit to minneapolis flights","1000"
"christchurch to auckland flights","3600"
"canberra to sydney flights","2400"
"tampa to atlanta flights","4400"
"new orleans to atlanta flights","2400"
"ko samui to bangkok flights","2400"
"hong kong to taipei flights","1900"
"taipei to hong kong flights","1000"
"adelaide to sydney flights","6600"
"seattle to vancouver flights","2400"
"boston to san francisco flights","3600"
"san francisco to denver flights","1300"
"san francisco to san diego flights","2900"
"vancouver to seattle flights","1900"
"fort lauderdale to atlanta flights","2400"
"munich to berlin flights","1600"
"berlin to munich flights","1900"
"stockholm to copenhagen flights","1300"
"indianapolis to atlanta flights","1000"
"san diego to san francisco flights","5400"
"auckland to melbourne flights","2900"
"auckland to brisbane flights","2900"
"brisbane to auckland flights","3600"
"denver to phoenix flights","6600"
"toronto to atlanta flights","1900"
"seattle to denver flights","3600"
"spokane to seattle flights","2900"
"frankfurt to berlin flights","1300"
"seattle to san jose flights","1600"
"san jose to seattle flights","2400"
"minneapolis to denver flights","2900"
"barcelona to lisbon flights","1900"
"wellington to christchurch flights","1900"
"riyadh to jeddah flights","1900"
"miami to los angeles flights","1900"
"vancouver to los angeles flights","1900"
"denver to las vegas flights","8100"
"berlin to frankfurt flights","1000"
"los angeles to miami flights","1300"
"madrid to lisbon flights","2400"
"sydney to canberra flights","3600"
"gold coast to sydney flights","5400"
"jeddah to riyadh flights","1300"
"brisbane to townsville flights","2900"
"lisbon to madrid flights","1900"
"richmond to atlanta flights","1000"
"detroit to nashville flights","2400"
"amsterdam to barcelona flights","2400"
"las vegas to seattle flights","2900"
"detroit to las vegas flights","4400"
"brisbane to adelaide flights","2900"
"buffalo to atlanta flights","1300"
"madrid to barcelona flights","3600"
"brisbane to cairns flights","5400"
"amsterdam to copenhagen flights","1900"
"copenhagen to amsterdam flights","1900"
"brisbane to rockhampton flights","1900"
"brisbane to mackay flights","1900"
"amsterdam to zurich flights","1300"
"auckland to queenstown flights","4400"
"phoenix to seattle flights","4400"
"adelaide to brisbane flights","2900"
"phoenix to san francisco flights","1900"
"miami to chicago flights","4400"
"seattle to phoenix flights","3600"
"rome to palermo flights","1000"
"cairns to brisbane flights","3600"
"seattle to san diego flights","4400"
"cairns to sydney flights","2400"
"brisbane to perth flights","4400"
"barcelona to amsterdam flights","1900"
"port elizabeth to johannesburg flights","1900"
"sydney to adelaide flights","6600"
"sydney to perth flights","8100"
"detroit to fort lauderdale flights","1300"
"perth to sydney flights","9900"
"san francisco to boston flights","1600"
"amsterdam to madrid flights","1300"
"san francisco to vancouver flights","1300"
"baltimore to boston flights","1000"
"barcelona to rome flights","2400"
"amsterdam to rome flights","1900"
"vancouver to kelowna flights","2400"
"frankfurt to paris flights","1000"
"dammam to jeddah flights","1300"
"charlotte to miami flights","2900"
"jakarta to singapore flights","5400"
"amsterdam to lisbon flights","1000"
"melbourne to auckland flights","3600"
"denver to austin flights","2400"
"kelowna to vancouver flights","2400"
"phoenix to denver flights","6600"
"vancouver to san francisco flights","1900"
"brisbane to newcastle flights","2400"
"frankfurt to amsterdam flights","1000"
"amsterdam to vienna flights","1000"
"san diego to atlanta flights","1000"
"phoenix to detroit flights","1300"
"las vegas to denver flights","2400"
"denver to omaha flights","1900"
"singapore to sydney flights","3600"
"amsterdam to manchester flights","1900"
"adelaide to perth flights","2900"
"austin to denver flights","4400"
"brisbane to canberra flights","2900"
"detroit to new orleans flights","1900"
"auckland to napier flights","1000"
"boston to philadelphia flights","4400"
"sydney to singapore flights","4400"
"birmingham to amsterdam flights","6600"
"detroit to seattle flights","1900"
"atlanta to london flights","2900"
"denver to albuquerque flights","1000"
"chicago to montreal flights","1600"
"phoenix to salt lake city flights","1000"
"boston to richmond flights","1000"
"cebu to manila flights","2900"
"melbourne to canberra flights","4400"
"auckland to nelson flights","1000"
"canberra to brisbane flights","2900"
"bahrain to dubai flights","1900"
"danang to hanoi flights","1000"
"charlotte to boston flights","2400"
"montreal to vancouver flights","3600"
"boise to portland flights","1000"
"detroit to miami flights","2900"
"melbourne to singapore flights","3600"
"sydney to cairns flights","6600"
"townsville to brisbane flights","2900"
"amsterdam to edinburgh flights","1300"
"montreal to chicago flights","1000"
"albuquerque to denver flights","1300"
"auckland to palmerston north flights","1000"
"vancouver to montreal flights","2900"
"atlanta to key west flights","1000"
"detroit to phoenix flights","2400"
"singapore to melbourne flights","3600"
"johannesburg to east london flights","2400"
"lisbon to barcelona flights","1600"
"zurich to amsterdam flights","1600"
"oakland to seattle flights","1600"
"boston to indianapolis flights","1000"
"rockhampton to brisbane flights","1900"
"denver to boston flights","3600"
"london to san francisco flights","2900"
"brisbane to singapore flights","1900"
"hong kong to manila flights","1900"
"manila to hong kong flights","2900"
"munich to amsterdam flights","1600"
"east london to johannesburg flights","2400"
"houston to guadalajara flights","1000"
"phoenix to san diego flights","2900"
"hong kong to seoul flights","1600"
"mackay to brisbane flights","2400"
"denver to boise flights","1000"
"boston to miami flights","8100"
"philadelphia to boston flights","5400"
"munich to rome flights","1000"
"denver to san antonio flights","1300"
"toronto to san francisco flights","2400"
"detroit to tampa flights","2400"
"san diego to phoenix flights","1900"
"des moines to denver flights","1600"
"boston to denver flights","5400"
"london to houston flights","1300"
"toronto to saskatoon flights","1000"
"tampa to detroit flights","1000"
"singapore to jakarta flights","4400"
"kelowna to calgary flights","1300"
"jakarta to kuala lumpur flights","1000"
"rome to barcelona flights","2400"
"london to miami flights","4400"
"houston to london flights","2400"
"melbourne to launceston flights","1600"
"detroit to san francisco flights","1000"
"bali to singapore flights","2400"
"madrid to amsterdam flights","1300"
"malaga to barcelona flights","1600"
"barcelona to malaga flights","1300"
"queenstown to auckland flights","2400"
"hong kong to singapore flights","5400"
"perth to brisbane flights","4400"
"launceston to melbourne flights","1300"
"columbus to boston flights","1000"
"rome to amsterdam flights","1600"
"boston to montreal flights","2900"
"regina to calgary flights","1000"
"singapore to hong kong flights","6600"
"seattle to boston flights","2900"
"aberdeen to amsterdam flights","1000"
"manila to cebu flights","5400"
"seattle to oakland flights","1300"
"miami to london flights","2400"
"philadelphia to san francisco flights","1600"
"cleveland to los angeles flights","1000"
"auckland to gold coast flights","1300"
"manchester to amsterdam flights","8100"
"napier to auckland flights","1000"
"newcastle to london flights","5400"
"hanoi to danang flights","1900"
"newcastle to brisbane flights","3600"
"sydney to wellington flights","1300"
"calgary to victoria flights","1000"
"london to philadelphia flights","1000"
"saskatoon to toronto flights","1600"
"denver to reno flights","1000"
"kuala lumpur to hong kong flights","1000"
"burbank to las vegas flights","1600"
"denver to miami flights","2900"
"atlanta to paris flights","1900"
"toronto to miami flights","5400"
"london to johannesburg flights","2900"
"broome to perth flights","1600"
"coffs harbour to sydney flights","1600"
"montreal to calgary flights","1600"
"denver to indianapolis flights","1300"
"kansas city to denver flights","1900"
"boston to pittsburgh flights","2400"
"boston to cleveland flights","1900"
"darwin to sydney flights","1600"
"victoria to calgary flights","1000"
"manchester to munich flights","2400"
"perth to adelaide flights","3600"
"johannesburg to london flights","2400"
"omaha to denver flights","2900"
"dubai to bahrain flights","1600"
"fort lauderdale to boston flights","1300"
"brisbane to christchurch flights","1000"
"san jose to las vegas flights","2900"
"miami to toronto flights","1600"
"auckland to perth flights","1300"
"boston to buffalo flights","1900"
"riyadh to dubai flights","2400"
"perth to singapore flights","3600"
"singapore to perth flights","2900"
"mumbai to abu dhabi flights","1000"
"pittsburgh to boston flights","2900"
"dubai to riyadh flights","1600"
"st louis to denver flights","1600"
"miami to boston flights","2900"
"singapore to penang flights","4400"
"seattle to honolulu flights","1300"
"toronto to houston flights","1600"
"houston to toronto flights","1000"
"penang to singapore flights","3600"
"halifax to montreal flights","1600"
"hong kong to osaka flights","1000"
"mumbai to singapore flights","8100"
"jacksonville to miami flights","1300"
"barcelona to granada flights","1000"
"charlotte to new orleans flights","1300"
"london to toronto flights","6600"
"singapore to bali flights","8100"
"denver to nashville flights","1900"
"london to atlanta flights","1600"
"bristol to amsterdam flights","4400"
"chicago to paris flights","3600"
"calgary to montreal flights","1600"
"austin to phoenix flights","1300"
"colombo to singapore flights","1000"
"miami to madrid flights","1900"
"sevilla to barcelona flights","1000"
"charlotte to denver flights","1900"
"tampa to miami flights","3600"
"albury to sydney flights","1900"
"palmerston north to auckland flights","1000"
"melbourne to christchurch flights","1300"
"liverpool to dublin flights","5400"
"johannesburg to mauritius flights","1600"
"kuala lumpur to jakarta flights","1000"
"montreal to halifax flights","1300"
"san diego to portland flights","1600"
"singapore to phuket flights","3600"
"new orleans to miami flights","2400"
"toronto to regina flights","1300"
"zurich to rome flights","1000"
"miami to new orleans flights","1900"
"vancouver to chicago flights","1000"
"boston to paris flights","3600"
"nashville to miami flights","1900"
"oklahoma city to denver flights","1900"
"jeddah to dubai flights","1300"
"glasgow to amsterdam flights","3600"
"denver to new orleans flights","2400"
"denver to charlotte flights","1300"
"denver to tampa flights","1900"
"calgary to las vegas flights","1300"
"dar es salaam to zanzibar flights","1000"
"brisbane to hobart flights","1300"
"darwin to brisbane flights","1900"
"denver to milwaukee flights","1300"
"birmingham to glasgow flights","4400"
"miami to tampa flights","2400"
"detroit to london flights","1000"
"hobart to sydney flights","1600"
"prince george to vancouver flights","1300"
"cairo to dubai flights","1600"
"tulsa to denver flights","1300"
"phuket to singapore flights","1000"
"portland to las vegas flights","1000"
"portland to san diego flights","1000"
"melbourne to wellington flights","1000"
"boston to new york flights","6600"
"atlanta to new york flights","9900"
"charlotte to las vegas flights","1600"
"davao to manila flights","1000"
"charlotte to tampa flights","1000"
"atlanta to rome flights","1000"
"denver to cleveland flights","1000"
"boston to west palm beach flights","1000"
"phoenix to portland flights","1300"
"boston to tampa flights","3600"
"boston to las vegas flights","3600"
"new york to atlanta flights","5400"
"atlanta to chicago flights","9900"
"johannesburg to harare flights","1600"
"colombo to chennai flights","1000"
"sunshine coast to sydney flights","1000"
"toronto to denver flights","1000"
"sydney to queenstown flights","1900"
"miami to las vegas flights","2400"
"denver to cancun flights","1900"
"las vegas to oakland flights","1000"
"melbourne to sydney flights","22200"
"las vegas to miami flights","1900"
"busan to jeju flights","1000"
"ottawa to halifax flights","1600"
"chicago to vancouver flights","1300"
"san antonio to denver flights","1600"
"new york to boston flights","5400"
"atlanta to houston flights","5400"
"detroit to chicago flights","3600"
"boston to fort myers flights","1600"
"manila to davao flights","1600"
"sydney to hobart flights","4400"
"dubai to karachi flights","1900"
"toronto to london flights","8100"
"london to abu dhabi flights","1300"
"chicago to atlanta flights","8100"
"zurich to barcelona flights","1000"
"ko samui to phuket flights","1000"
"barcelona to manchester flights","1300"
"toronto to philadelphia flights","1300"
"portland to phoenix flights","1000"
"san diego to oakland flights","1300"
"charlotte to nashville flights","1300"
"sydney to los angeles flights","1600"
"barcelona to nice flights","1000"
"san jose to san diego flights","2400"
"hong kong to sydney flights","1600"
"perth to karratha flights","1000"
"sydney to hong kong flights","1900"
"chicago to mexico city flights","1900"
"columbus to chicago flights","1900"
"oakland to san diego flights","1600"
"houston to atlanta flights","5400"
"charlotte to new york flights","2900"
"chicago to detroit flights","2400"
"cincinnati to new york flights","1600"
"vancouver to las vegas flights","2400"
"sydney to coffs harbour flights","1900"
"dammam to dubai flights","1000"
"halifax to ottawa flights","1300"
"cleveland to denver flights","1600"
"new delhi to london flights","1300"
"boston to phoenix flights","2400"
"denver to houston flights","4400"
"cardiff to amsterdam flights","2400"
"regina to toronto flights","1300"
"denver to new york flights","2900"
"chicago to minneapolis flights","4400"
"minneapolis to chicago flights","4400"
"miami to new york flights","8100"
"toronto to fort lauderdale flights","1900"
"phuket to ko samui flights","1900"
"chicago to denver flights","9900"
"harare to johannesburg flights","1600"
"karratha to perth flights","1000"
"sydney to sunshine coast flights","1600"
"tokyo to okinawa flights","1600"
"detroit to fort myers flights","1000"
"seattle to reno flights","1000"
"istanbul to antalya flights","1300"
"new york to miami flights","9900"
"columbus to new york flights","1300"
"fort lauderdale to tampa flights","1000"
"mumbai to london flights","8100"
"winnipeg to montreal flights","1000"
"sydney to darwin flights","2400"
"gold coast to auckland flights","1000"
"melbourne to newcastle flights","1900"
"reno to las vegas flights","1600"
"bundaberg to brisbane flights","1000"
"phuket to bangkok flights","5400"
"singapore to mumbai flights","3600"
"manchester to aberdeen flights","2400"
"newcastle to melbourne flights","3600"
"new york to pittsburgh flights","1600"
"new york to indianapolis flights","1000"
"ottawa to vancouver flights","2400"
"las vegas to reno flights","1900"
"miami to paris flights","1600"
"perth to broome flights","2900"
"houston to new orleans flights","3600"
"melbourne to cairns flights","3600"
"new orleans to houston flights","1900"
"detroit to san diego flights","1300"
"auckland to dunedin flights","1300"
"auckland to singapore flights","1000"
"miami to denver flights","2400"
"barcelona to dublin flights","1000"
"ottawa to calgary flights","1600"
"new york to charlotte flights","1300"
"tokyo to sapporo flights","2400"
"denver to chicago flights","8100"
"new york to montreal flights","2400"
"cincinnati to denver flights","1300"
"columbus to denver flights","1000"
"singapore to colombo flights","1000"
"new york to denver flights","2900"
"new york to seattle flights","2400"
"montreal to new york flights","2900"
"st louis to new york flights","1000"
"indianapolis to new york flights","1600"
"pittsburgh to new york flights","1600"
"tampa to denver flights","2400"
"dubbo to sydney flights","1600"
"cairo to hurghada flights","1000"
"melbourne to hong kong flights","1300"
"miami to cancun flights","1900"
"boston to chicago flights","9900"
"budapest to prague flights","1900"
"chiang mai to bangkok flights","2900"
"bloemfontein to johannesburg flights","1600"
"bangkok to sydney flights","1300"
"boston to dublin flights","2400"
"san diego to boston flights","2400"
"detroit to new york flights","2900"
"singapore to taipei flights","2400"
"taipei to singapore flights","1300"
"montreal to fort lauderdale flights","1000"
"hong kong to melbourne flights","1000"
"paris to dubai flights","1000"
"perth to kalgoorlie flights","1300"
"sydney to albury flights","1600"
"perth to auckland flights","1600"
"manila to bacolod flights","1000"
"southampton to manchester flights","3600"
"seoul to singapore flights","1000"
"madrid to malaga flights","1000"
"new york to toronto flights","5400"
"miami to key west flights","1300"
"buffalo to new york flights","1900"
"new york to detroit flights","1900"
"nashville to chicago flights","2400"
"bangkok to phuket flights","12100"
"boston to toronto flights","3600"
"new orleans to new york flights","2900"
"jacksonville to new york flights","1000"
"miami to tallahassee flights","1000"
"dublin to amsterdam flights","5400"
"toronto to paris flights","3600"
"tallahassee to miami flights","1000"
"chicago to st louis flights","1600"
"sioux falls to denver flights","1000"
"toronto to phoenix flights","1600"
"austin to las vegas flights","2900"
"miami to nassau flights","1300"
"manila to iloilo flights","1600"
"amsterdam to budapest flights","1300"
"singapore to manila flights","3600"
"dubai to bangkok flights","1300"
"dhaka to chittagong flights","1900"
"new york to new orleans flights","3600"
"boston to nashville flights","5400"
"seattle to austin flights","1300"
"philadelphia to pittsburgh flights","1600"
"austin to seattle flights","1900"
"manila to singapore flights","4400"
"nashville to boston flights","1900"
"hong kong to tokyo flights","2900"
"phoenix to san antonio flights","1000"
"new york to buffalo flights","1900"
"austin to houston flights","1300"
"brisbane to bundaberg flights","1000"
"milwaukee to denver flights","1900"
"new orleans to denver flights","1600"
"mumbai to hong kong flights","2900"
"penang to kuala lumpur flights","1300"
"new york to nashville flights","1900"
"kuala lumpur to penang flights","1600"
"memphis to new york flights","1300"
"savannah to new york flights","1000"
"atlanta to punta cana flights","1000"
"yangon to singapore flights","1000"
"st louis to chicago flights","1300"
"nashville to houston flights","1000"
"chicago to nashville flights","4400"
"budapest to amsterdam flights","1000"
"dubai to cairo flights","1600"
"boston to madrid flights","1300"
"houston to chicago flights","6600"
"newcastle to paris flights","2400"
"birmingham to barcelona flights","3600"
"amsterdam to milan flights","1000"
"mildura to melbourne flights","1600"
"sydney to townsville flights","1300"
"stockholm to helsinki flights","1000"
"manchester to chicago flights","1000"
"boston to amsterdam flights","1900"
"houston to denver flights","6600"
"brisbane to queenstown flights","1000"
"singapore to shanghai flights","2400"
"dubai to mumbai flights","8100"
"chicago to dublin flights","1900"
"london to ottawa flights","1000"
"dunedin to auckland flights","1000"
"singapore to tokyo flights","3600"
"tokyo to singapore flights","1600"
"manchester to new york flights","8100"
"toronto to nashville flights","2900"
"manchester to dublin flights","6600"
"los angeles to chicago flights","1900"
"toronto to amsterdam flights","2900"
"edinburgh to birmingham flights","2900"
"canberra to adelaide flights","1300"
"zagreb to dubrovnik flights","1000"
"toronto to boston flights","4400"
"chicago to madrid flights","1000"
"shanghai to singapore flights","1600"
"melbourne to darwin flights","2400"
"singapore to yangon flights","1900"
"san diego to honolulu flights","1000"
"chennai to colombo flights","2400"
"chicago to los angeles flights","5400"
"dubai to colombo flights","1000"
"dublin to birmingham flights","2900"
"st louis to las vegas flights","1300"
"toronto to thunder bay flights","1900"
"thunder bay to toronto flights","1600"
"geraldton to perth flights","1000"
"phoenix to boston flights","1900"
"chicago to columbus flights","1000"
"manchester to barcelona flights","5400"
"london to mumbai flights","4400"
"sydney to hamilton island flights","1000"
"sydney to port macquarie flights","1600"
"cairns to townsville flights","1000"
"dublin to chicago flights","1300"
"mumbai to paris flights","3600"
"sydney to tamworth flights","1300"
"abuja to lagos flights","3600"
"toronto to new york flights","14800"
"manchester to copenhagen flights","1900"
"bali to sydney flights","1000"
"singapore to surabaya flights","1000"
"new york to chicago flights","9900"
"chicago to new york flights","14800"
"alicante to manchester flights","1900"
"bristol to dublin flights","4400"
"kuala lumpur to bali flights","1600"
"townsville to sydney flights","1000"
"boston to houston flights","2900"
"nashville to las vegas flights","1600"
"southampton to amsterdam flights","2400"
"long beach to las vegas flights","1900"
"chennai to singapore flights","8100"
"singapore to chennai flights","5400"
"phoenix to miami flights","1600"
"kolkata to singapore flights","2900"
"sydney to bangkok flights","2400"
"bangkok to krabi flights","5400"
"omaha to chicago flights","1900"
"dublin to barcelona flights","2900"
"melbourne to los angeles flights","1000"
"manila to caticlan flights","1000"
"bangkok to kuala lumpur flights","1600"
"calgary to ottawa flights","1000"
"birmingham to munich flights","1000"
"cape town to port elizabeth flights","2400"
"las vegas to houston flights","1600"
"singapore to dubai flights","2400"
"moscow to st petersburg flights","1300"
"houston to phoenix flights","1900"
"houston to las vegas flights","6600"
"kansas city to las vegas flights","1300"
"dubai to singapore flights","1900"
"philadelphia to seattle flights","1600"
"nashville to new orleans flights","1000"
"bangalore to singapore flights","5400"
"chicago to omaha flights","1000"
"perth to bali flights","9900"
"sydney to dubbo flights","1300"
"cancun to havana flights","1000"
"austin to chicago flights","2900"
"edinburgh to dublin flights","4400"
"buffalo to chicago flights","1600"
"pittsburgh to philadelphia flights","1300"
"glasgow to southampton flights","2400"
"london to leeds flights","1300"
"singapore to auckland flights","1300"
"fort lauderdale to denver flights","1000"
"norwich to amsterdam flights","1600"
"houston to san antonio flights","1000"
"shanghai to hong kong flights","2400"
"phoenix to houston flights","1600"
"houston to los angeles flights","4400"
"dublin to edinburgh flights","4400"
"sydney to honolulu flights","1300"
"dublin to madrid flights","1600"
"birmingham to new york flights","2900"
"chicago to boston flights","8100"
"boston to austin flights","1900"
"johannesburg to bloemfontein flights","1300"
"darwin to perth flights","1300"
"singapore to hanoi flights","1900"
"los angeles to houston flights","1300"
"leeds to amsterdam flights","1600"
"malaga to manchester flights","1900"
"dublin to glasgow flights","2400"
"fort lauderdale to las vegas flights","1000"
"toronto to rome flights","2900"
"chicago to pittsburgh flights","1900"
"birmingham to aberdeen flights","1600"
"manila to tacloban flights","1000"
"milwaukee to las vegas flights","1300"
"saskatoon to vancouver flights","1000"
"pittsburgh to chicago flights","2400"
"hong kong to shanghai flights","2900"
"durban to cape town flights","5400"
"san antonio to las vegas flights","1900"
"adelaide to canberra flights","1300"
"seattle to toronto flights","1300"
"southampton to glasgow flights","2400"
"dublin to southampton flights","1300"
"edinburgh to manchester flights","2400"
"dublin to munich flights","1300"
"dubai to paris flights","1300"
"new york to amsterdam flights","1300"
"glasgow to dublin flights","4400"
"cleveland to nashville flights","1000"
"boston to new orleans flights","3600"
"perth to geraldton flights","1300"
"melbourne to queenstown flights","1300"
"pittsburgh to denver flights","1600"
"london to rotterdam flights","1600"
"cleveland to las vegas flights","2400"
"miami to barcelona flights","1300"
"melbourne to bangkok flights","1300"
"bangkok to singapore flights","5400"
"san diego to chicago flights","2900"
"leeds to london flights","1600"
"dublin to boston flights","1600"
"cape town to johannesburg flights","4400"
"singapore to bangalore flights","2400"
"karachi to islamabad flights","1900"
"beirut to istanbul flights","1000"
"new orleans to boston flights","1000"
"manchester to edinburgh flights","3600"
"milan to amsterdam flights","1000"
"sydney to launceston flights","1000"
"manchester to exeter flights","2400"
"sydney to san francisco flights","1000"
"prague to budapest flights","1900"
"krabi to bangkok flights","2900"
"aberdeen to birmingham flights","1600"
"houston to nashville flights","1600"
"kuala lumpur to bangkok flights","2400"
"chicago to san diego flights","4400"
"seattle to chicago flights","3600"
"miami to aruba flights","1000"
"chicago to rome flights","1900"
"houston to austin flights","1600"
"tampa to key west flights","1900"
"milwaukee to phoenix flights","1300"
"southampton to dublin flights","1600"
"austin to san diego flights","1300"
"cardiff to dublin flights","3600"
"manchester to stockholm flights","1300"
"houston to paris flights","1600"
"cochin to dubai flights","1000"
"chiang mai to phuket flights","2400"
"adelaide to cairns flights","1000"
"vancouver to hong kong flights","1000"
"cape town to east london flights","1900"
"dublin to toronto flights","1900"
"manchester to lisbon flights","3600"
"toronto to kelowna flights","1000"
"fort lauderdale to chicago flights","1600"
"boise to las vegas flights","1300"
"san diego to philadelphia flights","1000"
"dublin to bristol flights","1900"
"adelaide to darwin flights","1300"
"santiago to easter island flights","1000"
"singapore to kuala lumpur flights","6600"
"florence to paris flights","1600"
"cincinnati to las vegas flights","1000"
"singapore to chiang mai flights","1600"
"tampa to new orleans flights","1600"
"hong kong to bali flights","1900"
"islamabad to karachi flights","1600"
"townsville to cairns flights","1000"
"exeter to manchester flights","2400"
"kolkata to dhaka flights","3600"
"windsor to toronto flights","1000"
"toronto to fort myers flights","1000"
"oklahoma city to houston flights","1000"
"lagos to abuja flights","5400"
"bangalore to colombo flights","1300"
"kuala lumpur to singapore flights","5400"
"sydney to bali flights","6600"
"sydney to melbourne flights","27100"
"san diego to london flights","1000"
"chicago to amsterdam flights","1600"
"nashville to seattle flights","1000"
"dhaka to kolkata flights","2900"
"austin to boston flights","2400"
"london to cairo flights","1900"
"yangon to mandalay flights","1300"
"vancouver to phoenix flights","1000"
"london to chicago flights","3600"
"tokyo to osaka flights","2400"
"paris to new york flights","1300"
"buffalo to las vegas flights","1300"
"fort lauderdale to new orleans flights","1000"
"paris to florence flights","1900"
"perth to darwin flights","2400"
"melbourne to bali flights","5400"
"chicago to seattle flights","5400"
"montreal to miami flights","1600"
"singapore to kolkata flights","1300"
"dubai to sydney flights","1000"
"edinburgh to southampton flights","1900"
"seattle to paris flights","1300"
"hong kong to phuket flights","1600"
"oslo to bergen flights","1300"
"phnom penh to siem reap flights","1900"
"chicago to fort lauderdale flights","2400"
"johannesburg to dubai flights","1300"
"manchester to alicante flights","4400"
"hong kong to hanoi flights","1300"
"memphis to denver flights","1600"
"seattle to tokyo flights","1000"
"dubai to manchester flights","1300"
"manchester to dubai flights","3600"
"boston to rome flights","1900"
"bangkok to yangon flights","1300"
"new york to paris flights","4400"
"detroit to myrtle beach flights","1000"
"belfast to leeds flights","1000"
"tampa to houston flights","1600"
"austin to nashville flights","1000"
"chicago to fort myers flights","1600"
"birmingham to dubai flights","1900"
"mumbai to kuala lumpur flights","1000"
"edinburgh to barcelona flights","2400"
"philadelphia to san diego flights","1900"
"london to kuala lumpur flights","1600"
"mumbai to doha flights","1600"
"new delhi to kathmandu flights","1000"
"southampton to jersey flights","1600"
"johannesburg to cape town flights","9900"
"new orleans to chicago flights","2400"
"dubai to cochin flights","1000"
"las vegas to new orleans flights","1000"
"mumbai to muscat flights","1000"
"sydney to alice springs flights","1300"
"belfast to liverpool flights","5400"
"indianapolis to las vegas flights","1600"
"chicago to buffalo flights","1000"
"doha to mumbai flights","1600"
"chicago to austin flights","2900"
"osaka to tokyo flights","1600"
"cleveland to miami flights","1600"
"victoria to vancouver flights","1300"
"kuala lumpur to london flights","1600"
"charlotte to chicago flights","2400"
"chicago to new orleans flights","6600"
"manchester to cork flights","1300"
"karachi to lahore flights","2900"
"bangkok to london flights","1600"
"newquay to manchester flights","1600"
"toronto to dublin flights","2400"
"dubai to amsterdam flights","1000"
"singapore to siem reap flights","1000"
"singapore to bangkok flights","9900"
"new orleans to las vegas flights","1900"
"mumbai to colombo flights","1900"
"houston to boston flights","2900"
"canberra to gold coast flights","1300"
"phoenix to london flights","1300"
"new york to barcelona flights","1300"
"sydney to dubai flights","1300"
"hyderabad to singapore flights","1900"
"new york to hong kong flights","1000"
"port elizabeth to cape town flights","1600"
"new york to madrid flights","1000"
"pokhara to kathmandu flights","1300"
"calgary to london flights","1600"
"kuala lumpur to langkawi flights","2400"
"omaha to las vegas flights","1000"
"lahore to karachi flights","3600"
"hanoi to hue flights","1300"
"london to calgary flights","1600"
"manchester to malaga flights","5400"
"manchester to chicago flights","1000"
"singapore to hyderabad flights","1000"
"belfast to southampton flights","1300"
"cleveland to phoenix flights","1300"
"doha to dubai flights","1900"
"kathmandu to pokhara flights","3600"
"dublin to cardiff flights","1600"
"phoenix to nashville flights","1000"
"brisbane to bali flights","3600"
"dubai to istanbul flights","1900"
"mumbai to new york flights","3600"
"philadelphia to new orleans flights","2900"
"wellington to queenstown flights","1000"
"amsterdam to johannesburg flights","1000"
"singapore to osaka flights","1600"
"tampa to las vegas flights","1900"
"new york to aruba flights","1000"
"melbourne to dubai flights","1000"
"boston to bermuda flights","2900"
"london to beirut flights","1300"
"austin to new orleans flights","1600"
"london to shanghai flights","1300"
"pittsburgh to las vegas flights","2400"
"manchester to hamburg flights","1300"
"chicago to san francisco flights","4400"
"phuket to chiang mai flights","1300"
"san francisco to chicago flights","1900"
"chicago to london flights","6600"
"norwich to manchester flights","1000"
"new york to rome flights","1900"
"melbourne to townsville flights","1000"
"birmingham to inverness flights","1300"
"shanghai to tokyo flights","1000"
"seattle to new orleans flights","1300"
"yangon to bangkok flights","1600"
"singapore to kuching flights","1000"
"manila to legazpi flights","1000"
"istanbul to dubai flights","1000"
"chicago to san antonio flights","1600"
"belfast to london flights","8100"
"buffalo to tampa flights","1300"
"dubai to hyderabad flights","2400"
"houston to fort lauderdale flights","1000"
"chicago to portland flights","1900"
"tokyo to seoul flights","1900"
"bangalore to dubai flights","5400"
"singapore to ipoh flights","2900"
"manila to tokyo flights","1300"
"ipoh to singapore flights","2400"
"southampton to edinburgh flights","3600"
"newcastle to southampton flights","2400"
"glasgow to dubai flights","1300"
"houston to san diego flights","2900"
"dublin to dubai flights","2400"
"east london to cape town flights","1600"
"dhaka to jessore flights","1300"
"amsterdam to berlin flights","3600"
"san diego to houston flights","1600"
"southampton to newcastle flights","2900"
"copenhagen to berlin flights","1000"
"gold coast to cairns flights","1000"
"glasgow to manchester flights","2400"
"seattle to nashville flights","1000"
"liverpool to isle of man flights","1600"
"hyderabad to dubai flights","3600"
"denver to honolulu flights","1000"
"boston to cancun flights","1900"
"toronto to barcelona flights","1900"
"muscat to mumbai flights","1300"
"dublin to newcastle flights","1300"
"memphis to chicago flights","1900"
"jakarta to yogyakarta flights","1000"
"chicago to salt lake city flights","1300"
"johannesburg to durban flights","8100"
"oklahoma city to las vegas flights","1000"
"chennai to dubai flights","6600"
"manchester to istanbul flights","1300"
"san antonio to chicago flights","1600"
"toronto to san diego flights","1300"
"ahmedabad to dubai flights","5400"
"muscat to chennai flights","1000"
"dubai to manila flights","2900"
"durban to johannesburg flights","6600"
"dhaka to bangkok flights","1000"
"leeds to belfast flights","1000"
"dubai to chennai flights","5400"
"cork to amsterdam flights","1000"
"seoul to tokyo flights","1900"
"newcastle to dublin flights","2900"
"dublin to lisbon flights","1900"
"belfast to glasgow flights","3600"
"manchester to glasgow flights","2400"
"boston to aruba flights","2400"
"cork to manchester flights","1000"
"manila to dubai flights","1300"
"singapore to danang flights","1000"
"manchester to lanzarote flights","2900"
"miami to rome flights","1000"
"memphis to houston flights","1000"
"manchester to newquay flights","2900"
"vancouver to new york flights","2400"
"manila to sydney flights","1000"
"dublin to faro flights","1900"
"adelaide to bali flights","1900"
"mumbai to tokyo flights","1000"
"cardiff to edinburgh flights","4400"
"mumbai to mauritius flights","2400"
"miami to seattle flights","1000"
"indianapolis to chicago flights","1300"
"singapore to bandung flights","1300"
"el paso to las vegas flights","1000"
"chicago to charlotte flights","1600"
"chicago to memphis flights","1600"
"sydney to manila flights","1600"
"perth to canberra flights","1000"
"fresno to san diego flights","1900"
"cape town to bloemfontein flights","1300"
"charlotte to houston flights","1000"
"bloemfontein to cape town flights","1600"
"bangalore to london flights","2400"
"liverpool to belfast flights","3600"
"durban to port elizabeth flights","1300"
"leeds to dublin flights","1900"
"mumbai to kuwait flights","1000"
"bangkok to surat thani flights","1000"
"bangalore to paris flights","1000"
"dublin to malaga flights","2400"
"sydney to vancouver flights","1600"
"london to nairobi flights","1600"
"berlin to prague flights","1300"
"doha to chennai flights","1300"
"san diego to fresno flights","1000"
"trivandrum to dubai flights","1600"
"new york to moscow flights","1000"
"bangkok to tokyo flights","1300"
"austin to miami flights","1600"
"dublin to copenhagen flights","1600"
"london to bangkok flights","4400"
"london to belfast flights","6600"
"kolkata to dubai flights","2900"
"bogota to medellin flights","1000"
"manchester to faro flights","3600"
"birmingham to alicante flights","2900"
"toronto to hong kong flights","1300"
"lagos to accra flights","1000"
"london to seoul flights","1000"
"amsterdam to paris flights","3600"
"indianapolis to miami flights","1000"
"houston to mexico city flights","1600"
"manchester to new york flights","8100"
"manchester to jersey flights","1300"
"vancouver to sydney flights","1000"
"phoenix to new orleans flights","1000"
"bristol to paris flights","2900"
"manchester to zurich flights","1300"
"southampton to belfast flights","1000"
"new york to vancouver flights","1600"
"penang to langkawi flights","1900"
"dubai to trivandrum flights","1600"
"san diego to miami flights","1300"
"chicago to indianapolis flights","1600"
"toronto to calgary flights","8100"
"dubai to lahore flights","1600"
"dubai to bangalore flights","2400"
"lagos to dubai flights","1300"
"singapore to paris flights","1000"
"berlin to copenhagen flights","1300"
"melbourne to gold coast flights","5400"
"belfast to manchester flights","4400"
"newcastle to gold coast flights","1600"
"toronto to new orleans flights","1900"
"toronto to sydney flights","1000"
"brisbane to bangkok flights","1000"
"coimbatore to singapore flights","1000"
"cardiff to paris flights","1900"
"tokyo to london flights","1000"
"birmingham to berlin flights","1600"
"calgary to toronto flights","6600"
"pittsburgh to miami flights","1600"
"london to tokyo flights","4400"
"seattle to miami flights","1600"
"manila to laoag flights","1600"
"mexico city to cancun flights","1600"
"singapore to cebu flights","1300"
"toronto to lisbon flights","1900"
"calgary to new york flights","1000"
"san jose to los angeles flights","1600"
"bangkok to hong kong flights","2400"
"houston to cancun flights","3600"
"melbourne to tokyo flights","1600"
"edinburgh to copenhagen flights","1300"
"vancouver to tokyo flights","1300"
"dublin to lanzarote flights","2400"
"chicago to guadalajara flights","1600"
"sydney to newcastle flights","1000"
"tampa to seattle flights","1300"
"geneva to paris flights","1300"
"berlin to amsterdam flights","3600"
"brussels to berlin flights","1300"
"manchester to las vegas flights","1900"
"melbourne to alice springs flights","1000"
"johannesburg to victoria falls flights","1000"
"tokyo to bangkok flights","1000"
"kuwait to mumbai flights","1300"
"malaga to birmingham flights","1000"
"belfast to birmingham flights","3600"
"jakarta to bangkok flights","1600"
"birmingham to belfast flights","2900"
"paris to geneva flights","1600"
"birmingham to lanzarote flights","1600"
"birmingham to malaga flights","4400"
"edinburgh to cardiff flights","1900"
"berlin to barcelona flights","1000"
"belfast to edinburgh flights","3600"
"miami to havana flights","2900"
"dubai to ahmedabad flights","1300"
"edinburgh to london flights","14800"
"dubai to doha flights","1600"
"london to edinburgh flights","18100"
"london to ottawa flights","1000"
"dublin to geneva flights","1000"
"cardiff to alicante flights","1600"
"newcastle to sydney flights","1000"
"exeter to dublin flights","1000"
"mumbai to amsterdam flights","1300"
"bangkok to siem reap flights","2900"
"pittsburgh to nashville flights","1300"
"chicago to cancun flights","3600"
"pittsburgh to houston flights","1000"
"cardiff to malaga flights","1600"
"birmingham to jersey flights","1000"
"toronto to athens flights","1000"
"manchester to geneva flights","1900"
"ahmedabad to singapore flights","1000"
"exeter to paris flights","1000"
"bristol to jersey flights","1000"
"bristol to geneva flights","1600"
"san diego to vancouver flights","1000"
"cape town to george flights","2400"
"athens to paris flights","1000"
"durban to east london flights","1000"
"glasgow to belfast flights","4400"
"london to bangalore flights","1300"
"inverness to amsterdam flights","1000"
"singapore to krabi flights","1600"
"newcastle to malaga flights","1900"
"singapore to langkawi flights","2400"
"phoenix to cancun flights","1300"
"san diego to new orleans flights","1000"
"vancouver to san diego flights","1000"
"bangkok to hanoi flights","1600"
"vancouver to paris flights","1300"
"phnom penh to bangkok flights","1300"
"bangkok to jakarta flights","1000"
"perth to cairns flights","1300"
"siem reap to bangkok flights","1600"
"cardiff to glasgow flights","2400"
"bali to jakarta flights","1300"
"manchester to vienna flights","1600"
"manchester to berlin flights","2900"
"amsterdam to london flights","9900"
"chennai to doha flights","1000"
"colorado springs to las vegas flights","1000"
"vancouver to cancun flights","1300"
"edinburgh to bristol flights","2900"
"manchester to ibiza flights","2400"
"dubai to kolkata flights","1600"
"hong kong to bangkok flights","2900"
"manchester to dalaman flights","1600"
"manchester to belfast flights","3600"
"paris to prague flights","1900"
"boston to lisbon flights","1000"
"manchester to paphos flights","1600"
"perth to bangkok flights","1000"
"gold coast to melbourne flights","2900"
"birmingham to faro flights","1900"
"dublin to prague flights","1900"
"toronto to manchester flights","1000"
"birmingham to madrid flights","1600"
"glasgow to bristol flights","2400"
"manchester to toronto flights","1900"
"paris to amsterdam flights","4400"
"prague to paris flights","1600"
"leeds to southampton flights","1000"
"manchester to malta flights","2400"
"bristol to barcelona flights","2400"
"mangalore to dubai flights","1900"
"chicago to dubai flights","1000"
"jakarta to bali flights","3600"
"southampton to leeds flights","1300"
"houston to seattle flights","2900"
"seattle to houston flights","2400"
"brisbane to vancouver flights","1000"
"toronto to halifax flights","5400"
"paris to berlin flights","2900"
"halifax to toronto flights","4400"
"glasgow to paris flights","2900"
"berlin to paris flights","2900"
"kolkata to paro flights","2900"
"birmingham to cork flights","1000"
"dubai to mangalore flights","1600"
"edinburgh to belfast flights","2900"
"bristol to malaga flights","2900"
"toronto to new delhi flights","1000"
"belfast to lanzarote flights","1900"
"chiang mai to krabi flights","1300"
"copenhagen to paris flights","1000"
"london to hyderabad flights","1000"
"london to chennai flights","1000"
"exeter to newcastle flights","1600"
"bristol to alicante flights","2400"
"edinburgh to alicante flights","1600"
"boston to punta cana flights","1000"
"manchester to prague flights","2400"
"dublin to vienna flights","1000"
"edinburgh to paris flights","3600"
"london to helsinki flights","1600"
"new york to bermuda flights","1000"
"mumbai to kathmandu flights","1900"
"hanoi to bangkok flights","1600"
"birmingham to larnaca flights","1000"
"atlanta to philadelphia flights","3600"
"newcastle to exeter flights","1600"
"dubai to bali flights","1600"
"berlin to budapest flights","1300"
"syracuse to boston flights","1000"
"edinburgh to exeter flights","1300"
"darwin to bali flights","1600"
"dublin to alicante flights","1000"
"singapore to macau flights","1000"
"paris to edinburgh flights","1300"
"cardiff to belfast flights","1300"
"george to cape town flights","1600"
"richmond to miami flights","1000"
"fort lauderdale to new york flights","2400"
"bristol to berlin flights","1300"
"birmingham to prague flights","1600"
"london to bilbao flights","1600"
"new york to fort lauderdale flights","1900"
"london to amsterdam flights","22200"
"manchester to budapest flights","2900"
"chennai to london flights","1600"
"liverpool to amsterdam flights","2900"
"bangkok to bali flights","2400"
"london to inverness flights","3600"
"inverness to london flights","3600"
"cleveland to myrtle beach flights","1000"
"amritsar to dubai flights","1600"
"london to calgary flights","1600"
"perth to albany flights","1000"
"paris to athens flights","1300"
"beirut to dubai flights","1900"
"pattaya to phuket flights","1000"
"cardiff to london flights","1300"
"liverpool to alicante flights","1900"
"exeter to london flights","1900"
"bristol to lanzarote flights","1600"
"doncaster to amsterdam flights","1000"
"memphis to miami flights","1600"
"belfast to malaga flights","2400"
"paris to copenhagen flights","1000"
"chicago to tokyo flights","1300"
"amman to dubai flights","1000"
"london to colombo flights","1000"
"london to vilnius flights","1300"
"calgary to london flights","1600"
"zurich to london flights","2900"
"london to exeter flights","1300"
"dundee to london flights","1300"
"los angeles to london flights","1600"
"belfast to newcastle flights","1600"
"aberdeen to london flights","5400"
"belfast to paris flights","1600"
"sydney to tokyo flights","2400"
"toronto to dubai flights","1900"
"manila to bali flights","1300"
"manchester to larnaca flights","1000"
"london to los angeles flights","3600"
"dublin to nice flights","1000"
"london to zurich flights","4400"
"hyderabad to bangkok flights","1300"
"exeter to amsterdam flights","1000"
"cardiff to newcastle flights","1600"
"liverpool to malaga flights","1900"
"chicago to barcelona flights","1000"
"alicante to london flights","1000"
"newcastle to lanzarote flights","1000"
"chicago to punta cana flights","1000"
"bristol to krakow flights","1000"
"vancouver to london flights","2900"
"glasgow to toronto flights","1000"
"london to vancouver flights","3600"
"malaga to london flights","2400"
"madrid to london flights","3600"
"london to madrid flights","6600"
"toronto to chicago flights","5400"
"sydney to phuket flights","1600"
"birmingham to rome flights","2400"
"cork to malaga flights","1000"
"london to nice flights","5400"
"edinburgh to malaga flights","1900"
"nice to london flights","2400"
"philadelphia to atlanta flights","4400"
"liverpool to jersey flights","1000"
"montreal to paris flights","2400"
"birmingham to venice flights","1000"
"belfast to amsterdam flights","2400"
"bristol to cork flights","1000"
"paris to london flights","8100"
"dublin to budapest flights","1900"
"munich to paris flights","1600"
"lucknow to dubai flights","1600"
"paris to munich flights","1900"
"london to alicante flights","3600"
"manchester to madeira flights","1000"
"manchester to madrid flights","2400"
"belfast to faro flights","1300"
"detroit to philadelphia flights","1600"
"birmingham to geneva flights","1300"
"philadelphia to fort lauderdale flights","1600"
"dubai to amritsar flights","1000"
"edinburgh to munich flights","1000"
"birmingham to newquay flights","1300"
"vienna to paris flights","1300"
"penang to bangkok flights","1900"
"madrid to rome flights","1300"
"paris to vienna flights","1300"
"milan to barcelona flights","1000"
"newcastle to cardiff flights","1000"
"manchester to hong kong flights","1300"
"birmingham to ibiza flights","1300"
"manchester to singapore flights","1300"
"bristol to venice flights","1300"
"philadelphia to detroit flights","1000"
"exeter to glasgow flights","1300"
"dubai to beirut flights","1600"
"copenhagen to london flights","2400"
"charlotte to philadelphia flights","1300"
"london to copenhagen flights","6600"
"london to aberdeen flights","3600"
"london to munich flights","5400"
"newcastle to belfast flights","1600"
"munich to london flights","2400"
"manchester to murcia flights","1900"
"dubai to amman flights","1300"
"manchester to nice flights","1900"
"hong kong to london flights","2900"
"fort lauderdale to philadelphia flights","1000"
"london to riga flights","1300"
"exeter to edinburgh flights","1900"
"leeds to paris flights","1000"
"manila to london flights","1000"
"london to hong kong flights","4400"
"manchester to naples flights","1300"
"manchester to krakow flights","1900"
"liverpool to faro flights","1000"
"melbourne to phuket flights","1300"
"london to manila flights","2400"
"cape town to mauritius flights","1000"
"glasgow to exeter flights","1000"
"miami to barcelona flights","1300"
"madurai to dubai flights","1000"
"london to cardiff flights","1000"
"cleveland to new orleans flights","1000"
"toronto to tokyo flights","1600"
"edinburgh to budapest flights","1000"
"london to dublin flights","18100"
"chicago to philadelphia flights","2900"
"glasgow to berlin flights","1900"
"manchester to athens flights","1600"
"london to dundee flights","1000"
"san diego to new york flights","2900"
"london to naples flights","2900"
"los angeles to new york flights","3600"
"naples to london flights","1000"
"manchester to almeria flights","1000"
"melbourne to adelaide flights","6600"
"adelaide to melbourne flights","8100"
"london to malaga flights","6600"
"london to newquay flights","2900"
"newquay to london flights","2400"
"london to pisa flights","2400"
"london to sofia flights","2400"
"pisa to london flights","1000"
"sofia to london flights","1900"
"lisbon to london flights","2900"
"philadelphia to chicago flights","4400"
"melbourne to hobart flights","4400"
"dublin to new york flights","6600"
"pune to dubai flights","4400"
"dubai to jaipur flights","1300"
"dubai to pune flights","1900"
"hobart to melbourne flights","1900"
"new york to las vegas flights","5400"
"las vegas to new york flights","2900"
"manchester to pisa flights","1000"
"cape town to london flights","1600"
"bristol to prague flights","1300"
"tijuana to cancun flights","1300"
"belfast to alicante flights","1600"
"athens to rome flights","1900"
"auckland to bali flights","1000"
"barcelona to london flights","4400"
"berlin to rome flights","1000"
"rome to athens flights","2400"
"bristol to rome flights","1900"
"dubai to madurai flights","1000"
"london to faro flights","2900"
"new york to los angeles flights","5400"
"london to mikonos flights","1600"
"dublin to vancouver flights","1300"
"larnaca to london flights","1600"
"london to stuttgart flights","1300"
"london to larnaca flights","1900"
"cork to lanzarote flights","1000"
"new delhi to new york flights","1300"
"houston to new york flights","6600"
"dublin to london flights","12100"
"jaipur to dubai flights","2900"
"pittsburgh to myrtle beach flights","1600"
"manchester to marrakech flights","1000"
"edinburgh to prague flights","1300"
"faro to london flights","1000"
"new york to dublin flights","1300"
"london to bologna flights","1300"
"manchester to miami flights","1600"
"liverpool to rome flights","1600"
"london to mauritius flights","2400"
"london to glasgow flights","9900"
"riyadh to hyderabad flights","1000"
"norwich to exeter flights","1300"
"bangalore to bangkok flights","2900"
"bristol to lisbon flights","1600"
"glasgow to london flights","6600"
"dublin to paris flights","4400"
"san francisco to new york flights","2900"
"rome to paris flights","4400"
"rome to london flights","4400"
"southampton to paris flights","1300"
"london to paris flights","22200"
"philadelphia to charlotte flights","1000"
"london to rome flights","12100"
"bangalore to kathmandu flights","1000"
"paris to dublin flights","1900"
"paris to rome flights","6600"
"newcastle to new york flights","1000"
"glasgow to prague flights","1000"
"liverpool to edinburgh flights","1000"
"seoul to jeju flights","2900"
"edinburgh to krakow flights","1300"
"hamburg to london flights","1300"
"london to hamburg flights","1900"
"manchester to dubrovnik flights","1000"
"new york to houston flights","2900"
"melbourne to manila flights","1000"
"pittsburgh to new orleans flights","1300"
"new york to dubai flights","1300"
"philadelphia to tampa flights","2900"
"london to split flights","1900"
"manchester to brussels flights","1900"
"new york to san francisco flights","4400"
"manchester to porto flights","1000"
"liverpool to krakow flights","1300"
"kuwait to dubai flights","1900"
"sydney to london flights","5400"
"dublin to rome flights","2900"
"dubai to kuwait flights","1300"
"kolkata to bangkok flights","5400"
"barcelona to paris flights","5400"
"detroit to houston flights","1900"
"dublin to berlin flights","1900"
"paris to barcelona flights","6600"
"chennai to bangkok flights","2900"
"manchester to boston flights","1600"
"london to venice flights","4400"
"venice to london flights","1900"
"split to london flights","1000"
"toronto to moncton flights","1000"
"belfast to barcelona flights","1300"
"moncton to toronto flights","1000"
"chandigarh to dubai flights","2400"
"birmingham to paris flights","4400"
"amritsar to singapore flights","1000"
"belfast to krakow flights","1600"
"london to cape town flights","3600"
"dublin to krakow flights","1300"
"manchester to rome flights","4400"
"london to barcelona flights","12100"
"austin to new york flights","2400"
"london to geneva flights","6600"
"dhaka to chennai flights","1000"
"ahmedabad to london flights","1300"
"manchester to los angeles flights","1000"
"manchester to milan flights","1900"
"manchester to san francisco flights","1300"
"london to tunis flights","1300"
"geneva to london flights","2900"
"fresno to las vegas flights","1900"
"memphis to las vegas flights","1900"
"new york to austin flights","1600"
"london to cologne flights","1600"
"london to dalaman flights","1300"
"nashville to london flights","1000"
"brussels to barcelona flights","1000"
"beirut to paris flights","1000"
"denver to paris flights","1600"
"san diego to las vegas flights","5400"
"london to moscow flights","3600"
"london to cork flights","2400"
"london to frankfurt flights","3600"
"venice to paris flights","1900"
"london to antalya flights","1000"
"paris to venice flights","2900"
"luxembourg to london flights","1000"
"paris to lisbon flights","1900"
"moscow to london flights","1300"
"london to istanbul flights","4400"
"edinburgh to new york flights","2400"
"new york to tokyo flights","1000"
"dubai to muscat flights","2400"
"las vegas to san diego flights","2900"
"london to sydney flights","5400"
"istanbul to london flights","1600"
"lisbon to paris flights","1300"
"london to luxembourg flights","1600"
"cork to london flights","2400"
"manchester to verona flights","1300"
"glasgow to new york flights","2900"
"frankfurt to london flights","2400"
"houston to detroit flights","1600"
"san antonio to new york flights","1000"
"montreal to london flights","1600"
"shannon to london flights","1000"
"london to montreal flights","1900"
"london to kiev flights","2400"
"london to jersey flights","1300"
"bangkok to mumbai flights","1600"
"london to shannon flights","1000"
"mumbai to bangkok flights","8100"
"singapore to london flights","4400"
"london to prague flights","6600"
"prague to london flights","2400"
"toronto to mumbai flights","1900"
"seattle to london flights","2900"
"london to seattle flights","1600"
"seattle to new york flights","2900"
"london to singapore flights","5400"
"london to bucharest flights","2900"
"london to lisbon flights","8100"
"warsaw to london flights","1300"
"bucharest to london flights","1600"
"jaipur to bangkok flights","1900"
"birmingham to malta flights","1300"
"kolkata to kathmandu flights","1600"
"mumbai to toronto flights","2900"
"chicago to cincinnati flights","1300"
"london to malta flights","4400"
"london to denver flights","1300"
"london to gibraltar flights","1900"
"london to bordeaux flights","2400"
"philadelphia to denver flights","2900"
"london to toulouse flights","1600"
"malta to london flights","1600"
"london to cancun flights","1900"
"montreal to toronto flights","6600"
"london to warsaw flights","2900"
"toronto to punta cana flights","1300"
"toronto to cancun flights","2400"
"madrid to paris flights","2900"
"paris to madrid flights","2400"
"birmingham to nice flights","1300"
"london to cancun flights","1900"
"dublin to malta flights","1600"
"edinburgh to lisbon flights","1000"
"budapest to london flights","2900"
"edinburgh to rome flights","1900"
"kuwait to chennai flights","1600"
"london to belgrade flights","1300"
"bristol to malta flights","1600"
"glasgow to barcelona flights","1900"
"vienna to london flights","2400"
"london to vienna flights","4400"
"london to marseille flights","1900"
"milan to london flights","2400"
"philadelphia to las vegas flights","3600"
"nairobi to zanzibar flights","1000"
"stockholm to london flights","1900"
"toronto to manila flights","1000"
"manchester to oslo flights","1000"
"london to milan flights","5400"
"london to ibiza flights","3600"
"denver to london flights","2400"
"glasgow to alicante flights","1900"
"glasgow to malaga flights","2400"
"london to stockholm flights","3600"
"bournemouth to malaga flights","1000"
"london to sevilla flights","2400"
"london to oslo flights","2400"
"ibiza to london flights","1600"
"london to auckland flights","1600"
"edinburgh to berlin flights","1300"
"london to dubai flights","9900"
"london to dusseldorf flights","1600"
"dublin to venice flights","1000"
"auckland to london flights","1600"
"london to new york flights","18100"
"london to athens flights","5400"
"athens to london flights","2400"
"dubai to london flights","5400"
"chicago to london flights","6600"
"bangkok to manila flights","1600"
"dusseldorf to london flights","1000"
"london to lanzarote flights","1600"
"dublin to brussels flights","1000"
"london to chicago flights","3600"
"toronto to sydney flights","1000"
"london to melbourne flights","2900"
"new york to mumbai flights","1000"
"sydney to new york flights","1900"
"vancouver to toronto flights","12100"
"new york to london flights","9900"
"vancouver to london flights","2900"
"philadelphia to phoenix flights","1300"
"manila to bangkok flights","2400"
"nice to paris flights","2400"
"paris to budapest flights","1300"
"toronto to vancouver flights","18100"
"muscat to dubai flights","2400"
"toronto to victoria flights","1000"
"rome to malta flights","1000"
"new york to cancun flights","1600"
"philadelphia to miami flights","6600"
"oslo to london flights","1300"
"melbourne to london flights","3600"
"manchester to vancouver flights","1300"
"new york to san diego flights","1900"
"pittsburgh to tampa flights","1600"
"newcastle to rome flights","1300"
"london to valencia flights","2400"
"las vegas to london flights","1000"
"london to porto flights","2400"
"ottawa to new york flights","1300"
"london to marrakech flights","3600"
"london to budapest flights","5400"
"london to las vegas flights","2400"
"memphis to atlanta flights","1600"
"philadelphia to houston flights","1600"
"paris to nice flights","4400"
"chicago to portland flights","1900"
"toronto to montreal flights","9900"
"chicago to phoenix flights","6600"
"new york to tampa flights","1900"
"phoenix to chicago flights","5400"
"phoenix to las vegas flights","3600"
"philadelphia to myrtle beach flights","1300"
"atlanta to memphis flights","1300"
"new york to myrtle beach flights","1300"
"paris to manchester flights","1600"
"omaha to phoenix flights","1300"
"brussels to london flights","2400"
"boston to london flights","6600"
"tijuana to mexico city flights","1600"
"lagos to london flights","1600"
"johannesburg to george flights","1900"
"london to izmir flights","1000"
"london to rhodes flights","1000"
"tampa to new york flights","2900"
"glasgow to lanzarote flights","1300"
"london to lagos flights","1600"
"manchester to london flights","6600"
"london to tallinn flights","1300"
"george to johannesburg flights","1600"
"london to brussels flights","2900"
"london to toronto flights","6600"
"london to florence flights","3600"
"london to gerona flights","1000"
"london to palermo flights","1300"
"toronto to london flights","8100"
"toronto to winnipeg flights","3600"
"calgary to phoenix flights","1000"
"philadelphia to nashville flights","2900"
"london to tirana flights","1000"
"berlin to london flights","4400"
"florence to london flights","1900"
"zagreb to london flights","1300"
"tampa to nashville flights","1600"
"cleveland to chicago flights","2400"
"toronto to tampa flights","1900"
"chicago to houston flights","5400"
"winnipeg to toronto flights","4400"
"chicago to las vegas flights","9900"
"toronto to las vegas flights","3600"
"cleveland to seattle flights","1000"
"glasgow to ibiza flights","1000"
"cleveland to new york flights","1600"
"glasgow to rome flights","1900"
"nashville to tampa flights","1000"
"brisbane to melbourne flights","9900"
"paris to milan flights","2900"
"chicago to kansas city flights","1300"
"seattle to portland flights","1900"
"seattle to san francisco flights","4400"
"boston to myrtle beach flights","1900"
"london to zagreb flights","1900"
"houston to san francisco flights","1900"
"london to madeira flights","1300"
"milan to paris flights","2900"
"oslo to tromso flights","1300"
"milan to rome flights","1000"
"london to reykjavik flights","1900"
"las vegas to chicago flights","3600"
"london to verona flights","1600"
"london to catania flights","1300"
"london to turin flights","1300"
"london to manchester flights","5400"
"melbourne to brisbane flights","9900"
"melbourne to new york flights","1300"
"london to murcia flights","1900"
"houston to tampa flights","1900"
"tampa to chicago flights","3600"
"ottawa to toronto flights","4400"
"los angeles to seattle flights","1900"
"london to innsbruck flights","1300"
"houston to el paso flights","1000"
"manchester to las vegas flights","1900"
"kansas city to chicago flights","1300"
"chicago to toronto flights","4400"
"london to krakow flights","2400"
"dubai to goa flights","1300"
"manchester to florence flights","1000"
"london to lyon flights","1900"
"london to dubrovnik flights","2400"
"lyon to london flights","1000"
"new york to cleveland flights","1300"
"chicago to tampa flights","4400"
"portland to seattle flights","1600"
"san diego to seattle flights","4400"
"portland to phoenix flights","1000"
"ahmedabad to hyderabad flights","5400"
"goa to indore flights","1900"
"bangalore to mangalore flights","9900"
"london to berlin flights","8100"
"new delhi to kolkata flights","2900"
"kolkata to new delhi flights","1900"
"kolkata to bangalore flights","18100"
"patna to kolkata flights","6600"
"kolkata to pune flights","8100"
"chennai to bangalore flights","12100"
"pune to new delhi flights","1300"
"kolkata to lucknow flights","3600"
"rajahmundry to hyderabad flights","2400"
"kolkata to port blair flights","3600"
"toronto to ottawa flights","4400"
"hyderabad to kolkata flights","8100"
"boston to san diego flights","3600"
"guwahati to imphal flights","1600"
"kolkata to bhubaneswar flights","5400"
"birmingham to new york flights","2900"
"hyderabad to rajahmundry flights","3600"
"kolkata to raipur flights","1900"
"jaipur to bangalore flights","9900"
"baltimore to atlanta flights","1000"
"chandigarh to pune flights","3600"
"bhopal to pune flights","1900"
"san diego to portland flights","1600"
"jaipur to surat flights","1900"
"mumbai to ahmedabad flights","18100"
"lucknow to jaipur flights","2900"
"bhubaneswar to chennai flights","1900"
"pune to bangalore flights","27100"
"pune to jammu flights","1900"
"nagpur to kolkata flights","3600"
"visakhapatnam to chennai flights","1600"
"guwahati to pune flights","1300"
"hyderabad to chennai flights","12100"
"mumbai to ranchi flights","5400"
"hyderabad to ahmedabad flights","5400"
"bangalore to amritsar flights","1600"
"pune to amritsar flights","2400"
"bhubaneswar to ranchi flights","1000"
"raipur to indore flights","2400"
"mumbai to surat flights","3600"
"toronto to los angeles flights","2900"
"jaipur to kolkata flights","6600"
"goa to bangalore flights","6600"
"visakhapatnam to bangalore flights","2900"
"indore to pune flights","5400"
"atlanta to boston flights","5400"
"auckland to christchurch flights","5400"
"jaipur to chennai flights","4400"
"singapore to seoul flights","2400"
"hubli to bangalore flights","2900"
"bangalore to rajahmundry flights","2400"
"bangalore to tirupati flights","2900"
"nagpur to hyderabad flights","2400"
"lucknow to goa flights","2900"
"hyderabad to chandigarh flights","2400"
"mumbai to hyderabad flights","18100"
"mumbai to kolkata flights","22200"
"mumbai to chennai flights","22200"
"mumbai to goa flights","40500"
"mumbai to paro flights","1600"
"mumbai to cochin flights","3600"
"raipur to mumbai flights","8100"
"nagpur to mumbai flights","14800"
"coimbatore to mumbai flights","5400"
"indore to kolkata flights","2400"
"goa to mumbai flights","14800"
"kolkata to mumbai flights","18100"
"chennai to mumbai flights","22200"
"hyderabad to mumbai flights","14800"
"new delhi to mumbai flights","3600"
"cochin to mumbai flights","2900"
"jaipur to mumbai flights","14800"
"lucknow to chennai flights","2400"
"mumbai to rajkot flights","5400"
"indore to mumbai flights","9900"
"jammu to leh flights","1600"
"guwahati to kolkata flights","8100"
"bangalore to new delhi flights","1900"
"bangalore to indore flights","5400"
"perth to london flights","4400"
"london to vancouver flights","3600"
"hyderabad to dehradun flights","1000"
"chandigarh to kullu flights","1300"
"dublin to ibiza flights","1000"
"bristol to budapest flights","1600"
"ranchi to kolkata flights","4400"
"surat to jaipur flights","2900"
"christchurch to queenstown flights","1000"
"hyderabad to guwahati flights","1900"
"manchester to los angeles flights","1000"
"portland to denver flights","1600"
"manchester to valencia flights","1300"
"chennai to jaipur flights","5400"
"pune to mumbai flights","3600"
"lucknow to kolkata flights","4400"
"nagpur to goa flights","3600"
"chandigarh to goa flights","4400"
"singapore to brisbane flights","1600"
"seattle to portland flights","1900"
"jaipur to dehradun flights","1300"
"bangalore to hyderabad flights","22200"
"patna to bangalore flights","8100"
"san francisco to seattle flights","2900"
"new delhi to pune flights","1900"
"canberra to melbourne flights","5400"
"lucknow to pune flights","2900"
"chennai to bhubaneswar flights","2900"
"pune to chennai flights","14800"
"phoenix to portland flights","1300"
"patna to pune flights","2900"
"birmingham to newcastle flights","1000"
"agra to jaipur flights","1300"
"atlanta to denver flights","6600"
"atlanta to minneapolis flights","1000"
"porbandar to mumbai flights","1000"
"mumbai to bhavnagar flights","1900"
"hubli to mumbai flights","1900"
"vijayawada to mumbai flights","1600"
"manchester to gibraltar flights","1900"
"ahmedabad to bangkok flights","1600"
"boston to vancouver flights","1000"
"dublin to liverpool flights","3600"
"manchester to inverness flights","1900"
"inverness to manchester flights","1900"
"newcastle to barcelona flights","1600"
"bristol to edinburgh flights","5400"
"bhavnagar to mumbai flights","1000"
"mumbai to hubli flights","1900"
"vadodara to bangalore flights","1300"
"bangalore to vadodara flights","1000"
"hyderabad to nagpur flights","1900"
"mumbai to agra flights","2400"
"rajahmundry to bangalore flights","1000"
"mumbai to chandigarh flights","14800"
"indore to raipur flights","2400"
"raipur to lucknow flights","1300"
"mangalore to bangalore flights","8100"
"bangalore to cochin flights","5400"
"new delhi to varanasi flights","1600"
"mumbai to vadodara flights","3600"
"ahmedabad to bangalore flights","12100"
"cochin to hyderabad flights","1300"
"kolkata to siliguri flights","1600"
"chandigarh to mumbai flights","9900"
"hyderabad to pune flights","8100"
"bangalore to bhubaneswar flights","8100"
"mumbai to varanasi flights","14800"
"imphal to guwahati flights","1900"
"bhubaneswar to hyderabad flights","2900"
"kolkata to jaipur flights","8100"
"chandigarh to bangalore flights","5400"
"trivandrum to chennai flights","5400"
"vijayawada to bangalore flights","4400"
"guwahati to silchar flights","1300"
"silchar to guwahati flights","1000"
"bangalore to pune flights","22200"
"mumbai to jaipur flights","18100"
"mumbai to lucknow flights","18100"
"vadodara to mumbai flights","4400"
"kolkata to chennai flights","12100"
"mumbai to indore flights","9900"
"hyderabad to visakhapatnam flights","3600"
"jammu to srinagar flights","5400"
"guwahati to bangalore flights","4400"
"bhubaneswar to bangalore flights","5400"
"tirupati to hyderabad flights","4400"
"kolkata to patna flights","5400"
"varanasi to mumbai flights","6600"
"bhubaneswar to mumbai flights","4400"
"hyderabad to tirupati flights","12100"
"calicut to mumbai flights","1000"
"trivandrum to mumbai flights","3600"
"mumbai to guwahati flights","5400"
"bangalore to coimbatore flights","5400"
"hyderabad to jaipur flights","6600"
"mumbai to jammu flights","5400"
"mumbai to srinagar flights","4400"
"bhuj to mumbai flights","2400"
"trivandrum to hyderabad flights","1900"
"ahmedabad to goa flights","14800"
"mangalore to chennai flights","1900"
"visakhapatnam to kolkata flights","1000"
"chennai to chandigarh flights","2400"
"raipur to hyderabad flights","2900"
"hyderabad to raipur flights","2400"
"dehradun to mumbai flights","2900"
"patna to chennai flights","2900"
"kolkata to guwahati flights","9900"
"kolkata to hyderabad flights","8100"
"rajkot to mumbai flights","5400"
"bangalore to nagpur flights","5400"
"udaipur to mumbai flights","6600"
"bangalore to visakhapatnam flights","4400"
"kolkata to ranchi flights","3600"
"mumbai to bhopal flights","6600"
"bangalore to vijayawada flights","6600"
"patna to lucknow flights","1900"
"hyderabad to lucknow flights","3600"
"vijayawada to chennai flights","2900"
"aurangabad to mumbai flights","3600"
"ahmedabad to cochin flights","1300"
"bangalore to varanasi flights","5400"
"varanasi to bangalore flights","2900"
"kolkata to visakhapatnam flights","1000"
"chennai to visakhapatnam flights","2400"
"bangalore to chandigarh flights","6600"
"goa to chennai flights","2900"
"guwahati to hyderabad flights","1300"
"mangalore to hyderabad flights","1900"
"ranchi to mumbai flights","4400"
"raipur to bangalore flights","3600"
"madurai to chennai flights","12100"
"bangalore to lucknow flights","6600"
"srinagar to jammu flights","3600"
"mumbai to patna flights","12100"
"ahmedabad to guwahati flights","1300"
"pune to cochin flights","2400"
"chandigarh to hyderabad flights","2400"
"chennai to lucknow flights","2400"
"bangalore to raipur flights","3600"
"jaipur to pune flights","8100"
"hyderabad to patna flights","4400"
"agartala to guwahati flights","1300"
"jaipur to guwahati flights","2900"
"pune to lucknow flights","5400"
"ahmedabad to coimbatore flights","1300"
"patna to hyderabad flights","2900"
"varanasi to kolkata flights","1900"
"lucknow to guwahati flights","1300"
"indore to goa flights","8100"
"pune to coimbatore flights","2900"
"ranchi to bhubaneswar flights","1300"
"kolkata to nagpur flights","2400"
"amritsar to mumbai flights","4400"
"hyderabad to bhubaneswar flights","4400"
"mumbai to udaipur flights","9900"
"hyderabad to vijayawada flights","4400"
"mumbai to amritsar flights","8100"
"kolkata to imphal flights","1300"
"chennai to mangalore flights","3600"
"pune to nagpur flights","14800"
"ahmedabad to lucknow flights","4400"
"jaipur to lucknow flights","2900"
"mumbai to pune flights","4400"
"hyderabad to jabalpur flights","1300"
"surat to mumbai flights","3600"
"guwahati to chennai flights","2900"
"kolkata to dibrugarh flights","1300"
"kolkata to shillong flights","1900"
"pune to indore flights","6600"
"dehradun to bangalore flights","1600"
"bangalore to belgaum flights","2900"
"kolkata to agartala flights","3600"
"trivandrum to bangalore flights","5400"
"pune to hyderabad flights","9900"
"silchar to kolkata flights","1600"
"kolkata to goa flights","6600"
"jaipur to hyderabad flights","5400"
"guwahati to agartala flights","1000"
"dibrugarh to kolkata flights","1300"
"coimbatore to ahmedabad flights","1000"
"dehradun to lucknow flights","2400"
"bangalore to silchar flights","1900"
"bhopal to lucknow flights","1900"
"chennai to varanasi flights","3600"
"raipur to goa flights","2900"
"kolkata to trivandrum flights","1000"
"ranchi to hyderabad flights","2400"
"ranchi to patna flights","2900"
"mumbai to jamnagar flights","1900"
"bangalore to dehradun flights","2900"
"coimbatore to kolkata flights","1300"
"new delhi to jammu flights","1000"
"pune to kolkata flights","12100"
"kolkata to ahmedabad flights","4400"
"mumbai to raipur flights","6600"
"guwahati to mumbai flights","2900"
"chennai to trivandrum flights","6600"
"cochin to pune flights","1000"
"mumbai to dehradun flights","6600"
"nagpur to indore flights","1600"
"lucknow to dehradun flights","2900"
"belgaum to bangalore flights","2400"
"bangalore to jodhpur flights","1600"
"jabalpur to mumbai flights","2900"
"jabalpur to hyderabad flights","1300"
"indore to jaipur flights","2400"
"indore to lucknow flights","1600"
"bangalore to srinagar flights","1600"
"coimbatore to pune flights","2400"
"surat to goa flights","6600"
"mumbai to jabalpur flights","3600"
"ahmedabad to bhubaneswar flights","1300"
"chennai to coimbatore flights","18100"
"bangalore to guwahati flights","9900"
"ahmedabad to pune flights","9900"
"imphal to kolkata flights","1000"
"jodhpur to mumbai flights","4400"
"jaipur to chandigarh flights","2900"
"mumbai to tirupati flights","4400"
"hyderabad to bhopal flights","1600"
"bangalore to madurai flights","4400"
"amritsar to srinagar flights","1300"
"kolkata to surat flights","1600"
"srinagar to chandigarh flights","1300"
"indore to gwalior flights","1600"
"brisbane to sydney flights","14800"
"los angeles to las vegas flights","4400"
"wellington to auckland flights","3600"
"cochin to bangalore flights","2900"
"mumbai to trivandrum flights","4400"
"goa to hyderabad flights","3600"
"mumbai to madurai flights","4400"
"mumbai to aurangabad flights","4400"
"chennai to goa flights","12100"
"trivandrum to kolkata flights","1000"
"chennai to guwahati flights","4400"
"amritsar to pune flights","1000"
"indore to chennai flights","2900"
"ahmedabad to nagpur flights","2400"
"vijayawada to tirupati flights","1600"
"chandigarh to leh flights","2400"
"atlanta to miami flights","14800"
"atlanta to baltimore flights","1300"
"denver to atlanta flights","2900"
"atlanta to detroit flights","2900"
"atlanta to las vegas flights","6600"
"atlanta to nashville flights","1300"
"mangalore to mumbai flights","6600"
"mumbai to nagpur flights","14800"
"visakhapatnam to hyderabad flights","2900"
"visakhapatnam to mumbai flights","1600"
"coimbatore to bangalore flights","4400"
"kolkata to indore flights","1900"
"lucknow to ahmedabad flights","2900"
"udaipur to jaipur flights","2400"
"hyderabad to madurai flights","2900"
"chandigarh to chennai flights","1600"
"pune to guwahati flights","2400"
"bhopal to hyderabad flights","1600"
"chandigarh to srinagar flights","2400"
"pune to chandigarh flights","6600"
"atlanta to tampa flights","4400"
"denver to seattle flights","5400"
"jacksonville to atlanta flights","1000"
"san diego to denver flights","2900"
"coimbatore to chennai flights","12100"
"bangalore to trivandrum flights","6600"
"patna to mumbai flights","8100"
"hyderabad to varanasi flights","4400"
"nagpur to pune flights","12100"
"hyderabad to coimbatore flights","4400"
"goa to pune flights","3600"
"madurai to bangalore flights","2900"
"bangalore to agartala flights","1600"
"belgaum to mumbai flights","1600"
"surat to kolkata flights","2900"
"patna to goa flights","1900"
"lucknow to indore flights","1300"
"bhopal to raipur flights","1600"
"jamnagar to mumbai flights","1600"
"gwalior to mumbai flights","1300"
"calicut to chennai flights","1300"
"surat to patna flights","1600"
"pune to srinagar flights","1600"
"sydney to gold coast flights","9900"
"atlanta to los angeles flights","3600"
"perth to melbourne flights","9900"
"detroit to atlanta flights","2900"
"detroit to boston flights","2900"
"boston to detroit flights","2400"
"christchurch to sydney flights","1000"
"chittagong to dhaka flights","1000"
"new orleans to los angeles flights","1300"
"seattle to spokane flights","2900"
"sydney to christchurch flights","1600"
"atlanta to new orleans flights","4400"
"detroit to los angeles flights","1600"
"hanoi to singapore flights","1000"
"paris to zurich flights","1900"
"montreal to boston flights","1600"
"pittsburgh to atlanta flights","1600"
"atlanta to san antonio flights","1300"
"chandigarh to lucknow flights","1900"
"chennai to indore flights","2400"
"nagpur to ahmedabad flights","1900"
"kolkata to chandigarh flights","2900"
"indore to ahmedabad flights","1900"
"jaipur to goa flights","6600"
"pune to raipur flights","2900"
"chandigarh to kolkata flights","1900"
"surat to hyderabad flights","1900"
"ahmedabad to indore flights","2400"
"pune to bhopal flights","2400"
"bangalore to mumbai flights","27100"
"raipur to pune flights","2400"
"denver to san francisco flights","2900"
"las vegas to atlanta flights","1600"
"nashville to atlanta flights","1000"
"denver to los angeles flights","2900"
"miami to atlanta flights","5400"
"atlanta to toronto flights","1600"
"seattle to las vegas flights","5400"
"glasgow to birmingham flights","2900"
"chicago to miami flights","9900"
"copenhagen to stockholm flights","1300"
"barcelona to madrid flights","2900"
"melbourne to perth flights","8100"
"denver to salt lake city flights","1600"
"austin to los angeles flights","1300"
"atlanta to fort lauderdale flights","2900"
"atlanta to indianapolis flights","1000"
"charlotte to atlanta flights","1000"
"amsterdam to munich flights","1600"
"boston to baltimore flights","1900"
"seattle to anchorage flights","1900"
"atlanta to savannah flights","1000"
"anchorage to seattle flights","1600"
"wellington to sydney flights","1000"
"mumbai to dubai flights","22200"
"manchester to southampton flights","3600"
"dubai to jeddah flights","1000"
"amsterdam to dublin flights","1600"
"johannesburg to port elizabeth flights","2400"
"aberdeen to manchester flights","2900"
"atlanta to cancun flights","2400"
"oakland to las vegas flights","2900"
"buffalo to boston flights","1900"
"manila to puerto princesa flights","1300"
"bogota to cartagena flights","1000"
"bali to perth flights","1300"
"minneapolis to boston flights","1300"
"austin to san francisco flights","1000"
"atlanta to san diego flights","1900"
"venice to rome flights","1600"
"phoenix to atlanta flights","1600"
"seattle to atlanta flights","1900"
"edinburgh to amsterdam flights","3600"
"calgary to seattle flights","1300"
"boise to seattle flights","1900"
"birmingham to edinburgh flights","6600"
"austin to atlanta flights","1900"
"san diego to san jose flights","1900"
"seattle to boise flights","1600"
"phoenix to minneapolis flights","1300"
"barcelona to sevilla flights","1600"
"atlanta to san francisco flights","1900"
"atlanta to seattle flights","3600"
"tampa to boston flights","2900"
"barcelona to ibiza flights","2900"
"winnipeg to calgary flights","1900"
"seattle to salt lake city flights","1000"
"rome to venice flights","2400"
"boston to nantucket flights","1000"
"atlanta to austin flights","1900"
"denver to san diego flights","4400"
"vancouver to winnipeg flights","1300"
"boston to seattle flights","3600"
"nashville to denver flights","1900"
"philadelphia to london flights","1600"
"minneapolis to seattle flights","1600"
"atlanta to phoenix flights","1900"
"minneapolis to phoenix flights","1900"
"tamworth to sydney flights","1600"
"boston to fort lauderdale flights","2900"
"manchester to dusseldorf flights","1000"
"minneapolis to las vegas flights","1900"
"zurich to paris flights","1900"
"seattle to minneapolis flights","1300"
"cleveland to atlanta flights","2400"
"tijuana to guadalajara flights","2900"
"boston to minneapolis flights","1600"
"detroit to denver flights","3600"
"cairns to melbourne flights","1900"
"atlanta to cleveland flights","1900"
"houston to miami flights","5400"
"gladstone to brisbane flights","1300"
"london to newcastle flights","5400"
"denver to st louis flights","1300"
"newcastle to amsterdam flights","4400"
