carrier_code,icao_code,carrier_name,base_airport,country,brand_routes,country_code,Operational/ceased
0B,JOR,Blue Air,Bucharest (BBU),Romania,139,RO,
0D,DWT,Darwin Airlines,Lugano (LUG),Switzerland,3,CH,
2B,BAB,Bahrain Air,Bahrain International Airport,Bahrain,3,BH,ceased
2B,BGM,Ak Bars Aero,Bugulma Airport,Russia,6,RU,
2E,PHW,AVE.com,Sharjah International Airport,UAE,3,AE,
2G,CRG,Cargoitalia,Malpensa Airport,Italy,41,IT,ceased
2G,AGU,Angara Airlines,Irkutsk International Airport,Russia,6,RU,
2I,SRU,Star Peru,Jorge Chávez International Airport,Peru,21,PE,
2J,VBW,Air Burkina,Ouagadougou (OUA),Burkina Faso,63,BF,
2K,GLG,Avianca Ecuador,Quito (UIO),Ecuador,3,EC,
2L,OAW,Helvetic Airways,Zurich (ZRH) Switzerland,CuraÃƒÂ§ao,33,,
2M,MDV,Moldavian Airlines,Chisinau (KIV),Moldova,3,MD,
2N,UMK,Yuzmashavia,Dnipropetrovsk,Ukraine,48,UA,
2N,NTJ,NextJet,"Stockholm-Arlanda Airport""",Sweden,25,SE,
2O,,Redemption Inc,NA,CuraÃƒÂ§ao,3,,ceased
2P,GAP,PAL Express,Subic Bay (SFS),Philippines,9,PH,
2S,ACV,Air Carnival,Coimbatore International Airport ,India,3,IN,
2T,TRJ,TruJet,,India,3,IN,
2W,WLC,Welcome Air,Innsbruck (INN),Austria,3,AT,
2Z,CGN,Changan Airlines,Xian Xianyang International Airport,China,51,CH,
3B,JBR,Central Connect Airlines,LeoÅ¡ JanÃ¡?ek Airport,Ostrava,3,,ceased
3F,,Pacific Airways,NA,Seattle,3,,ceased
3G,GBQ,Gambia Bird,Banjul International Airport,Germania,3,,
3H,AIE,Air Inuit,Kuujjuaq Airport,Quebec,160,,
3J,JUB,Jubba Airways,Aden Adde International Airport,Nairobi,17,,
3L,ISK,ky Luftfahrt,Friedrichshafen (FDH),Austria,3,AT,
3M,GFT,Gulfstream Intl,Ft Lauderdale (FLL),USA,73,US,ceased
3P,TNM,Tiara Air Aruba,NA,Aruba,14,AW,ceased
3P,TCU,TransGlobal Airways,Clark International Airport,Suriname,3,SR,
3R,GAI,Moskovia Airlines,Moscow Zhukovsky Airport,Russia,9,RU,
3S,AEN,Aeroland Airways,Athens International Airport,Greece,46,GR,
3S,GUY,Air Antilles Express,Pointe-Ã -Pitre International Airport,France,33,FR,
3U,CSC,Sichuan Airlines,,China,547,CH,
3Z,ZAW,Zoom Airways,Shahjalal International Airport,Bangladesh,3,BD,
3Z,TVP,Travel Service Polska,Warsaw Chopin Airport,Poland,15,PL,
4B,TUP,Aviastar-TU,Ramenskoye Airport,Russia,4,RU,
4B,PAG,Perimeter Aviation,Winnipeg James Armstrong ,Canada,4,CA,
4D,ASD,Air Sinai,Cairo International Airport,Egypt,5,EG,
4E,SBO,Stabo Air Limited,NA,Zambia,3,ZM,
4G,GZP,Gazpromavia,Vnukovo Airport,Russia,7,RU,
4H,UBD,United Airways,Shahjalal International Airport,Bangladesh,21,BD,
4K,KBA,Kenn Borek Air,Calgary International Airport,Alberta,5,,
4M,DSM,LAN Argentina,Buenos Aires,Argentina,42,AR,
4N,ANT,Air North Yukons,Erik Nielsen Whitehorse International Airport,Canada,19,CA,
4O,AIJ,Interjet,Toluca Airport and Mexico City International Airport,Mexico,137,MX,
4Q,SFW,Safi Airways,Kabul International Airport,Afghanistan,0,AF,
4T,BHP,Belair Airlines,Zurich Airport,Switzerland,8,CH,
4U,GWI,Germanwings,Cologne,Germany,523,DE,
4Y,BLE,Blue Line,Paris-Charles de Gaulle Airport,France,5,FR,
4Y,TUD,Yute Air,Bethel,USA,0,US,
5C,NRR,Nature Air,Juan Santamaría International Airport,Costa Rica,2,CR,
5C,ICL,C.A.L. Cargo Airlines,Ben Gurion International Airport,Israel,2,IL,
5E,SGN,Nok Mini,Don Mueang International Airport,Thailand,0,TH,ceased
5E,EKA,Equaflight Services, Pointe Noire Airport,Congo,3,CG,
5G,SSV,Skyservice Airlines,Toronto Pearson Airport,Canada,3,CA,ceased
5H,FFV,Fly540,Jomo Kenyatta International Airport,Kenya,33,KE,
5J,CEB,Cebu Pacific Air,Manila (MNL),Philippines,167,PH,
5M,SIB,Sibaviatrans,Yemelyanovo Airport,Russia,3,RU,ceased
5M,MNT,Montserrat Airways,John A. Osborne Airport,Montserrat,2,MS,
5N,AUL,Nordavia,Moscow Sheremetyevo Airport,Russia,21,RU,
5O,FPO,Europe Airpost,Paris-Charles de Gaulle Airport,France,19,FR,
5P,PEP,Pena Transportes Aéreos,,Brazil,3,BR,ceased
5P,PCP,Aerolinea Principal Chile,Comodoro Arturo Merino BenÃ­tez International Airport,Chile,3,CL,
5Q,BEA,BQB Lineas Aereas,CapitÃ¡n de Corbeta Carlos A. Curbelo International Airport,Bangladesh,3,BD,ceased
5V,UKW,Lviv Airlines,Lviv International Airport,Ukraine,3,UA,
5V,VTS,Everts Air,Fairbanks International Airport,USA,0,US,
5W,AEU,Astraeus Ltd.,Manchester (MAN),United Kingdom,3,GB,
6A,CHP,Aviacsa,Mexico City (MEX),Mexico,23,MX,
6E,IGO,IndiGo,Delhi (DEL),India,421,IN,
6H,ISR,Israir Airlines,Ben Gurion International Airport,Israel,66,IL,
6I,VVA,Aviast Air,Domodedovo International Airport,Russia,5,RU,ceased
6I,MMD,Air Alsie,Sønderborg Airport,Denmark,2,DK,
6L,AKK,Aklak Air,Inuvik (Mike Zubko) Airport,Northwest Territories,15,,
6W,SOV,Saratov Airlines,Saratov Tsentralny Airport,Russia,0,RU,
6Y,ART,Smartlynx Airlines,Riga International Airport,Latvia,15,LV,
7C,COY,Coyne Airways,Cologne/Bonn Airport,United Kingdom,59,GB,
7C,JJA,Jeju Air,Jeju International Airport,South Korea,27,KR,
7D,UDC,Donbassaero Airlines,Donetsk Airport,Ukraine,5,UA,
7E,AWU,Sylt Air,Sylt Airport,Germany,5,DE,
7F,FAB,First Air,Ottawa (YOW),Canada,107,CA,
7G,MKA,Star Flyer,NA,United Kingdom,13,GB,ceased
7I,INC,Insel Air,Curacao,Neth. Antilles,60,,
7L,CRN,Aero Caribbean,José Martí International Airport,Cuba,3,CU,
7M,MSA,Mistral Air,Leonardo da Vinci-Fiumicino Airport,Italy,23,IT,
7P,PST,Air Panama,Albrook International Airport,Panama,0,PA,
7P,BTV,Batavia Air,Soekarno-Hatta International Airport ,Indonesia,15,ID,ceased
7R,RLU,RusLine,Moscow-Domodedovo Airport,Russia,20,RU,
7R,BRB,BRA Transportes Aéreos,NA,Brazil,45,BR,
7S,RYA,Ryan Air,Heydar Aliyev International Airport,United States,8,US,
7V,PDF,Pelican Air Services,Leonardo da Vinci-Fiumicino Airport,South Africa,5,ZA,ceased
7V,FDR,Federal Air, OR Tambo International Airport,South Africa,1,ZA,
8A,BMM,AtlasBlue,Casablanca (CMN),Morocco,3,MA,
8B,BCC,Business Air,Suvarnabhumi Airport,Thailand,4,TH,
8D,EXV,FITS Air,Bandaranaike International Airport,Sri Lanka,5,LK,
8E,BRG,Bering Air,Ralph Wien Memorial Airport,USA,24,US,
8F,STP,STP Airways,SÃ£o TomÃ© International Airport,SÃ£o TomÃ© and PrÃ­ncipe,5,ST,
8L,LKE,Lucky Air,Kunming Changshui International Airport,China,161,CH,
8M,MMA,Myanmar Intl,Rangoon (RGN),Burma,27,,
8P,PCO,Pacific Coastal,"Richmond""",Canada,40,CA,
8Q,OHY,Onur Air,Istanbul AtatÃ¼rk Airport,Turkey,56,TR,
8R,OLS,SOL Lineas Aereas,Islas Malvinas International Airport,Argentina,14,AR,ceased
8R,TIB,TRIP Linhas Aéreas,Tancredo Neves International Airport,Brazil,3,BR,ceased
8T,TID,Air Tindi,Fort Simpson Airport,Northwest Territories,7,,
8U,AAW,Afriqiyah Airways,Tripoli (TIP),Libya,3,LY,
8V,WRF,Wright Air Service,Fairbanks International Airport,United States,2,US,
8V,ACP,Astral Aviation,Jomo Kenyatta International Airport,Kenya,11,KE,
9C,CQH,Spring Airlines,Shanghai Pudong International Airport,China,249,CH,
9C,WDA,Wimbi Dira Airways,Kinshasa,Congo,,,
9D,THE,Toumai Air Tchad,NDjamena International Airport,Chad,3,TD,
9E,GXL,XL Airways Germany,Detroit Metropolitan Wayne County Airport,Germany,2,DE,ceased
9H,DNL,Dutch Antilles,Bonaire,Neth. Antilles,3,,
9J,DAN,Dana Airlines,Murtala Muhammed International Airport,Nigeria,11,NG,
9K,KAP,Cape Air,Hyannis (HYA),USA,92,US,
9M,GLR,Central Mountain,Smithers (YYD),Canada,52,CA,
9N,AJV,ANA & JP Express,Narita International Airport,Japan,17,JP,
9N,TOS,Tropic Air,Philip S.W. Goldson International Airport,Belize,8,BZ,
9Q,PBA,Pbair,Suvarnabhumi Airport,Thailand,5,TH,ceased
9R,NSE,SATENA,El Dorado International Airport Olaya Herrera Airport,Colombia,8,CO,
9R,VAP,Phuket Air,Phuket International Airport,Thailand,45,TH,
9U,MLD,Air Moldova,Chisinau (KIV),Moldova,51,MD,
9V,AMV,AMC Airlines,Cairo International Airport,Egypt,34,EG,
9V,ROI,Avior Airlines,Generál José Antonio Anzoátegui International Airport,Venezuela,34,VE,
9W,JAI,Jet Airways,Mumbai,India,725,IN,
9W-K,,Jet Konnect,,India,3,IN,
9Y,FGE,Fly Georgia,Tbilisi International Airport,Georgia,27,GE,
A2,AZI,Astra Airlines,Thessaloniki International Airport,Greece,35,GR,
A2,CIU,Cielos Airlines, Jorge Chávez International Airport,Peru,6,PE,
A3,AEE,Aegean Airlines,,Greece,633,GR,
A4,AEK,Aerocon,El Trompillo Airport,Bolivia,3,BO,
A5,RLA,Airlinair,Paris (ORY),France,267,FR,
A7,MPD,Air Comet,Madrid (MAD),Spain,3,ES,ceased
A8,AMF,Ameriflight,Bob Hope Airport,USA,0,US,
A8,BGL,Benin Golf Air, Cadjehoun Airport,Benin,3,BJ,
A9,TGZ,Georgian Airways,Tbilisi (TBS),Georgia,17,GE,
AA,AAL,American Airlines,Dallas (DFW),USA,4632,US,
AB,BER,Air Berlin,Berlin (TXL),Germany,1383,DE,
AC,ACA,Air Canada,Montreal (YUL),Canada,2089,CA,
AD,AZU,Azul Brazilian Airlines,Campinas-Viracopos,Brazil,207,BR,
AE,MDA,Mandarin Airlines,Taipei (TPE),Taiwan,45,TW,
AF,AFR,Air France,Paris (CDG),France,2797,FR,
AH,DAH,Air Algerie,Algiers (ALG),Algeria,328,DZ,
AI,AIC,Air India, Chhatrapati Shivaji International Airport,India,562,IN,
AI,AIA,Airmark IndonesianAviation,Jakarta (HLP),Indonesia,,IDN,
AK,AXM,Air Asia,Kuala Lumpur (KUL),Malaysia,223,MY,
AM,AMX,Aeromexico,Mexico City (MEX),Mexico,761,MX,
AP,ADH,Air One,Milan (LIN),Italy,3,IT,
AR,ARG,Aerolineas Argentinas,Buenos Aires (AEP),Argentina,353,AR,
AS,ASA,Alaska Airlines,Los Angeles International Airport,USA,923,US,
AT,RAM,Royal Air Maroc,Casablanca,Morocco,350,MA,
AV,AVA,Avianca Aerovias,Bogota (BOG),Colombia,602,CO,
AW,DIR,Dirgantara Air Service,Kotoka International Airport,Indonesia,5,ID,ceased
AW,AFW,Africa World Airlines,Kotoka International Airport,Ghana,2,GH,
AY,FIN,Finnair,Helsinki (HEL),Finland,769,FI,
AZ,AZA,Alitalia,Rome (FCO),Italy,1327,IT,
B2,BRU,Belavia,Minsk (MSQ),Belarus,125,BY,
B3,BLV,Bellview Airlines,,Nigeria,3,NG,
B5,FLT,Flightline,Jomo Kenyatta International Airport,United Kingdom,21,GB,ceased
B5,EXZ,East African Safari Air,Jomo Kenyatta International Airport,Kenya,2,KE,
B6,JBU,JetBlue Airways,New York,USA,547,US,
B7,UIA,Uni Air,Taiwan Taoyuan International Airport,Taiwan,43,TW,
B8,ERT,Eritrean Airlines,Asmara (ASM),Eritrea,9,ER,
BA,BAW,British Airways,London (LHR),United Kingdom,1594,GB,
BB,SBS,Seaborne Airlines,Luis Munoz Marin International Airport,Puerto Rico,26,PR,
BC,SKY,Skymark Airlines,Haneda Airport,Japan,31,JP,
BE,BEE,FlyBe,Exeter (EXT),United Kingdom,435,GB,
BF,RSR,Aéro-Service,Pointe Noire Airport,Congo,3,CG,
BF,BBD,Bluebird Cargo,Keflavík International Airport,Iceland,0,IS,
BG,BBC,Biman Bangladesh,Dhaka (DAC),Bangladesh,56,BD,
BH,BHA,Hawkair,Northwest Regional Airport,"British Columbia, Canada",3,,
BI,RBA,Royal Brunei Air,Bandar Seri Begawan,Brunei,40,BN,
BJ,LBT,Nouvelair,Monastir Habib Bourguiba International Airport,Tunisia,28,TN,
BK,OKA,Okay Airways,Tianjin Binhai International Airport,China,131,CH,
BL,PIC,Jetstar Pacific Airlines,Tan Son Nhat International Airport,Vietnam,48,VN,
BM,BMR,British Midland Regional,Bristol Airport,UK,43,,
BP,BOT,Air Botswana Corp,Gaborone (GBE),Botswana,27,BW,
BR,EVA,EVA Corporation,Taiwan (TPE),Taiwan,159,TW,
BT,BTI,Air Baltic,Riga (RIX),Latvia,317,LV,
BV,BPA,Blue Panorama Air,Rome FCO,Italy,128,IT,
BW,BWA,Carribean Airlines,Piarco (POS),Trinidad & Tobago,65,,
BX,ABL,Air Busan,Gimhae International Airport,South Korea,47,KR,
C7,RLE,Rico Linhas Aéreas,Bandaranaike International Airport,Brazil,3,BR,ceased
C7,UZS,Samarkand Airways,Samarkand,Uzbekistan,0,UZ,
C7,CIN,Cinnamon Air,Bandaranaike International Airport,Sri Lanka,0,LK,
C8,ICV,Cargolux Italia,Malpensa Airport,Italy,13,IT,
C9,RUS,Cirrus Airlines,Saarbrcken (SCN),Germany,3,DE,
CA,CCA,Air China,,China,1711,CH,
CA,CAO,Community  Airlines,Beijing Capital International Airport,China,397,CH,
CF,SDR,City Airline AB,Gothenburg (GOT),Sweden,3,SE,
CG,TOK,PNG Air,Jacksons International Airport,Papua New Guinea,70,PG,
CI,CAL,China Airlines,,Taiwan,316,TW,
CM,CMP,Copa Airlines,Panama City (PTY),Panama,613,PA,
CN,GDC,Grand China Air,Haikou Meilan International Airport,China,0,CH,
CO,COA,Continental,Houston (IAH),USA,3,US,
CT,CYL,Alitalia CityLiner, Leonardo da Vinci–Fiumicino Airport,Italy,3,IT,
CU,CUB,Cubana de Aviacion, José Martí International Airport,Cuba,106,CU,
CX,CPA,Cathay Pacific,Hong Kong (HKG),Hong Kong,422,HK,
CY,CYP,Cyprus Airways,Larnaca (LCA),Cyprus,3,CY,
CZ,CSN,China Southern,Guangzhou (CAN),China,2061,CH,
D2,SSF,Severstal Aircompany,Cherepovets Airport,Russia,5,RU,
D2,DYA,Dynamic Airways,Piedmont Triad International Airport,USA,0,US,
D3,DAO,Daallo Airlines,Djibouti (JUB),UAE,3,AE,
D4,LID,Alidaunia,Gino Lisa airport,Foggia,5,,
D6,ILN,Interair S. Africa,Johannesburg (JNB),South Africa,19,ZA,
D7,XAX,Air Asia X,Kuala Lumpur (KUL),Malaysia,39,MY,
DC,BRX,Braathens Regional,Stockholm-Bromma Airport,Sweden,28,SE,
DD,NOK,Nok Air,Don Mueang International Airport,Thailand,57,TH,
DE,CFG,Condor,Berlin Schönefeld Airport,Germany,508,DE,
DG,SRQ,South East Asian Airlines,Clark International Airport,Philippines,41,PH,
DL,DAL,Delta,Atlanta (DAL),USA,3255,US,
DN,DKN,Deccan Charters,Kempegowda International Airport,India,15,IN,
DO,RVL,Air Vallée,Aosta (AOT),Italy,3,IT,IATA doesn't match
DS,EZS,easyJet Switzerland,Geneva (GVA),Switzerland,3,CH,
DT,DTA,TAAG Angola Airlines,Quatro de Fevereiro Airport,Angola,56,AO,
DV,VSV,SCAT Air,Shymkent Airport,Kazakhstan,73,KZ,
DX,DTR,Danish Air Transport,Esbjerg Airport,Denmark,126,DK,
DY,NAX,Norwegian Shuttle,Oslo,Norway,614,NO,
E3,DMO,Domodedovo Air,Moscow,Russia,3,RU,
E5,BRZ,Samara Airlines,Samara,Russia,15,RU,
E8,,Brighton City Airways,Don Mueang International Airport,United Kingdom,3,GB,ceased
EA,,Horizon Air,Portland International Airport,CuraÃƒÂ§ao,3,,EAL
EF,EZA,Eznis Airways,Chinggis Khaan Airport,Mongolia,0,MN,ceased
EG,ENJ,Enerjet,Calgary (YYC),Canada,3,CA,
EI,EIN,Aer Lingus,Dublin (DUB),Ireland,517,IE,
EK,UAE,Emirates,Dubai (DXB),UAE,1034,AE,
EL,ANK,Air Nippon Co,,Japan,136,JP,
EN,DLA,Air Dolomiti,Verona (VRN),Italy,19,IT,
EP,IRC,Iran Aseman Airlines,Tehran Imam Khomeini International Airport,Iran,3,IR,
EQ,TAE,TAME Linea Aerea del Ecuador,José Joaquín de Olmedo International Airport,Ecuador,39,EC,
ET,ETH,Ethiopian Air,Addis Ababa (ADD),Ethiopia,515,ET,
EU,UEA,Chengdu Airlines,Chengdu Shuangliu International Airport,China,6,CH,
EW,EWG,Eurowings,DÃ¼sseldorf International Airport,Germany,251,DE,
EY,ETD,Etihad Airways,Abu Dhabi (AUH),UAE,1910,AE,
F2,XLK,Safarilink Aviation,Wilson Airport,Kenya,17,KE,
F9,FFT,Frontier,Denver (DEN),USA,348,US,
FB,LZB,Bulgaria Air,Sofia (SOF),Bulgaria,143,BG,
FE,FEA,Far Eastern Air Transport,Taipei Songshan Airport,Taiwan,25,TW,
FG,AFG,Ariana Afghan Airlines,Kabul International Airport,Afghanistan,26,AF,
FI,ICE,Icelandair,Reykjavik,Iceland,153,IS,
FJ,FJI,Fiji Airways,Nadi International Airport,Fiji,119,FJ,
FL,TRS,AirTran,Orlando (MCO),USA,3,US,
FM,CSH,Shanghai Air,Shanghai,China,196,CH,
FN,RGL,Regional Air Lines,Casablanca,Morocco,30,MA,
FO,FXX,Felix Airways,Sanaa International Airport,Yemen,3,YE,
FS,SYA,Syphax Airlines,Sfaxâ€“Thyna International Airport,Tunisia,3,TN,
FT,SRH,Siem Reap Airways International,Siem Reap (REP),Cambodia,3,KH,
FW,IBX,IBEX Airlines,Sendai Airport,Tokyo,20,,
FY,FFM,Firefly,Sultan Abdul Aziz Shah Airport,Malaysia,71,MY,
FZ,FDB,Flydubai,Dubai International Airport,UAE,179,,
G5,HXA,China Express Airlines,Chongqing Jiangbei International Airport,China,169,CH,
G7,GJS,GoJet Airlines,OHare International Airport,USA,5,US,
G8,GOW,GoAir,Mumbai,India,99,IN,
G9,ABY,Air Arabia,Sharjah (SHJ),UAE,151,AE,
GA,GIA,Garuda Indonesia,Jakarta,Indonesia,445,ID,
GE,TNA,TransAsia Corp,Taipei,Taiwan,73,TW,
GF,GFA,Gulf Air,Bahrain,Bahrain,318,BH,
GJ,EEZ,Eurofly S.p.A.,,Italy,67,IT,
GK,JJP,Jetstar Japan,Kansai International Airport,Japan,51,JP,
GL,GRL,Air Greenland,Kangerlussuaq Airport,Greenland,82,GL,
GQ,BSY,Big Sky Airlines,Billings Logan (BIL),USA,57,US,
GR,AUR,Aurigny Air,Guernsey (GCI),United Kingdom,21,GB,
GS,GCR,Tianjin Airlines,Tianjin,China,331,CH,
GU,GUG,AVIATECA,La Aurora International Airport,Guatemala,3,GT,
GV,SKG,Sky Gabon,Libreville International Airport,Gabon,32,GA,
GZ,RAR,Air Rarotonga,Rarotonga International Airport,Cook Islands,17,CK,
H2,SKU,Sky Airline,Comodoro Arturo Merino BenÃ­tez International Airport,Chile,75,CL,
H7,EGU,Eagle Air,Entebbe International Airport,Uganda,3,UG,
HD,ADO,Air Do,Tokyo International Airport,Japan,24,JP,
HF,VRE,Air Cote DIvoire,Port Bouet Airport,Ivory Coast,63,CI,
HG,NLY,FlyNiki,Vienna (VIE),Austria,239,AT,
HH,TBM,Taban Airlines,Mashhad International Airport,Iran,2,IR,
HI,,Papillon Airways,Boulder City Municipal Airport,United States,3,US,
HK,HAY,Hamburg Airways,Hamburg Airport,Germany,2,DE,
HK,FSC,Four Star Air Cargo,Hamburg Airport,US VirginIslands,3,,ceased
HM,SEY,Air Seychelles,Mahe (SEZ),Seychelles,170,SC,
HO,DKH,Juneyao Airlines,Shanghai Hongqiao International Airport,China,201,CH,
HR,HHN,Hahn Air,Frankfurt (FRA),Germany,5,DE,
HU,CHH,Hainan Airlines,,China,599,CH,
HV,TRA,Transavia Airlines,,Netherlands,303,NL,
HW,NWL,North Wright Airways,Norman Wells Airport,Canada,1,CA,
HY,UZB,Uzbekistan,Tashkent,Uzbekistan,152,UZ,
HZ,SHU,SAT Airlines, Yuzhno-Sakhalinsk Airport,Russia,13,RU,ceased
HZ,URR,Aurora Airlines,Pristina International Airport,Slovenia,2,SI,ceased
I6,MXI,MexicanaLink,Cancún International Airport Mexico City International Airport,Mexico,3,MX,ceased
I6,MPK,Air Indus,Jinnah International Airport,Pakistan,6,PK,ceased
I9,AEY,Air Italy,Turin (TRN),Italy,3,IT,
IB,IBE,Iberia,Madrid (MAD),Spain,2074,ES,
IC,IAC,Air India IC,Delhi (DEL),India,3,IN,ceased
ID,ITK,Interlink,,South Africa,77,ZA,
IE,SOL,Solomon Airlines,Honiara,Solomon Islands,55,SB,
IF,ISW,Islas Airways,Tenerife North (TFN),Spain,3,ES,
IG,ISS,Meridiana,Olbia (OLB),Italy,268,IT,
IK,ITX,Imair Airline,Baku,Azerbaijan,3,AZ,
IL,TGN,Trigana Air Service,Soekarnoâ€“Hatta International Airport,Indonesia,11,ID,
IN,MAK,MAT Macedonian  Airlines,Skopje (SKP),Macedonia,47,MK,
IO,IAE,IrAero,International Airport Irkutsk,Russia,70,RU,
IR,IRA,Iran Air,Tehran (THR),Iran,187,IR,
IT,KFR,Kingfisher,Mumbai (BOM),India,31,IN,ceased
IT-RED,,Kingfisher Red,,India,3,IN,ceased
IV,JET,Wind Jet S.p.A.,Catania,Italy,3,IT,
IX,AXB,Air India Express,Delhi (DEL),India,61,IN,
IY,IYE,Yemenia Yemen,Sanaa,Yemen,76,YE,
IZ,AIZ,Arkia Israeli,&nbsp;,Israel,39,IL,
J2,AHC,Azal Avia Cargo, Heydar Aliyev International Airport,Azerbaijan,14,AZ,
J2,AHY,Azerbaijan Airlines,Heydar Aliev International Airport,Azerbaijan,4,AZ,
J3,PLR,Northwestern Air,Red Deer Regional Airport,Canada,13,CA,
J4,BFL,Buffalo Airways,Yellowknife Airport,Canada,17,CA,
J4,BDR,Badr Airlines,Khartoum International Airport,Sudan,6,SD,
J5,EPA,Donghai Airlines,Shenzhen Bao'an International Airport,China,4,CH,
J8,BVT,Berjaya Air Bhd,Kuala Lumpur (KUL),Malaysia,3,MY,
J9,JZR,Jazeera Airways,Kuwait (KWI),Kuwait,31,KW,
JA,JGN,Jagson Airlines,Delhi (DEL),India,8,IN,
JA,BON,BH Airlines,Sarajevo International Airport,Bosnia,3,BA,ceased
JC,JEX,JAL Express,Tokyo (HND),Japan,21,JP,
JD,CBJ,Beijing Capital Airlines,Beijing Capital International Airport,China,26,CH,
JF,LAB,LAB Flying,,USA,3,US,
JG,JGO,Jetgo Australia,Brisbane Airport,Australia,9,AU,
JH,FDA,Fuji Dream Airlines,Shizuoka Airport,Japan,6,JP,
JH,FFX,FLEX Linhas Aéreas,Rio de Janeiro/Galeão - Antonio Carlos Jobim International Airport,Brazil,27,BR,ceased
JJ,AGX,Aviogenex,,Serbia,642,RS,ceased
JJ,TAM,TAM Linhas Aereas,Sao Paulo,Brazil,539,BR,
JK,JKK,Spanair S.A.,Palma (PMI),Spain,3,ES,
JL,JAL,Japan Airlines,Tokyo (NRT),Japan,1046,JP,
JM,AJM,Air Jamaica,Kingston (KIN),Jamaica,3,JM,
JO,JAZ,JALways Co. Ltd.,Tokyo (HND),Japan,3,JP,
JP,ADR,Adria Airways,Lubljana (LJU),Slovenia,141,SI,
JQ,JST,Jetstar,Melbourne,Australia,195,AU,
JR,JOY,Joy Air,Xian Xianyang International Airport,China,3,CH,
JS,KOR,Air Koryo,Pyongyang Sunan International Airport,North Korea,7,,
JT,LNI,Lion Airlines,Soekarno-Hatta International Airport,Indonesia,303,ID,
JU,ASL,Air Serbia,Belgrade Nikola Tesla Airport,Serbia,343,RS,
JU,JAT,Jat Airways,Belgrade Nikola Tesla Airport,Serbia,107,RS,ceased
JV,BLS,Bearskin Airlines,,Canada,63,CA,
JW,VNL,Vanilla Air,Narita International Airport in Narita,Japan,8,JP,
JW,APW,Vanilla Air,Miami International Airport,USA,17,US,ceased
JY,IWY,Intercaribbean Airways,Providenciales International Airport,Turks &  Caicos,37,TC,
K2,ELO,Eurolot,Bishkek (FRU),Poland,6,PL,ceased
K2,KGA,Kyrgyzstan  Airlines,Bishkek (FRU),Kyrgyzstan,47,KG,ceased
K3,TQN,Taquan Air,Ketchikan International Airport,USA,3,US,
K5,SQH,Wings of Alaska,Tehran (THR),Iran,15,IR,
K6,KHV,Cambodia Angkor Air,Phnom Penh International Airport,Cambodia,18,KH,
K6,BRV,Bravo Air Congo, Kinshasa N'Djili International Airport,Congo,,,ceased
K7,KBZ,Air KBZ,Yangon International Airport,Myanmar,0,MM,
K8,KND,Kan Air,Chiang Mai International Airport,Thailand,17,TH,
KA,HDA,Dragonair,Hong Kong (HKG),Hong Kong,105,HK,
KB,DRK,Druk Air,Paro Airport,Bhutan,29,BT,
KC,KZR,Air Astana,Almaty International Airport,Kazakhstan,148,KZ,
KE,KAL,Korean Air,Seoul Incheon,South Korea,628,KR,
KF,KFB,Blue1 Oy,Helsinki (HEL),Finland,3,FI,
KG,LYM,Key Lime Air,Centennial Airport,United States,2,US,
KK,KKK,Atlasjet,Istanbul (IST),Turkey,79,TR,
KL,KLC,KLM Cityhopper,Amsterdam Airport Schiphol,Netherlands,2742,NL,
KL,KLM,KLM Royal Dutch,Amsterdam Airport Schiphol,Netherlands,2049,NL,
KM,AMC,Air Malta,Luqa (MLA),Malta,114,MT,
KN,CUA,China United Airlines,China United Airlines,China,2,CH,
KO,KHO,KHORS Air,Kyiv International Airport,Ukraine,2,UA,
KO,QNK,Kabo Air,Mallam Aminu Kano International Airport,Nigeria,2,NG,
KO,AER,Alaska Central Express,Ted Stevens Anchorage International Airport,USA,3,US,
KP,SKK,ASKY,Lomé-Tokoin Airport,"Lomé, Togo",111,,
KQ,KQA,Kenya Airways,Nairobi (NBO),Kenya,349,KE,
KR,EAA,Air Bishkek,Manas International Airport,Kyrgyzstan,10,KG,
KR,KMZ,Comores Aviation International,Prince Said Ibrahim International Airport,Comoros Islands,11,,
KS,PEN,PenAir,Anchorage (ANC),USA,39,US,
KU,KAC,Kuwait Airways,Kuwait (KWI),Kuwait,96,KW,
KX,CAY,Cayman Airways,Grand Cayman (GCM),Cayman Islands,33,KY,
KY,KNA,Kunming Airlines,Kunming Wujiaba International Airport,China,64,CH,
L5,LAC,Linea Aerea Cuencana,Cotopaxi International Airport,Ecuador,17,EC,
L6,MAI,Mauritanian Airlines International,Nouakchott International Airport,Mauritania,25,MR,ceased
L9,BAL,Belle Air Europe,Pristina International Airport,Italy,3,IT,ceased
LA,LAN,LAN Airlines,Santiago (SCL),Chile,656,CL,
LB,LEP,Air Costa,Chennai International Airport,India,,IN,
LB,LLB,Lloyd Aéreo Boliviano,Viru Viru International Airport,Bolivia,44,BO,ceased
LC,PTI,Equatorial Congo Airlines (ECAIR),Maya-Maya Airport,Republic of the Congo,10,,ceased
LC,VLO,Varig Log, São Paulo,Brazil,10,BR,ceased
LF,NDC,FlyNordic,Stockholm,Sweden,5,SE,
LG,LGL,Luxair,Luxembourg (LUX),Luxembourg (LUX),205,,
LH,DLH,Lufthansa,Frankfurt (FRA),Germany,1874,DE,
LH,GEC,Lufthansa Cargo,Frankfurt (FRA),Germany,1956,DE,
LI,LIA,LIAT,Grantley Adams International Airport,Antigua,84,,
LJ,JNA,Jin Air,Jeju International Airport,South Korea,25,KR,
LJ,SLA,Sierra National Airlines,Freetown Lungi International Airport,Sierra Leone,47,SL,ceased
LM,LOG,Loganair,Glasgow Airport,UK,0,UK,
LM,LVG,Livingston,Milan,Italy,3,IT,ceased
LN,LAA,Libyan Airlines,Tripoli International Airport,Libya,0,LY,
LO,LOT,LOT Polish Air,Warsaw,Poland,313,PL,
LP,LPE,Lan Peru S.A.,Lima (LIM),Peru,3,PE,
LR,LRC,LACSA,San Jos,Costa Rica,25,CR,
LT,LTU,LTU  InternationalAirways,Dusseldorf,Germany,3,DE,
LV,LBC,Albanian Airlines,Tirana (TIA),Albania,7,AL,
LW,NMI,Pacific Wings,Kahulul,USA,3,US,
LX,SWR,Swiss International Airlines,Zürich Airport,Switzerland,512,CH,
LX,SWU,Swiss Global Air Lines,Zürich Airport,Switzerland,412,CH,
LY,ELY,El Al Israel Air,Tel Aviv,Israel / Occupied Palestine,308,,
LZ,LBY,Belle Air,Tirana International Airport,Albania,3,AL,
M3,NFA,North Flying,Aalborg Airport,Denmark,2,,
M3,TUS,Tucson International Airport,Tucson Airport,USA,5,US,
M3,LTG,LATAM Cargo Brasil,Viracopos International Airport,Brazil,,BR,
M4,PMO,Nova Air,Mexico City International Airport,Mexico,3,MX,ceased
M4,SME,Smart Aviation Company,Cairo International Airport,Egypt,2,EG,
M7,MAA,MasAir,Benito JuÃ¡rez International Airport,Mexico,6,MX,
M7,MSL,Marsland Aviation, Khartoum International Airport,Sudan,3,SD,
M9,MSI,Motor Sich,Zaporizhia International Airport,Ukraine,0,UA,
MA,MAH,Malev Hungarian,Budapest (BUD),Hungary,3,HU,
MD,MDG,Air Madagascar,Antananarivo (TNR),Madagascar,58,MG,
MF,CXA,Xiamen Airlines,,China,601,CH,
MH,MAS,Malaysia Airlines,Kuala Lumpur (KUL),Malaysia,487,MY,
MI,SLK,SilkAir,Singapore,Singapore,115,SG,
MJ,MLR,Mihin Lanka,Bandaranaike International Airport,Sri Lanka,71,LK,
MK,MAU,Air Mauritius,Mauritius (MRU),Mauritius,159,MU,
ML,BIE,Air Mediterranee,Charles de Gaulle Airport,France,112,FR,ceased
MM,APJ,Peach Aviation,Kansai International Airport,Japan,26,JP,
MM,MMZ,Peach Aviation,Lisbon Humberto Delgado Airport,Portugal,51,PT,
MM,SAM,SAM Colombia,El Dorado International Airport,Colombia,26,CO,ceased
MO,CAV,Calm Air Intl,Thompson (YTH),Canada,53,CA,
MP,MPH,Martinair Holland,Amsterdam (AMS),Netherlands,3,NL,
MR,MRT,Air Mauritanie,,France,3,FR,ceased
MS,MSR,EgyptAir,Cairo (CAI),Egypt,272,EG,
MS,MSE,Egyptair Express,Cairo (CAI),Egypt,265,EG,
MU,CES,China Eastern Air,Shanghai (SHA),China,1547,CH,
MW,MHO,Mokulele,Kahului Airport,USA,25,US,
MW,MYD,Maya Island Air,Philip S. W. Goldson International Airport,Belize,25,BZ,
MX,MXA,Mexicana,Mexico City (MEX),Mexico,3,MX,
MY,MWA,Midwest Airlines,Cairo International Airport,Egypt,10,EG,
N3,MAF,Aerolineas MAS,La Isabela International Airport,Dominican Republic,3,DO,ceased
N3,OMS,Omskavia,Tsentralny Airport,Russia,7,RU,ceased
N7,JEV,Lagun Air,Leon,Spain,3,ES,
NA,TBA,Teebah  Airlines,Amman (AMM),Jordan,3,JO,
NB,SNB,Sterling  Airlines,Copenhagen,Denmark,3,DK,
NF,AVN,Air Vanuatu,Port Vila (VLI),Vanuatu,126,VU,
NK,NKS,Spirit Airlines,Ft Lauderdale (FLL),USA,432,US,
NL,SAI,Shaheen Air,Jinnah International Airport,Pakistan,44,PK,
NP,NIA,Nile Air,Cairo International Airport,Egypt,33,EG,
NQ,AJX,Air Japan,Narita International Airport,Japan,3,JP,
NS,HBH,Hebei Airlines,Shijiazhuang Zhengding International Airport,China,75,CH,
NT,IBB,Binter Canarias,Las Palmas (LPA),Spain,40,ES,
NU,JTA,Japan Transocean Air,Naha Airport,Japan,8,JP,
NV,CRF,Air Central,Ch?bu Centrair International Airport,Japan,3,JP,
NW,NWA,Northwest  Airlines,Minneapolis-St Paul,USA,3,US,
NX,AMU,Air Macau Limited,Macau,Macau,67,MO,
NY,FXI,Air Iceland,ReykjavÃ­k Airport,Iceland,22,IS,
NZ,ANZ,Air New Zealand,Auckland (AKL),New Zealand,692,NZ,
O4,ABV,Antrak Air,Kotoka International Airport,Ghana,0,GH,
O6,ONE,Avianca Brazil,BrasÃ­lia International Airport,Brazil,127,BR,
O9,NOV,Nova Airways,Khartoum International Airport,Sudan,13,SD,
OA,OAL,Olympic Airlines,Athens (ATH),Greece,103,GR,
OB,BOV,Boliviana de Aviación,Viru Viru International Airport,Bolivia,66,BO,
OC,NGK,Oriental Air Bridge,Nagasaki Airport,Japan,11,JP,
OD,MXD,Malindo Air,Kuala Lumpur International Airport,Petaling Jaya,67,,
OG,ONX,Air Onix,Simferopol International Airport,Ukraine,2,UA,ceased
OG,OTG,One-Two-GO Airlines,Don Mueang International Airport,Thailand,3,TH,ceased
OK,CSA,Czech Airlines,Prague (PRG),Czech Republic,284,CZ,
OL,OLT,OLT Express Germany,Emden,Germany,5,DE,
OM,MGL,MIAT Mongolian,Ulaan Baatar (ULN),Mongolia,23,MN,
ON,RON,Nauru Airlines,Nauru International Airport,Nauru,29,NR,
OS,AUA,Austrian Airlines,Vienna (VIE),Austria,612,AT,
OU,CTN,Croatia Airlines,Zagreb (ZAG),Croatia,245,HR,
OV,ELL,Estonian Air,Tallinn (TLL),Estonia,3,EE,
OX,OEA,Orient Thai Airlines,Suvarnabhumi Airport,Thailand,4,TH,
OY,ANS,Andes Líneas Aéreas,Martín Miguel de Güemes Airport,Argentina,7,AR,
OY,OAE,Omni Air Express,Tulsa International Airport,USA,0,US,
OZ,AAR,Asiana Airlines,Seoul (ICN),Korea,,,
P2,XAK,Airkenya Express,Wilson Airport,Kenya,18,KE,
P4,NSO,AerolÃ­neas Sosa,Leite Lopes Airport,Honduras,28,HN,
P6,PSC,Pascan Aviation,GolosÃ³n International Airport,Canada,53,CA,
P9,MGE,Asia Pacific Airlines,MontrÃ©al/Saint-Hubert Airport,USA,27,US,
PA,ABQ,Airblue,Antonio B. Won Pat International Airport,Pakistan,53,PK,
PB,SPR,Provincial Air,St Johns,Canada,74,CA,
PC,PVV,Continental Airways,Sheremetyevo International Airport,Russia,255,RU,ceased
PC,PGT,Pegasus Airlines,Sabiha Gökçen International Airport,Tukey,158,,
PC,FAJ,Air Fiji,Nadi International Airport,Fiji,,,ceased
PD,POE,Porter Airlines,Billy Bishop Toronto City Airport,Canada,44,CA,
PE,PEV,Peoples Viennaline,St. Gallen-Altenrhein Airport,Altenrhein,5,,
PG,BKP,Bangkok Airways,Bangkok (BKK),Thailand,138,TH,
PJ,SPM,Air St. Pierre,St Pierre (FSP),St Pierre et Miquelon,11,,
PK,PIA,Pakistan International Airlines,Karachi,Pakistan,265,PK,
PL,ASE,Airstars,Cincinnati/Northern Kentucky International Airport,Russia,17,RU,ceased
PL,SOA,Southern Air Charters,Lynden Pindling International Airport,Bahamas,6,BS,
PM,CNF,CanaryFly,Gran Canaria Airport,Spain,7,ES,
PN,CHB,West Air,Chongqing Jiangbei International Airport,China,133,CH,
PR,PAL,Philippine Airlines,,Philippines,236,PH,
PS,AUI,Ukraine International Airlines,Kiev,Ukraine,190,UA,
PU,PUA,Pluna Uruguayas,Montevideo (MVD),Uruguay,3,UY,
PV,PNR,PAN Air,Madridâ€“Barajas Airport,Spain,9,ES,
PW,PRF,Precision Air,Arusha,Tanzania,35,TZ,
PX,ANG,Air Niugini Pty,Port Moresby (POM),Papua New Guinea,68,PG,
PY,SLM,Surinam Airways,Paramaribo (ORG),Suriname,27,SR,
PZ,LAP,TAM Mercosur,Asuncion,Paraguay,23,PY,
Q2,DQA,Maldivian,Ibrahim Nasir International Airport,Maldives,37,MV,
Q3,MBN,Trans Anguilla Airways,Clayton J. Lloyd International Airport,Zambia,7,ZM,
Q6,CDP,Aero Condor Peru,Jorge Chávez International Airport,Peru,3,PE,
Q6,SKP,Skytrans Airlines,Cairns Airport,Australia,8,AU,
Q7,SBM,Sky Bahamas,Lynden Pindling International Airport,Bahamas,17,BS,
Q8,PEC,Pacific East Asia Cargo Airlines,Clark International Airport,Philippines,19,PH,
Q9,AFU,Afrinat International Airlines,Banjul International Airport,The Gambia,3,,
QC,UYC,Cameroon Airlines,Douala International Airport,Cameroon,65,CM,
QF,EAQ,Eastern Australia Airlines,Mascot,Australia,1065,AU,
QF,SSQ,Sunstate Airlines,Brisbane,Australia,702,AU,
QF,QFA,Qantas,Brisbane Airport,Australia,702,AU,
QG,CTV,Citilink,Juanda International Airport,Indonesia,100,ID,
QH,LYN,Air Kyrgyzstan,Manas International Airport,Kyrgyzstan,31,KG,
QI,CIM,Cimber Air,Copenhagen (CPH),Denmark,3,DK,
QM,AML,Air Malawi,Blantyre (BLZ),Malawi,3,MW,
QN,ARR,Air Armenia,Zvartnots International Airport,Armenia,3,AM,
QR,QTR,Qatar Airways,Doha,Qatar,1146,QA,
QS,TVS,Travel Service Airlines,Václav Havel Airport Prague,Czech Republic,263,CZ,
QU,UGX,East African Airlines,Entebbe International Airport,Uganda,3,UG,ceased
QU,UTN,Azur Air Ukraine,Boryspil International Airport,Ukraine,14,UA,
QV,LAO,Lao Aviation,Vientiane,Laos,69,LA,
R2,ORB,Orenair,Orenburg Tsentralny Airport,Orenair,3,,ceased
R3,SYL,Yakutia Airlines,Yakutsk Airport,Russia,40,RU,
R7,OCA,Aserca Airlines,Simón Bolívar International Airport,Venezuela,41,VE,
RA,RNA,Nepal Airlines,Kathmandu (KTM),Nepal,17,NP,
RB,SYR,Syrian Arab Air,Damascus,Syria,4,SY,
RC,FLI,Atlantic Airways,Vagar (FAE),Faroe Islands,23,FO,
RE,REA,Aer Arann,Dublin (DUB),Ireland,3,IE,
RG,VRN,Varig S.A.,Rio de Janeiro-Galeão,Brazil,13,BR,
RI,MDL,Tigerair Mandala,Soekarno Hatta International Airport,Indonesia,28,ID,
RJ,RJA,Royal Jordanian,Amman (AMM),jordan,330,JO,
RO,ROT,Tarom,Bucharest,Romania,165,RO,
RQ,KMF,Kam Air,Kabul International Airport,Afghanistan,15,AF,
RT,RKM,RAK Airways,Ras Al Khaimah International Airport,U.A.E.,3,,
RX,RGE,Regent Airways,Hazrat Shahjalal International Airport,Bangladesh,23,,
RZ,LRS,Sansa Airlines,Juan Santamaría International Airport,Costa Rica,23,CR,
S2,RSH,JetLite,Delhi (DEL),India,122,IN,
S3,BBR,Santa Barbara Air,Maracaibo,Venezuela,7,VE,
S4,RZO,Azores Airlines,Lisbon,Portugal,106,PT,
S7,SBI,Siberia Airlines,Domodedovo International Airport,Russia,411,RU,
S9,IKM,Starbow,Kotoka International Airport,Ghana,0,GH,
SA,SAA,South African,Johannesburg(JNB),SouthAfrica,530,,
SC,CDG,Shandong Airlines,,China,435,CH,
SD,SUD,Sudan Airways Co,Khartoum (KRT),Sudan,19,SD,
SG,SEJ,SpiceJet,,India,273,IN,
SH,SH,Sharp Airlines,Portland Airport,Australia,19,AU,
SI,AWS,Air Arabia Jordan, Amman Civil Airport,Jordan,19,JO,
SI,BCI,Blue Islands,Guernsey Airport,Guernsey,32,GG,
SI,SPA,Sierra Pacific Airlines,"Tucson""",USA,32,US,
SJ,SJY,Sriwijaya Air,Soekarno-Hatta International Airport,Indonesia,28,ID,
SJ,CGL,Seagle Air,M. R. Štefánik Airport,Slovakia,120,SK,
SK,SAS,Scandinavian SAS,Copenhagen Airport,Sweden,1090,SE,
SK,CNO,SAS Braathens,Oslo Airport,Norway,1061,NO,ceased
SN,BEL,Brussels Airlines,Brussels (BRU),Belgium,511,BE,
SP,SAT,SATA - Air Acores,Ponta Delgado,Azores,37,,
SQ,SIA,Singapore Airlines,Singapore Changi,Singapore,919,SG,
ST,GMI,Germania,Bremen Airport,Germany,76,DE,
SU,RCF,Aeroflot-Cargo,Sheremetyevo International Airport,Russia,689,RU,ceased
SU,AFL,Aeroflot Russian Airlines,Sheremetyevo International Airport,Russia,468,RU,
SV,SVA,Saudi Arabian Air,Jeddah,Saudi Arabia,505,SA,
SW,NMB,Air Namibia,Windhoek (WDH),Namibia,44,NA,
SX,SRK,Sky Work Airlines,Bern Airport,Switzerland,26,CH,
SX,MCS,Macedonian Airlines, Eleftherios Venizelos International Airport,Greece,43,GR,ceased
SY,SCX,Sun Country Air,Minneapolis-St Paul,USA,87,US,
SZ,SMR,Somon Air,Dushanbe International Airport,Tajikistan,43,TJ,
T3,EZE,Eastern Airways,Humberside (HUY),United Kingdom,40,GB,
T5,TUA,Turkmenistan Airlines,Ashgabat International Airport,Turkmenistan,29,TM,
T7,TJT,Twin Jet,Marseille (MRS),France,29,FR,
TA,TAI,TACA Airlines,"Monseñor Óscar Arnulfo
Romero International Airport",El Salvador,45,SV,
TC,ATC,Air Tanzania,Dar es Salaam (DAR),Tanzania,9,TZ,
TD,LUR,Atlantis European Airways,Zvartnots International Airport,Armenia,4,AM,
TE,LIL,Lithuanian  Airlines,Vilnius International Airport,Lithuania,3,LT,
TF,SCW,Malmo Aviation,Malmo,sweden,45,SE,
TG,THA,Thai Airways,Bangkok,Thailand,420,TH,
TJ,KYE,Tradewinds Airlines,Gatwick Airport,USA.,17,,ceased
TK,THY,Turkish Airlines,Istanbul (IST),Turkey,1146,TR,
TL,ANO,Airnorth Regional,Darwin (DRW),Australia,52,AU,
TLR,TLR,Air Libya,Benina International Airport,Libya,38,LY,
TM,LAM,LAM Mozambique Airlines,Maputo,Mozambique,77,MZ,
TN,THT,Air Tahiti Nui,Papeete (PPT),French Polynesia,63,PF,
TP,TAP,TAP Portugal,Lisbon (LIS),Portugal,943,PT,
TQ,TDM,Tandem Aero,Chi?in?u International Airport,Moldova,5,MD,
TR,TGW,Tiger Airways,Singapore Changi,Singapore,81,SG,
TS,TSC,Air Transat,Montreal,Canada,375,CA,
TU,TAR,Tunisair,Tunis,Tunisia,211,TN,
TW,TWB,Tway Airlines,Jeju International Airport,South Korea,37,KR,
TX,FWI,Air Caraibes,Pointe-a-Pitre (PTP),Guadeloupe,35,GP,
TY,TPC,Air Calédonie,Nouméa Magenta Airport,New Caledonia,22,NC,
U2,EZY,easyJet,London (LTN),United Kingdom,1263,GB,
U5,GWY,USA3000,"Newtown Square""",USA,3,US,
U6,SVR,Ural Airlines,,Russia,419,RU,
U9,TAK,Tatarstan Airlines,Kazan International Airport,Russia,4,RU,
UA,UAL,United,Chicago,USA,4593,US,
UD,HER,HexAir,Le Puy - Loudes Airport,France,0,FR,
UF,UKM,UM Airlines,Kyiv International Airport ,Ukraine,3,UA,
UG,SEN,SevenAir,Tunis-Carthage International Airport,Tunisia,19,TN,ceased
UG,TUX,TunisAir Express,Tunis-Carthage International Airport,Tunisia,6,TN,
UJ,LMU,AlMasria Universal Airlines,Cairo International Airport,Egypt,2,EG,
UJ,GMT,Magnicharters,Mexico City International Airport,Mexico,21,MX,
UK,VTI,Vistara Airlines,Indira Gandhi International Airport,India,54,IN,
UL,ALK,SriLankan Airlines,Colombo,Sri Lanka,232,LK,
UM,AZW,Air Zimbabwe (Pvt),Harare (HRE),Zimbabwe,17,ZW,
UN,TSO,Transaero Airlines,,Russia,3,RU,
UO,HKE,HongKong Express,Hong Kong (HKG),Hong Kong,45,HK,
UP,BHS,Bahamasair,Lynden Pindling International Airport - Bahamas,Bahamas,61,BS,
UR,UTX,UTair Express,Syktyvkar Airport,Russia,4,RU,
US,USA,US Airways,Charlotte Douglas International Airport,USA,3,US,ceased
US,PDT,Piedmont Airlines,North Carolina,USA,4350,US,ceased
UT,TMN,UTair,Surgut,Russia,233,RU,
UU,REU,Air Austral,St Denis (RUN),Reunion,128,RE,
UX,AEA,Air Europa,Palma (PMI),Spain,491,ES,
V0,VCV,ConViasa,Caracas (CCS),Venezuela,57,VE,
V3,KRP,Carpatair S.A.,Timisoara (TSR),Romania,3,RO,
V4,VEC,Vensecar Internacional,Simón Bolívar International Airport,Venezuela,0,VE,
V5,VLI,Avolar Aerolíneas,Gen. Abelardo L. Rodríguez Int'l Airport,Mexico,9,MX,ceased
V5,PCE,Pace Airlines,Smith Reynolds Airport,USA,2,US,ceased
V7,SNG,Air Senegal Intl,,Senegal,381,SN,
V8,VAS,Atran,Domodedovo International Airport,Russia,3,RU,
V9,VAA,Van Air Europe,Gen. Mariano Escobedo Intl Airport,Europe,13,,
VA,VOZ,Virgin Australia,Brisbane Airport,Australia,686,AU,
VB,VIV,Aeroenlaces Nacionale,Gen. Mariano Escobedo Intl Airport,Mexico,121,MX,
VF,VLU,Valuair Ltd.,Singapore,Singapore,3,SG,
VG,VLM,VLM  Airlines,Antwerp,Belgium,23,BE,
VH,LAV,Aeropostal Alas de Venezuela,Caracas (CCS),Venezuela,17,VE,
VJ,VJC,VietJet Air,Noi Bai International Airport,Vietnam,6,VN,
VJ,JTY,Jatayu Airlines,Soekarno-Hatta International Airport,Indonesia,71,ID,
VK,VGN,Virgin Nigeria,Lagos (LOS),Nigeria,17,NG,
VM,VOA,Macair Jet, Sofia Airport,Bulgaria,3,BG,ceased
A0,MCG,Avianca Argentina,Aeroparque Jorge Newbery,Argentina,0,AR,
VN,HVN,Vietnam Airlines,,Vietnam,358,VN,
VP,VSP,VASP,Congonhas Airport Guarulhos International Airport,Brazil,3,BR,
VS,VIR,Virgin Atlantic,London (LHR),United Kingdom,1172,GB,
VT,VTA,Air Tahiti,Papeete (PPT),French Polynesia,121,PF,
VV,AEW,AeroSvit  Airlines,Kiev(KBP),Ukraine,3,UA,
VW,TAO,Aeromar,Mexico City (MEX),Mexico,91,MX,
VX,VRD,Virgin America,San Francisco International Airport,United States,91,US,
VY,VLG,Vueling Airlines,,Spain,801,ES,
W2,FXT,Flexflight,NA,Denmark,87,DK,
W2,WEA,White Eagle Aviation,Warsaw Frederic Chopin Airport,Poland,275,PL,ceased
W3,SWT,Swiftair,Madrid,Spain,26,ES,
W3,ARA,Arik Air,Kotoka International Airport,Nigeria,79,NG,
W3,DNU,DOT LT,"Oslo Airport, Gardermoen",Lithuania,26,LT,
W4,LCB,LC Perú, Jorge Chávez International Airport,Peru,17,PE,
W4,BES,Aero Services Executive,Paris,France,2,FR,
W5,IRM,Mahan Airlines,Tehran (THR),Iran,37,IR,
W6,WZZ,Wizz Air,Budapest (BUD),Hungary,843,HU,
W9,JAB,Air Bagan,Yangon International Airport Mandalay Chanmyathazi Airport,Myanmar,3,MM,
WB,RWD,Rwandair Express,Kigali,Rwanda,59,RW,
WC,ISV,Islena Airlines,GolosÃ³n International Airport,Honduras,3,HN,
WEW,WEW,West Wind Aviation,Saskatoon/John G. Diefenbaker International Airport,Saskatchewan,5,,
WF,WIF,Wideroes Fly,Oslo,Norway,216,NO,
WG,SWG,Sunwing Airlines,Toronto Pearson International Airport,Canada,155,CA,
WH,WSF,West African Airline,West African Airlines,Cotonou,,,ceased
WJ,LAL,Labrador Limited,Goose Bay (YYR),Canada,43,CA,
WM,WIA,Windward Is Intl,St Maarten,Netherlands Antilles,44,,
WO,WOA,World Airways,"Oakland""",USA,3,US,
WP,MKU,Hawaii Island Air,Honolulu,USA,9,US,
WR,VID,Aviaprad  Airlines,Ekaterinburg,Russia,3,RU,
WS,WJA,WestJet,Calgary (YYC),Canada,833,CA,
WT,WSG,Wasaya Airways,Thunder Bay International Airport,Canada,3,CA,
WU,WAU,Wizz Air Ukraine,Kyiv International Airport,Ukraine,3,UA,
WW,BMI,bmiBaby,East Midlands (EMA),United Kingdom,55,GB,
WY,OAS,Oman Air,Muscat-Seeb,Oman,126,OM,
X01,,Zexus Air,,India,3,IN,
X02,,Zav Airways,"Netaji Subhas Chandra Bose International Airport, Kolkata",India,3,IN,
X05,,Premier Airways,,India,3,IN,
X3,TUI,TUIfly,Hannover Airport,Germany,302,DE,
X7,CHF,Chitaavia,Kadala Airport,Russia,2,RU,
X7,AGB,Air Service Gabon,Libreville International Airport,Gabon,5,GA,
X9,NVD,Avion Express,Vilnius Airport,Lithuania,21,LT,
XE,BTA,ExpressJet  Airlines,Newark (EWR),USA,3,US,
XF,VLK,Vladivostok Air,Valdivostok,Russia,3,RU,
XG,NAO,Clickair,Barcelona–El Prat Airport,USA,203,US,ceased
XK,CCM,Air Corsica,Ajaccio (AJA),France,119,FR,
XL,LNE,Lan Ecuador Aero,Quito,Ecuador,48,EC,
XQ,SXS,SunExpress,Antalya,Turkey,121,TR,
XU,AXK,African Express Airways,Jomo Kenyatta International Airport,Kenya,3,KE,
XV,none,BVI Airways,Terrance B. Lettsome International Airport,Tortola,3,,
XY,KNE,FlyNas Airlines,King Khalid International Airport,Saudi Arabia,139,SA,
Y4,VOI,Volaris,Don Miguel Hidalgo y Costilla International Airport,Mexico,286,MX,
Y5,GMR,Golden Myanmar Airlines,Mandalay International Airport,Myanmar,4,MM,
Y5,AWA,Asia Wings, Sary-Arka Airport,Kazakhstan,66,KZ,ceased
Y9,TSG,Trans Air Congo,Pointe Noire Airport,Congo,0,CG,
Y9,KIS,Kish Airlines,Kish Island,Iran,3,IR,ceased
YC,LLM,Yamal Airlines,Roschino Airport,Russia,108,RU,
YI,RSI,Air Sunshine,Luis Muñoz Marín International Airport,USA,3,US,
YJ,AWM,Asian Wings Airways,Yangon International Airport,Myanmar,0,MM,
YK,KYV,Cyprus Turkish,,Northern Cyprus,35,,
YM,MGX,Montenegro Air,Podgorica (TGD),Montenegro,37,ME,
YN,CRQ,Air Creebec,Val-dOr Airport,Canada,97,CA,
YO,MCM,Heli Air Monaco,Monaco Heliport,Monaco,6,MC,
YQ,POT,Polet Airlines,Chertovitskoye Airport,Russia,3,RU,
YR,CVU,Grand Canyon Airlines,Grand Canyon National Park Airport,United States,5,US,
YT,NYT,Yeti Airlines,Tribhuvan International Airport,Nepal,3,NP,
YV,ASH,Mesa Airlines Inc.,Phoenix (PHX),USA,3,US,
YX,MEP,Midwest,Milwaukee (MKE),USA,3,US,
YZ,FEM,Flywell Airlines / Zimbabwe Airlink,NA,Zimbabwe,9,ZW,ceased
Z2,EZD,AirAsia Zest,Ninoy Aquino International Airport,Philippines,31,PH,ceased
Z3,SMJ,Avient Aviation,LiÃ¨ge Airport,Zimbabwe,3,ZW,
Z5,GMG,GMG Airlines,Netaji Subhas Chandra Bose International Airport,Bangladesh,3,BD,
Z6,UDN,Dniproavia,Dnipropetrovsk International Airport,Ukraine,16,UA,
Z8,AZN,Linea Aerea Amaszonas,El Alto International Airport,Bolivia,30,BO,
Z9,BEK,BEKAIR,Oral Ak Zhol Airport,Kazakhstan,0,KZ,
ZA,SUW,INTERAVIA Airlines,Domodedovo International Airport,Russia,17,RU,ceased
ZA,SWM,Sky Angkor Airlines,Siem Reap International Airport,Cambodia,8,KH,
ZB,MON,Monarch Airlines,London (LTN),United Kingdom,191,GB,
ZC,KGO,Korongo Airlines,Lubumbashi International Airport,CONGO,3,CG,
ZE,AZE,Arcus-Air Logistic,Mannheim City Airport,Germany,41,DE,
ZE,ESR,Eastar Jet,Gimpo International Airport,South Korea,18,KR,
ZH,CSZ,Shenzhen Airlines,Shenzhen Bao'an International Airport,China,68,CH,
ZH,EGA,Ecuato Guineana de Aviacion,Equatorial Guinea,Equatorial Guinea,791,GQ,
ZI,AAF,Aigle Azur,Paris(ORY),France,61,FR,
ZM,KGM,Manas Air,Manas International Airport,Kyrgyzstan,2,KG,ceased
ZM,CNB,CityLine Hungary,bases Budapest Ferihegy International Airport,Hungary,15,HU,
ZS,SMY,Sama  Airlines,Jeddah / Dammam,Saudi Arabia,3,SA,
ZV,AMW,Air Midwest,Kansas City International Airport,United States,19,US,