carrier_code,carrier_name,icoa_code,pnr_link,webcheckin_url
"0B","Blue Air","JOR","http://www.blueairweb.com/","http://www.blueairweb.com/"
"2B","Ak Bars Aero","BGM","http://www.akbarsaero.ru/en/","http://www.akbarsaero.ru/en/"
"3S","एयर एंटिल्स एक्सप्रेस","GUY","http://www.airantilles.com/","http://www.airantilles.com/webcheckin/"
"4B","बुटीक एयर", nil,"http://www.boutiqueair.com/","http://www.boutiqueair.com/pages/travel_manager"
"3U","Sichuan Airlines","CSC","http://www.scal.com.cn/B2C","http://www.scal.com.cn/B2C"
"4D","Air Sinai","ASD","http://www.iaa.gov.il/Rashat/en-US/Airports/BenGurion/InformationforTravelers/Airlines/AIRSINAI.htm","http://www.iaa.gov.il/Rashat/en-US/Airports/BenGurion/InformationforTravelers/Services/GeneralServices/PreFlight/SelfCheckin.htm"
"4M","LAN Argentina","DSM","http://www.lan.com/en_us/sitio_personas/destination-guides/argentina/","http://www.lan.com/cgi-bin/checkin/paso1.cgi"
"4Q","Safi Airways","SFW","http://safiairways.com/","http://www.safiairways.com/checkin"
"4Y","अलास्का एयरलाइंस","TUD","http://www.alaskaair.com/","https://webselfservice.alaskaair.com/checkinweb/default.aspx?language=en_US&lid=nav:travelInfo-checkIn%20{On-Click%20tag}"
"2M","Moldavian Airlines","MDV","http://www.mdv.md/","http://www.mdv.md/"
"5O","Europe Airpost","FPO","http://www.europeairpost.com/en/","http://www.europeairpost.com/en/"
"8P","Pacific Coastal","PCO","http://www.pacific-coastal.com/","http://www.pacificcoastal.com/id/201/Check-in-Time.html"
"7I","Insel Air","INC","https://bookinginsel.sita.aero/itd/itd/lang/en/reservations","https://fastcheck.sita.aero/cce-presentation-web-7i/entryUpdate.do"
"3Z","ट्रावेल सर्वीस पोलस्का","ZAW","http://www.travelservice.com.pl/","http://www.travelservice.com.pl/"
"3Z","Travel Service Polska","TVP","http://www.travelservice.com.pl/","http://www.travelservice.com.pl/"
"9W","Jet Airways","JAI","http://www.jetairways.com/EN/VN/PlanYourTravel/PNRStatus.aspx","http://www.jetairways.com/EN/IN/PlanYourTravel/WebCheck-in.aspx"
"9W-K","Jet Konnect", nil,"http://www.jetkonnect.com/in/pnrstatus.aspx","http://www.jetkonnect.com/in/webcheckin.aspx"
"AA","American Airlines","AAL","https://www.aa.com/login/optionalLoginAccess.do?anchorEvent=false&previousPage=/reservation/viewReservationsAccess.do&continueUrl=/reservation/findReservationAccess.do","http://www.americanairlines.in/intl/in/travelInformation/checkInOptions.jsp?anchorEvent=false&from=Nav"
"AF","Air France","AFR","https://www.airfrance.us/cgi-bin/AF/US/en/local/process/standard/rebooking/SearchPnrRbkAction.do?","https://www.airfrance.com/IN/en/local/transverse/frame/genericIFrame.htm?&resize=auto&frameWidth=1020&header=false&url=https://www.airfrance.com/ams/ici/checkin/Main/Checkin?DPS=af&LANG=en&MKT=IN&fromurl=http://www.airfrance.com/IN/en/local/home/home/Home"
"A8","एमरफ्लाईट","AMF","http://www.ameriflight.com/","http://www.ameriflight.com/"
"AK","Air Asia","AXM","https://booking.airasia.com/BookingListLogin.aspx?redirect=1&sso=1","http://www.airasia.com/in/en/home.page?gclid=CPbPwt-Ql74CFZcWjgodExUAzg#"
"B6","JetBlue Airways","JBU","http://www.jetblue.com/","https://checkin.jetblue.com/B6WebCheckIn/WebCheckIn.html#"
"BV","Blue Panorama Air","BPA","http://www.blue-panorama.it/en/index.html","http://www.blue-panorama.it/en/index.html"
"GV","Sky Gabon","SKG","http://www.skygabon.com/en/","http://www.skygabon.com/en/"
"C8","Cargolux Italia","ICV","http://cargoluxitalia.com/","http://cargoluxitalia.com/"
"G7","GoJet Airlines","GJS","http://www.gojetairlines.com/","http://www.gojetairlines.com/"
"HI","Papillon Airways", nil,"http://www.papillon.com/","http://www.papillon.com/"
"M7","मासएयर","MAA","http://www.masair.com/","http://www.masair.com/"
"NU","Japan Transocean Air","JTA","http://www.jal.co.jp/jta/","http://www.jal.co.jp/jta/"
"P6","Pascan Aviation","PSC","https://www.pascan.com/en/","https://www.pascan.com/en/flights-info-pascan/"
"YO","Heli Air Monaco","MCM","http://www.heliairmonaco.com/home.html","http://www.heliairmonaco.com/home.html"
"EA","Horizon Air", nil,"http://www.alaskaair.com/","http://www.alaskaair.com/"
"EF","एज्नीस एयरवेज","EZA","http://www.eznisairways.com/","http://www.eznisairways.com/check"
"6Y","Smartlynx Airlines","ART","http://www.smart-lynx.com/","http://www.smart-lynx.com/"
"BC","Skymark Airlines","SKY","http://www.skymark.co.jp/en/","http://www.skymark.co.jp/en/res_boarding/checkin.html"
"EK","Emirates","UAE","https://fly4.emirates.com/MYB/MMBLogin.aspx","https://fly4.emirates.com/CKIN/OLCI/FlightInfo.aspx"
"G8","GoAir","GOW","http://www.goair.in/changebooking.aspx","http://www.goair.in/WebCheckin/Web-CheckIn.aspx"
"JR","Joy Air","JOY","http://www.joy-air.com/","http://www.joy-air.com/"
"UD","HexAir","HER","http://www.hexair.com/","http://www.hexair.com/"
"HZ","अरोरा एयरलाइंस","SHU","http://www.flyaurora.ru/","http://www.flyaurora.ru/"
"ML","एयर मेडिटरेनियन","BIE","http://www.air-mediterranee.fr/","http://www.air-mediterranee.fr/"
"5M","मोंटसेराट एयरवेज","SIB","http://www.flymontserrat.com/","http://www.flymontserrat.com/check-in.php"
"3P","टीआरा एयर अरूबा","TNM","http://www.tiara-air.com/","http://www.tiara-air.com/plan-book/check-in/"
"ML","Trans Attico","ETC","http://www.air-mediterranee.fr/","http://www.air-mediterranee.fr/"
"8V","राइट एयर सर्वीस","WRF","http://wrightairservice.com/","http://wrightairservice.com/"
"NP","Nile Air","NIA","http://www.nileair.com/","http://www.nileair.com/"
"HR","Hahn Air Lines","HHN","https://www.hahnair.com/","https://www.hahnair.com/"
"JH","फ़ूजी ड्रीम एयरलाइंस","FDA","http://www.fujidream.co.jp/","http://www.fujidream.co.jp/checkin/"
"JY","ईंटरकेरीबीअन एयरवेज","IWY","http://airturksandcaicos.com/","http://airturksandcaicos.com/checkin"
"K3","Taquan Air","TQN","http://www.taquanair.com/","http://www.taquanair.com/"
"KC","Air Astana","KZR","http://www.airastana.com/","http://www.airastana.com/kaz/en/web-check-in.aspx"
"KU","Kuwait Airways","KAC","http://www.kuwaitairways.com/en/?tab=myb","http://www.kuwaitairways.com/en/?tab=olc"
"TJ","Tradewinds Airlines","KYE","http://www.skyleasecargo.com/en/index.php","http://www.skyleasecargo.com/en/index.php"
"L6","Mauritanian Airlines International","MAI","http://www.mauritaniaairlines.mr/","http://www.mauritaniaairlines.mr/"
"U9","Tatarstan Airlines","KAZ","http://www.tatarstan.aero/","http://www.tatarstan.aero/"
"X3","टीयुआईफ्लाय","HLX","https://www.tuifly.com/en/index.html","https://www.tuifly.com/Webcheckin.aspx?culture=en-GB"
"MW","मोकुलेल","BUG","http://www.mokuleleairlines.com/","http://www.mokuleleairlines.com/"
"O4","एंट्रेक एयर","ABV","http://www.antrakair.com/","http://www.antrakair.com/"
"O9","Nova Airways","NOV","http://www.novaairways.com/vn/default.aspx","http://www.novaairways.com/vn/default.aspx"
"OG","एयर ओनिक्स","ONX","http://www.aironix.ua/eng/","http://www.aironix.ua/eng/at-the-airport/Check-in-boarding.html"
"OC","Oriental Air Bridge","NGK","http://www.orc-air.co.jp/","http://www.orc-air.co.jp/"
"SQ","Singapore Airlines","SIA","https://www.singaporeair.com/manageBooking-flow.form?execution=e3s1","http://www.singaporeair.com/checkIN-flow.form?execution=e2s1"
"TG","Thai Airways","THA","http://www.thaiairways.com/en/index.page","http://www.thaiair.com/ADD_IWCI/Checkin_Process.jsp?random=1399360177946"
"UL","SriLankan Airlines","ALK","http://www.srilankan.com/en_uk/plan-and-book/flight-status","http://www.srilankan.com/olci"
"MY","माया आईलेंड्स एयर","MYD","http://www.mayaislandair.com/","http://www.mayaislandair.com/"
"VN","Vietnam Airlines","HVN","http://www.vietnamairlines.com/wps/portal/en/site/home?country_code=VN&country=vietnam&lang=en","http://www.vietnamairlines.com/wps/portal/en/site/before_you_fly/web_check_in/check_in_online"
"MW","Mokulele","MUL","http://www.mokuleleairlines.com/","http://www.mokuleleairlines.com/"
"N3","एयरोलाईनीस मास","MAS","http://www.aerolineasmas.com/","http://www.aerolineasmas.com/"
"L9","Belle Air Europe","BAL","http://www.belleaireurope.eu/","http://www.belleaireurope.eu/"
"IF","Islas Airways","ISW","http://www.islasnet.com/","http://www.islasnet.com/"
"VF","Valuair Ltd.","VLU","http://www.jetstar.com/au/en/home","http://www.jetstar.com/id/en/planning-and-booking/checking-in/web-check-in"
"UKM","UM Airlines","UKM","http://umair.com.ua/","http://umair.com.ua/"
"AM","Aeromexico","AMX","http://www.aeromexico.com/in/welcome.html","https://checkin.sabre.com/AMWebCheckIn/WebCheckIn.html#Language=en_US"
"A7","Air Comet","MPD","http://www.aircomet.com/","http://www.aircomet.com/"
"H7","Eagle Air","EGU","http://www.eagleair.is/","http://www.eagleair.is/"
"WS","WestJet","WJA","http://www.westjet.com/guest/en/home.shtml;jsessionid=dKLGTrpdm0DpmbGpWPfr0trj4pPfPdVT7p0GlWCsG4XpB1G6GySn!259107393","https://checkin.westjet.com/WSWCI/wci?execution=e2s1"
"AT","Royal Air Maroc","RAM","http://www.royalairmaroc.com/int-en","http://www.royalairmaroc.com/int-en/E-Services/Online-Check-in"
"FM","Shanghai Air","CSH","http://www.ceair.com/fm.html","http://www.ceair.com/fm.html"
"AZ","Alitalia","AZA","https://www.alitalia.com/","https://www.alitalia.com/it_en/Informazioni-Supporto/checkin/index.html"
"WB","Rwandair Express","RWD","http://www.rwandair.com/","http://www.rwandair.com/"
"XL","Lan Ecuador Aero","LNE","http://www.lan.com/en_ca/sitio_personas/special-offers/fly-within-ecuador/","http://www.lan.com/cgi-bin/checkin/paso1.cgi?rand=5809951.26701058"
"2I","Star Peru","SRU","http://www.starperu.com/es/","http://www.starperu.com/es/#tabs-2"
"6W","सेराटोव एयरलाइंस","SOV","http://www.saravia.ru/SitePages/passengers/online-table.aspx","http://booking.saravia.ru/is2009/web-checkin/conditions.jsf"
"KA","Dragonair","HDA","http://www.dragonair.com/ka/en_HK/manage-booking/manage-booking/manage-booking-now.html","http://www.dragonair.com/ka/en_IN/manage-booking/check-in/check-in-now.html"
"PX","Air Niugini Pty","ANG","http://www.airniugini.com.pg/","http://www.airniugini.com.pg/"
"TF","Malmo Aviation","SCW","http://www.malmoaviation.se/","http://www.malmoaviation.se/#foldable-pane-1"
"D3","Daallo Airlines","DAO","https://reservations.daallo.com/ibe/public/showReservation.action?hdnParamData=en^MAN","http://www.daallo.com/checkininfo.aspx"
"E5","Samara Airlines","BRZ","http://www.samara-airlines.ru/","http://www.samara-airlines.ru/"
"KK","Atlasjet","KKK","http://www.atlasjet.com/MainPage","https://online.atlasjet.com/AtlasOnline/onlineCheckIn/onlineCheckInSearch.jsp?lang=tr"
"LN","लीबिया एयरलाइंस","LAA","http://www.libyanairlines.co.uk/","http://www.libyanairlines.co.uk/"
"TL","Airnorth Regional","ANO","http://www.airnorth.com.au/","http://www.airnorth.com.au/flying-with-us/before-you-fly/check"
"DJ","Virgin Blue","VOZ","http://www.virginaustralia.com/au/en/","http://www.virginaustralia.com/au/en/"
"JL","Japan Airlines","JAL","http://www.jal.com/","http://www.jal.com/"
"LP","Lan Peru S.A.","LPE","http://www.lan.com/es_pe/sitio_personas/index.html","http://www.lan.com/cgi-bin/checkin/paso1.cgi?rand=254943.993213637"
"TY","Air Calédonie","TPC","http://www.air-caledonie.nc/","http://www.air-caledonie.nc/"
"US","यूएस एयरवेज़","USA","http://www.usairways.com/default.aspx?redir=https://www.google.co.in/","http://checkin.usairways.com/"
"3B","Central Connect Airlines","CCG","http://flycca.cz/","http://flycca.cz/"
"8R","एसओएल लाईनीस एरीस","TIB","http://www.sol.com.ar/site/new/","http://www.sol.com.ar/site/new/"
"9C","स्प्रिंग एयरलाइंस","CQH","http://www.springairlines.com/","http://www.springairlines.com/Activitiesall/Activities35"
"DX","डेनिश एयर ट्रांसपोर्ट","DTR","https://dat.dk/","https://www.dat.dk/en/online-check-in/"
"WG","सनवींग एयरलाइंस","SWG","http://www.flysunwing.com/","https://selfservice.sita.aero/internetSWP/identificationEdit.do?locale=en_EN&al=carrier_WG"
"SG","SpiceJet", nil,"https://book.spicejet.com/RetrieveBooking.aspx","https://book.spicejet.com/SearchWebCheckin.aspx"
"WG","सनवींग एयरलाइंस","WSG","http://www.flysunwing.com/","https://selfservice.sita.aero/internetSWP/identificationEdit.do?locale=en_EN&al=carrier_WG"
"8R","एसओएल लाईनीस एरीस","OLS","http://www.sol.com.ar/site/new/","http://www.sol.com.ar/site/new/"
"7L","सिल्क वे वेस्ट एयरलाइंस", nil,"http://www.silkwaywest.com/","http://www.silkwaywest.com/"
"UG","ट्युनीसएयर एक्सप्रेस","SEN","http://www.tunisairexpress.com.tn/","http://www.tunisairexpress.com.tn/"
"4Y","अलास्का एयरलाइंस","BLE","http://www.alaskaair.com/","https://webselfservice.alaskaair.com/checkinweb/default.aspx?language=en_US&lid=nav:travelInfo-checkIn%20{On-Click%20tag}"
"5E","नॉक मिनी","EKA","http://www.nokmini.com/website/pages/home/welcome.php?ss_sw=en-US","http://www.nokair.com/NokCheckIn/aspx/login.aspx?currlang=en-US&s_cid=nokair_webcheckin"
"7L","Silk Way West Airlines","CRN","http://www.silkwaywest.com/","http://www.silkwaywest.com/"
"Y5","Golden Myanmar Airlines","AWA","http://www.gmairlines.com/#tab1","http://www.gmairlines.com/#tab1"
"BF","ब्लूबर्ड कार्गो","RSR","http://www.bluebirdcargo.com/","http://www.bluebirdcargo.com/"
"EP","ईरान एसीमन एयरलाइंस","IRC","http://iaa.ir/","http://iaa.ir/"
"FS","Syphax Airlines","SYA","http://www.flysyphax.com/check-my-pnr/#gerer-tab","http://www.flysyphax.com/check-in-baggage/"
"LC","इक्वेटोरियल कांगो एयरलाइंस (ECAIR)", nil,"http://flyecair.com/","http://flyecair.com/"
"5Q","BQB लाईनीस एरीस","BEA","http://www.flybqb.com.uy/BQBFly/web/Home","https://portal.iberia.es/webcki_handling/busquedaLoader.do?aerolinea=5Q"
"5P","एयरोलाईनीआ प्रिंसीपल चिली","PEP","http://www.palair.cl/","http://www.palair.cl/"
"JG","Jetgo Australia", nil,"http://jetgo.com/","http://jetgo.com/"
"JA","बीएच एयरलाइंस","BON","http://www.bhairlines.ba/site_v3/en/","http://www.bhairlines.ba/english/servisne_informacije/na_aerodromu.php"
"E8","Brighton City Airways", nil,"http://www.cityairways.net/index_topic.php?did=231531&didpath=/231531","http://www.cityairways.net/index_topic.php?did=231531&didpath=/231531"
"JS","Air Koryo","KOR","http://www.airkoryo.com.kp/en","http://www.airkoryo.com.kp/en"
"NL","शाहीन एयर","SAI","http://www.shaheenair.com/sai-web/index.php","http://www.shaheenair.com/sai-web/index.php"
"NS","Hebei Airlines","HBH","http://www.hbhk.com.cn/index.action","http://www.hbhk.com.cn/index.action"
"QH","Kyrgyzstan Airlines","LYN","http://www.air.kg/","http://www.air.kg/"
"4Q","साफी एयरवेज","AEI","http://safiairways.com/","http://www.safiairways.com/checkin"
"3M","Gulfstream Intl","GFT","http://www.silverairways.com/","http://www.silverairways.com/"
"KN","China United Airlines","CUA","http://www.cu-air.com/","http://easternmiles.ceair.com/server/"
"DX","Danish Air Transport","DTR","https://dat.dk/","https://www.dat.dk/en/online-check-in/"
"JW","Vanilla Air","APW","http://www.vanilla-air.com/en","http://www.vanilla-air.com/en/guide/checkin"
"OB","Boliviana de Aviación","BOV","http://www.boa.bo/bienvenido","http://www.boa.bo/bolivia/inicio"
"PA","Airblue","ABQ","https://www.airblue.com/","https://www.airblue.com/"
"YI","Air Sunshine","RSI","http://www.airsunshine.com/","http://www.airsunshine.com/"
"Z3","Avient Aviation","SMJ","https://www.avient.aero/","https://www.avient.aero/"
"2B","एके बार्स एयरो","BAB","http://www.akbarsaero.ru/en/","http://www.akbarsaero.ru/en/"
"6I","एयर एल्सी","VVA","http://www.alsie.com/","http://www.alsie-express.com/check-in.aspx"
"2G","अंगारा एयरलाइंस","CRG","http://www.angara.aero/","http://booking.angara.aero/ru/web-checkin/reg-data.jsf"
"7P","एयर पनामा","BTV","https://www.airpanama.com/?lang=en","https://www.airpanama.com/?lang=en"
"8B","बिजनेस एयर","BFY","http://www.businessaircenter.com/","http://www.businessaircenter.com/"
"5H","Fly540","FFV","http://www.fly540.com/","http://www.fly540.com/"
"EF","Eznis Airways","ESY","http://www.eznisairways.com/","http://www.eznisairways.com/check"
"CN","Grand China Air","GDC","http://www.grandchinaair.com/","http://www.grandchinaair.com/"
"EW","Eurowings","EWG","http://www.eurowings.de/","http://www.eurowings.de/"
"KB","Druk Air","DRK","https://www.drukair.com.bt/STR_LOGCREPNR.aspx","https://www.drukair.com.bt/PG_FLIStatus.aspx"
"Z9","BEKAIR","DCP","http://www.bekair.com/","http://www.bekair.com/"
"TM","LAM Mocambique","LAM","http://www.lam.co.mz/en","http://www.lam.co.mz/en/Travel-Information/Your-Trip/Check-In"
"HK","हैम्बर्ग एयरवेज","FSC","http://www.hamburgairways.com/","http://www.hamburgairways.com/"
"JD","Beijing Capital Airlines","DER","http://www.capitalairlines.com.cn/index.jsp","http://www.capitalairlines.com.cn/index.jsp#"
"Z6","Dniproavia","UDN","http://dniproavia.com/en/","http://dniproavia.com/en/"
"HH","टबन एयरलाइंस","ICB","http://taban.aero/en/","http://taban.aero/en/"
"JH","Fuji Dream Airlines","FFX","http://www.fujidream.co.jp/","http://www.fujidream.co.jp/checkin/"
"S9","स्टारबो","HSA","http://www.flystarbow.com/en/manage-my-booking/manage-booking","http://www.flystarbow.com/en"
"DC","ब्राथेंस रीजीअनल","GAO","http://www.braathensregional.com/","http://www.braathensregional.com/wet-lease-operations/aircraft-charter/check-in"
"ZA","स्कायवींग्स एशिया एयरलाइंस","SUW","http://www.skywingsair.com/kr/","http://www.skywingsair.com/kr/"
"B5","ईस्टर्न अफ्रीकन सफारी एयर","FLT","http://www.eastafricansafariair.com/","http://www.eastafricansafariair.com/"
"AW","अफ्रीका वर्ल्ड एयरलाइंस","DIR","http://www.flyafricaworld.com/","http://www.flyafricaworld.com/"
"3P","Tiara Air Aruba","TCU","http://www.tiara-air.com/","http://www.tiara-air.com/plan-book/check-in/"
"8Q","Onur Air","OHY","http://www.onurair.com.tr/","http://bilet.onurair.com.tr/sales/checkIn/onlineCheckIn1.aspx"
"HO","जुनेयाओ एयरलाइंस","DKH","http://www.juneyaoair.com/","http://www.juneyaoair.com/"
"J3","Northwestern Air","PLR","http://www.nwal.ca/","http://www.nwal.ca/"
"NU","Japan Transocean Air","JTA","http://www.jal.co.jp/jta/","http://www.jal.co.jp/jta/"
"M9","Motor Sich","MSI","http://www.motorsich.com/eng/","http://flymotorsich.com/en/webcheck-in/"
"MJ","Mihin Lanka","MLR","http://www.mihinlanka.com/english/in","http://www.mihinlanka.com/english/in"
"Y9","Trans Air Congo","KIS","http://www.kishairline.com/","http://www.kishairline.com/"
"LC","Equatorial Congo Airlines (ECAIR)","LOG","http://flyecair.com/","http://flyecair.com/"
"7G","स्टार फ्लायर","MKA","https://www.starflyer.jp/en/","https://www.starflyer.jp/checkin/"
"SX","स्काई वर्क एयरलाइंस","MCS","http://www.flyskywork.com/en","http://www.flyskywork.com/en/flight-information/online-check-in"
"HW","नोर्थ राइट एयरवेज","FHE","http://www.north-wrightairways.com/","http://www.north-wrightairways.com/"
"I6","एयर ईंडस","MXI","http://www.airindus.com.pk/index.html","http://www.airindus.com.pk/check-in.html"
"LM","लोगानेर","LVG","http://www.loganair.co.uk/","http://www.loganair.co.uk/service-info/british-airways/check-in-times"
"M4","स्मार्ट एवीयेशन कंपनी","PMO","http://www.smartaviation.com.eg/Home/","http://www.smartaviation.com.eg/Home/"
"X9","एवीओन एक्सप्रेस","KHO","http://flyavex.com/","http://flyavex.com/"
"SU","एअरोफ़्लोत रशीयन एयरलाइंस","RCF","http://www.aeroflot.com/cms/en","http://www.aeroflot.ru/cms/en/online_registration"
"7E","Sylt Air","AWU","http://www.syltair.eu/","http://www.syltair.eu/englishversion/scheduled_flights/ckeck_in.html"
"YJ","Asian Wings Airways","NTN","http://www.asianwingsair.com/","http://www.asianwingsair.com/"
"OG","Air Onix","OTG","http://www.aironix.ua/eng/","http://www.aironix.ua/eng/at-the-airport/Check-in-boarding.html"
"N3","Aerolineas MAS","OMS","http://www.aerolineasmas.com/","http://www.aerolineasmas.com/"
"V4","Vensecar Internacional","VEC","http://www.vensecar.com/","http://www.vensecar.com/"
"DV","SCAT Air","VSV","http://booking.scat.kz/is2009/avia-info/order-search.jsf","https://icheck.sita.aero/iCheckWebDV/"
"NW","Northwest  Airlines","NWA","http://www.delta.com/","http://www.delta.com/"
"9E","एन्डीवर एयर","GXL","http://www.endeavorair.com/","http://www.endeavorair.com/"
"5G","540 अफ्रीका","SSV","http://www.fly540.com/","http://www.fly540.com/"
"LJ","Jin Air","SLA","http://www.jinair.com/Default.aspx","http://www.jinair.com/Default.aspx"
"OX","Orient Thai Airlines","OEA","http://www.flyorientthai.com/en/home/","http://www.flyorientthai.com/en/home/"
"PD","Porter Airlines","POE","https://www.flyporter.com/Flight?culture=en-CA","https://www.flyporter.com/Flight/Web-Check-In?culture=en-US"
"7G","Star Flyer", nil,"https://www.starflyer.jp/en/","https://www.starflyer.jp/checkin/"
"RT","RAK Airways","RKM","http://www.rakairways.com/","http://www.rakairways.com/"
"C7","सीनामोन एयर","RLE","http://www.cinnamonair.com/","http://www.cinnamonair.com/"
"UR","UTair Express","UTX","http://www.utair-express.com/","http://www.utair-express.com/"
"W2","फ्लेक्सफ्लाईट","WEA","http://www.flexflight.dk/","http://www.flexflight.dk/"
"V5","अवोलर एयरोलीनीस","PCE","http://www.avolar.com.mx/","http://www.avolar.com.mx/"
"R2","Orenair","ORB","http://orenair.ru/eng/","http://intershop.orenair.ru/is2009/web-checkin/reg-data.jsf"
"7V","फेडरल एयरलाइंस","PDF","http://www.fedair.com/","http://www.fedair.com/"
"PL","सधर्न एयर चार्टर्स","ASE","http://www.southernaircharter.com/","http://www.southernaircharter.com/"
"9Q","कैकोस एक्सप्रेस एयरवेज","PBA","http://caicosexpressairways.com/en/","http://caicosexpressairways.com/en/"
"9E","एक्सएल एयरवेज जर्मनी","PCL","http://www.endeavorair.com/","http://www.endeavorair.com/"
"LC","Equatorial Congo Airlines (ECAIR)","VLO","http://flyecair.com/","http://flyecair.com/"
"9Q","Caicos Express Airways", nil,"http://caicosexpressairways.com/en/","http://caicosexpressairways.com/en/"
"4Y","Alaska Airlines","ASA","http://www.alaskaair.com/","https://webselfservice.alaskaair.com/checkinweb/default.aspx?language=en_US&lid=nav:travelInfo-checkIn%20{On-Click%20tag}"
"3G","Gambia Bird","GBQ","http://www.gambiabird.com/","http://www.gambiabird.com/"
"3R","Moskovia Airlines","GAI","http://www.moskovia.aero/","http://www.moskovia.aero/"
"3B","Central Connect Airlines","JBR","http://flycca.cz/","http://flycca.cz/"
"4E","Stabo Air Limited","SBO","http://www.eurocargoaviation.nl/index.php?pageid=31&subid=6&id=2","http://www.eurocargoaviation.nl/index.php?pageid=31&subid=6&id=2"
"4T","Belair Airlines","BHP","https://www.belair.in/nav/home","http://www.airberlin.com/en-GB/webcheckin/index/index/"
"5C","C.A.L. Cargo Airlines","ICL","http://www.cal.co.il/","http://www.cal.co.il/"
"8D","FITS Air","EXV","http://www.fitsair.com/index.html","http://www.fitsair.com/index.html"
"5G","540 Africa", nil,"http://www.fly540.com/","http://www.fly540.com/"
"BB","Seaborne Airlines","SBS","http://www.seaborneairlines.com/","http://www.seaborneairlines.com/"
"BH","Hawkair","BHA","http://www.hawkair.ca/","http://www.hawkair.ca/checkin-times"
"VX","Virgin America","VRD","http://www.virginamerica.com/","http://www.virginamerica.com/online-check-in.html"
"6Y","Smartlynx Airlines","ART","http://www.smart-lynx.com/","http://www.smart-lynx.com/"
"3P","Tiara Air Aruba","TNM","http://www.tiara-air.com/","http://www.tiara-air.com/plan-book/check-in/"
"BC","Skymark Airlines","SKY","http://www.skymark.co.jp/en/","http://www.skymark.co.jp/en/res_boarding/checkin.html"
"Q3","ट्रांस एंगुइला एयरवेज", nil,"http://www.transanguilla.com/","http://www.transanguilla.com/"
"6I","Air Alsie","MMD","http://www.alsie.com/","http://www.alsie-express.com/check-in.aspx"
"CU","Cubana de Aviacion","CUB","http://www.cubana.cu/home/","http://www.cubana.cu/guide/?article=aecheck-in"
"Q7","Sky Bahamas","SBM","http://www.skybahamas.net/","http://www.skybahamas.net/"
"QC","Cameroon Airlines","UYC","http://www.camair-co.cm/","http://www.camair-co.cm/"
"ZC","Korongo Airlines","KGO","http://www.flykorongo.com/","http://www.flykorongo.com/"
"EP","Iran Aseman Airlines","IRC","http://iaa.ir/","http://iaa.ir/"
"HO","Juneyao Airlines","DKH","http://www.juneyaoair.com/","http://www.juneyaoair.com/"
"I6","Air Indus","MPK","http://www.airindus.com.pk/index.html","http://www.airindus.com.pk/check-in.html"
"VM","मेकैर जेट", nil,"http://www.macairjet.com.ar/","http://www.macairjet.com.ar/"
"QU","युटी एयर  यूक्रेन","UGX","http://www.utair.ua/en/","http://booking.utair.ua/is2009/web-checkin/conditions.jsf#"
"4N","Air North Yukons","ANT","http://www.flyairnorth.com/","https://booking.flyairnorth.com/servlet/OnlineCheckinPassengerForm"
"CT","Alitalia CityLiner","CYL","http://www.alitalia.com/","http://www.alitalia.com/gb_en/Informazioni-Supporto/checkin/index.html"
"OY","ओमनी एयर एक्सप्रेस","OAE","http://www.andesonline.com/","http://www.andesonline.com/"
"P4","Aerolíneas Sosa","NSO","http://www.aerolineasosahn.com/","http://www.aerolineasosahn.com/"
"RX","Regent Airways","RGE","http://www.flyregent.com/","http://www.flyregent.com/"
"TY","Air Calédonie","TPC","http://www.air-caledonie.nc/","http://www.air-caledonie.nc/"
"YQ","Polet Airlines","POT","http://www.poletairlines.com/","http://www.poletairlines.com/"
"ZE","आर्कस-एयर लोजिस्टीक","AZE","http://www.arcus-air.com/","http://www.arcus-air.com/"
"WG","Sunwing Airlines","SWG","http://www.flysunwing.com/","https://selfservice.sita.aero/internetSWP/identificationEdit.do?locale=en_EN&al=carrier_WG"
"CA","Community  Airlines","CML","http://et.airchina.com.cn/InternetBooking/ReservationSearch.do?lang=en","http://www.airchina.de/en/checkin/"
"V5","Avolar Aerolíneas","VLI","http://www.avolar.com.mx/","http://www.avolar.com.mx/"
"YZ","Flywell Airlines / Zimbabwe Airlink","FEM","http://www.flywell.com/","http://www.flywell.com/"
"9K","Cape Air","KAP","http://www.capeair.com/","http://www.capeair.com/"
"AI","Air India","AIC","https://book.airindia.in/itd/itd/lang/en/reservations","https://fastcheck.sita.aero/cce-presentation-web-ai/entryUpdate.do"
"SZ","Somon Air","SMR","http://www.somonair.com/","http://www.somonair.com/"
"V5","अवोलर एयरोलीनीस","VLI","http://www.avolar.com.mx/","http://www.avolar.com.mx/"
"6W","Saratov Airlines","SOV","http://www.saravia.ru/SitePages/passengers/online-table.aspx","http://booking.saravia.ru/is2009/web-checkin/conditions.jsf"
"VM","मेकैर जेट","VOA","http://www.macairjet.com.ar/","http://www.macairjet.com.ar/"
"D2","Dynamic Airways","DYA","http://www.dynamicaviation.com/","http://www.dynamicaviation.com/"
"GU","AVIATECA","GUG","http://www.avianca.com/es-us/","http://www.avianca.com/en-us/travel-information/before-your-flight/check-in/conditions-check-in.aspx"
"ON","Our Airline","RON","http://www.ourairline.com.au/","http://www.ourairline.com.au/content/you-fly/you-fly/check-times"
"QS","ट्रावेल सर्वीस एयरलाइंस","TVS","http://www.travelservice.aero/en/","http://www.travelservice.aero/en/"
"W4","एलसी पेरू","LCB","http://www.lcperu.pe/home","https://apps.kiusys.com/webcheckin/W4/"
"WC","Islena Airlines","ISV","http://www.avianca.com/en-otr/#ws=ta","http://www.avianca.com/en-otr/#ws=ta"
"LN","Libyan Airlines","LAA","http://www.libyanairlines.co.uk/","http://www.libyanairlines.co.uk/"
"US","US Airways","PDT","http://www.usairways.com/default.aspx?redir=https://www.google.co.in/","http://checkin.usairways.com/"
"SK","स्कैंडिनेवियाई एसएएस","CNO","http://www.flysas.com/en/Generic/Services/Find-booking/","https://www.sas.se/en/misc/services/check-in/"
"3F","Pacific Airways", nil,"http://www.cathaypacific.com/cx/en_US/manage-booking/manage-booking/manage-booking-now.html","http://www.cathaypacific.com/cx/en_HK/manage-booking/check-in/check-in-now.html"
"K2","किर्गिज़स्तान एयरलाइंस","KGA","http://eurolot.com/en/","http://eurolot.com/en/checkin.html"
"ZE","Arcus-Air Logistic","AZE","http://www.arcus-air.com/","http://www.arcus-air.com/"
"7S","Ryan Air","RYA","http://www.ryanair.com/en/manage-your-booking/","https://www.bookryanair.com/SkySales/Booking.aspx?culture=en-gb&lc=en-gb#Security"
"EQ","टेम लीनिया एरीया डेल इक्वाडोर","TAE","https://www.tame.com.ec/","https://icheck.sita.aero/iCheckWebEQ/"
"H2","Sky Airline","SKU","https://www.skyairline.cl/(S(mwba02eudbanck45byhy3mbi))/en/index.aspx","https://www.skyairline.cl/(S(xy3z41rb4jmo23bupirqjy55))/en/index.aspx"
"KO","खोर्स एयर","QNK","http://www.khors.com.ua/","http://www.khors.com.ua/"
"O6","Avianca Brazil","ONE","http://www.avianca.com.br/ecommerce/","http://www.avianca.com.br/web-check-in1;jsessionid=F051EC6AE98E3DC486AB4C755DBADE14.lr1"
"9E","Endeavor Air","FLG","http://www.endeavorair.com/","http://www.endeavorair.com/"
"S7","Siberia Airlines","SBI","http://www.s7.ru/","http://www.s7.ru/home/online_services/online-checkin.dot?language_id=1"
"XU","अफ्रीकन एक्सप्रेस एयरवेज","AXK","http://www.africanexpress.co.ke/","http://www.africanexpress.co.ke/"
"HZ","Aurora Airlines","URR","http://www.flyaurora.ru/","http://www.flyaurora.ru/"
"PQ","फिलीपींस एयरएशिया","TFK","http://www.airasia.com/welcome/index_phen.htm","http://www.airasia.com/ph/en/home.page#"
"YR","ग्रांड कैन्यन एयरलाइंस","EGJ","http://www.grandcanyonairlines.com/","http://www.grandcanyonairlines.com/"
"EQ","TAME Linea Aerea del Ecuador","TAE","https://www.tame.com.ec/","https://icheck.sita.aero/iCheckWebEQ/"
"T7","Twin Jet","TJT","http://www.twinjet.fr/lggb/index.php","http://www.twinjet.fr/lggb/index.php"
"UU","Air Austral","REU","http://www.air-austral.com/en/about-air-austral/contact-us/check-my-booking.html","https://checkin.si.amadeus.net/1ASIHSSCWEBUU/sscwuu/checkin?ln=GB"
"W5","Mahan Airlines","IRM","http://www.mahan.aero/index.html","http://www.mahan.aero/en"
"6H","Israir Airlines","ISR","http://www.israirairlines.com/","http://www.israirairlines.com/"
"DY","Norwegian Shuttle","NAX","http://www.norwegian.com/en/","http://www.norwegian.com/en/customer-services/travel-information/check-in-and-boarding/"
"FJ","फिजी एयरवेज","FJI","http://www.pacificair.hk/","http://www.pacificair.hk/"
"FN","Regional Air Lines","RGL","http://www.regionaltanzania.com/index.asp","http://www.regionaltanzania.com/index.asp"
"IB","Iberia","IBE","http://www.iberia.com/gb/manage-my-booking/","http://www.iberia.com/online-checkin/"
"JY","Intercaribbean Airways","IWY","http://airturksandcaicos.com/","http://airturksandcaicos.com/checkin"
"JA","BH Airlines","BON","http://www.bhairlines.ba/site_v3/en/","http://www.bhairlines.ba/english/servisne_informacije/na_aerodromu.php"
"JU","Air Serbia","JAT","http://www.airserbia.com/","http://www.airserbia.com/"
"OA","Olympic Airlines","OAL","https://www.olympicair.com/en/Travel/ManageBooking/Rebooking","https://www.olympicair.com/en/Travel/ManageBooking/Checkin"
"Q2","Maldivian","DQA","http://www.maldivian.aero/","http://www.maldivian.aero/"
"XK","Compagnie Corse","CCM","http://www.aircorsica.com/","http://www.aircorsica.com/"
"FJ","एयर पेसेफीक लिमिटेड","FJI"," https://www.fijiairways.com/bookings/manage-your-bookings/"," https://www.fijiairways.com/bookings/manage-your-bookings/"
"8F","STP Airways","STP","http://www.stpairways.st/","http://www.stpairways.st/"
"CA","Community  Airlines","CAO","http://et.airchina.com.cn/InternetBooking/ReservationSearch.do?lang=en","http://www.airchina.de/en/checkin/"
"F2","Safarilink Aviation","XLK","http://www.flysafarilink.com/","http://www.flysafarilink.com/"
"G9","Air Arabia","ABY","http://www.airarabia.com/modify-booking","https://fastcheck.sita.aero/cce-presentation-web-g9/entryUpdate.do"
"HU","Hainan Airlines","CHH","https://global.hnair.com/INT/GB/Welcome","https://global.hnair.com/INT/GB/Welcome"
"K8","Kan Air","KND","http://www.kanairlines.com/main/","http://www.kanairlines.com/main/"
"J3","नॉर्थवेस्टर्न एयर","PLR","http://www.nwal.ca/","http://www.nwal.ca/"
"S7","साइबेरिया एयरलाइंस","SBI","http://www.s7.ru/","http://www.s7.ru/home/online_services/online-checkin.dot?language_id=1"
"IR","Iran Air","IRA","http://www.iranair.com/Portal/Home/","http://www.iranair.com/Portal/Home/"
"JW","वेनिला एयर","VNL","http://www.vanilla-air.com/en","http://www.vanilla-air.com/en/guide/checkin"
"FZ","Flydubai", nil,"http://www.flydubai.com/en/","http://www.flydubai.com/en/check-in/"
"JJ","टैम लिन्हास एरीस","AGX","http://www.tam.com.br/502.html","http://www.tam.com.br/502.html"
"YQ","पोलेट एयरलाइंस","POT","http://www.poletairlines.com/","http://www.poletairlines.com/"
"OU","Croatia Airlines","CTN","http://www.croatiaairlines.com/","http://www.croatiaairlines.com/Plan-Book/check-in/Web-check-in"
"Z5","GMG Airlines Ltd.","GMG","http://www.gmgairlines.com/","http://www.gmgairlines.com/"
"K5","वींग्स ऑफ अलास्का","ABE","http://www.wingsofalaska.com/","http://www.wingsofalaska.com/"
"P4","Aerolíneas Sosa","NSO","http://www.aerolineasosahn.com/","http://www.aerolineasosahn.com/"
"CG","Papua New Guinea","TOK","http://www.apng.com/","http://www.apng.com/"
"JT","Lion Airlines","LNI","https://secure2.lionair.co.id/lionairpnr/pnrstatus.aspx","https://secure2.lionair.co.id/LionWebCheckin/StartWebCheckIn.aspx"
"KG","की लाईम एयर","LYM","http://www.keylimeair.com/","http://www.keylimeair.com/"
"M3","ABSA Cargo Airline","TUS","http://www.tamcargo.com.br/vgn/v/index.jsp?vgnextoid=0e5df416b6e29310VgnVCM1000006b0d010aRCRD","http://www.tamcargo.com.br/vgn/v/index.jsp?vgnextoid=0e5df416b6e29310VgnVCM1000006b0d010aRCRD"
"UM","Air Zimbabwe (Pvt)","AZW","http://www.airzimbabwe.aero/","http://www.airzimbabwe.aero/reservation-check-in.html"
"V0","ConViasa","VCV","http://www.conviasa.aero/2012/site.php","http://www.conviasa.aero/2012/site.php"
"9N","Tropic Air","NSE","http://www.tropicair.com/","http://www.tropicair.com/"
"WP","Island Air","MKU","http://www.islandair.com/","https://webres.islandair.com/VIBE/CheckIn/"
"2E","Smokey Bay Air", nil,"http://www.smokeybayair.com/","http://www.smokeybayair.com/"
"MM","Peach Aviation","SAM","http://www.flypeach.com/home.aspx","http://www.flypeach.com/airports/howtocheckin.aspx"
"QS","Travel Service Airlines","TVS","http://www.travelservice.aero/en/","http://www.travelservice.aero/en/"
"9V","एवीयर एयरलाइंस","ALS","https://www.aviorair.com/","https://www.aviorair.com/"
"2N","NextJet","NTJ","https://bokning.nextjet.se/mybooking/MinBokning.xo?_a=init&language=en","https://checkin.si.amadeus.net/1ASIHSSCWEB2N/sscw2n/checkin?width=800&height=600&type=W&Redirected=true"
"7C","Jeju Air","COY","http://www.jejuair.net/","http://www.jejuair.net/"
"8U","Afriqiyah Airways","AAW","http://www.afriqiyah.aero/","http://www.afriqiyah.aero/"
"A2","Astra Airlines","CIU","http://www.astra-airlines.gr/frontend/index.php","http://www.astra-airlines.gr/pages.php?cat=3"
"BP","Air Botswana Corp","BOT","https://www.airbotswana.co.bw/","https://www.airbotswana.co.bw/"
"EN","Air Dolomiti","DLA","http://www.airdolomiti.eu/","http://www.airdolomiti.eu/travel-information-and-services/services/online-check-in.html"
"PZ","TAM Mercosur","LAP","http://www.tam.com.br/502.html","http://www.tam.com.br/502.html"
"AP","Air One","ADH","https://flyairone.com/EN-EU/","https://flyairone.com/EN-EU/"
"BT","Air Baltic","BTI","http://www.airbaltic.com/en/index","http://www.airbaltic.com/en/index"
"NX","Air Macau Limited","AMU","http://en.airmacau.com.mo/routes/macau.asp","http://en.airmacau.com.mo/routes/macau.asp"
"PJ","Air St. Pierre","SPM","http://www.airsaintpierre.com/en/","http://www.airsaintpierre.com/en/"
"K2","Kyrgyzstan  Airlines","ELO","http://eurolot.com/en/","http://eurolot.com/en/checkin.html"
"QM","Air Malawi","AML","http://airmalawi.net/","http://airmalawi.net/"
"R7","Aserca Airlines","OCA","http://www.asercaairlines.com/","http://www.asercaairlines.com/EN-US/Serv02C.aspx"
"T5","Turkmenistan Airlines","TUA","http://turkmenairlines.com/","http://turkmenairlines.com/lang/en/check-in/"
"VT","Air Tahiti","VTA","http://www.airtahitinui.com/","https://www.airtahiti.com/online-checkin"
"6E","IndiGo","IGO","https://book.goindigo.in/Booking/Retrieve","https://book.goindigo.in/Checkin"
"R3","Yakutia Airlines","SYL","http://www.yakutia.aero/en/","http://www.yakutia.aero/en/"
"WA","KLM Cityhopper","KLM","http://www.klmcityhopper.nl/","http://www.klmcityhopper.nl/"
"IX","Air India Express","AXB","http://www.airindiaexpress.in/SearchRef.aspx","https://fastcheck.sita.aero/cce-presentation-web-ai/entryUpdate.do"
"RE","Aer Arann","REA","http://www.aerarann.com/","http://www.aerarann.com/"
"TQ","Tandem Aero","TDM","http://www.tandemaero.md/en/index.html","http://www.tandemaero.md/en/index.html"
"JT","Lion Airlines","LNI","https://secure2.lionair.co.id/lionairpnr/pnrstatus.aspx","https://secure2.lionair.co.id/LionWebCheckin/StartWebCheckIn.aspx"
"EU","चेंगदू एयरलाइंस","UEA","http://www.chengduair.cc/","http://www.chengduair.cc/"
"QG","Citilink","CTV","http://www.citilink.co.id/en/","https://book.citilink.co.id/SearchWebCheckin.aspx"
"SH","Sharp Airlines","SH","http://sharpairlines.com/","http://sharpairlines.com/"
"YC","Yamal Airlines","LLM","http://yamal.aero/","http://yamal.aero/"
"YV","Mesa Airlines Inc.","ASH","http://www.mesa-air.com/","http://www.mesa-air.com/"
"Z9","बीकैर","BEK","http://www.bekair.com/","http://www.bekair.com/"
"BB","Seaborne Airlines","SBS","http://www.seaborneairlines.com/","http://www.seaborneairlines.com/"
"4N","एयर नोर्थ युकोंस","ANT","http://www.flyairnorth.com/","https://booking.flyairnorth.com/servlet/OnlineCheckinPassengerForm"
"2J","Air Burkina","VBW","http://www.air-burkina.com/","http://www.air-burkina.com/"
"Y5","गोल्डन म्यांमार एयरलाइंस","GMR","http://www.gmairlines.com/#tab1","http://www.gmairlines.com/#tab1"
"5N","नोर्डावीया","AUL","http://www.nordavia.ru/en/","http://booking.nordavia.ru/is2009/web-checkin/reg-data.jsf"
"AR","Aerolineas Argentinas","ARG","http://www.aerolineas.com.ar/en-nz/booking_and_services/check_your_booking","http://www.aerolineas.com.ar/en-nz/booking_and_services/web_checkin"
"YJ","एशियन वींग्स एयरवेज","AWM","http://www.asianwingsair.com/","http://www.asianwingsair.com/"
"LB","एयर कोस्टा","LLB","http://www.labairlines.com.bo/","http://www.labairlines.com.bo/"
"EI","Aer Lingus","EIN","http://www.aerlingus.com/en-US/home/index.jsp","https://www.aerlingus.com/wci/start;jsessionid=5D4C522DC3FE4C49785FF06FC449609E?_flowExecutionKey=_c46D081E5-6289-5F1A-430A-D2CFEE313EA9_kB7BEB7D0-9393-8174-B433-B4DC66709C7B"
"KL","KLM Cityhopper","KLM","http://www.klm.com/","https://www.klm.com/travel/in_en/prepare_for_travel/checkin_options/internet_checkin/ici_jffp_app.htm"
"KP","ASKY","SKK","http://www.flyasky.com/asky/","http://www.flyasky.com/asky/"
"VV","AeroSvit  Airlines","AEW","http://global.aerosvit.com/eng.html","http://global.aerosvit.com/eng.html"
"QH","किर्गिज़स्तान एयरलाइंस","LYN","http://www.air.kg/","http://www.air.kg/"
"3H","Air Inuit","AIE","http://www.airinuit.com/","http://www.airinuit.com/"
"KR","एयर बिशकेक","EAA","http://airbishkek.kg/en/","http://airbishkek.kg/en/"
"LI","लीअट","LIA","http://www.liatairline.com/","http://www.liatairline.com/navSource.html?page_id=2"
"MP","Martinair Holland","MPH","http://www.martinair.com/","http://www.martinair.com/"
"SC","Shandong Airlines","CDG","http://www.shandongair.com.cn/en/","http://www.shandongair.com.cn/en/"
"MR","Air Mauritanie","BIE","http://www.air-mediterranee.fr/","http://www.air-mediterranee.fr/"
"PD","Porter Airlines","POE","https://www.flyporter.com/Flight?culture=en-CA","https://www.flyporter.com/Flight/Web-Check-In?culture=en-US"
"V4","वेनसेकर ईंटरनसिओनल","VEC","http://www.vensecar.com/","http://www.vensecar.com/"
"9V","एएमसी एयरलाइंस","ROI","https://www.aviorair.com/","https://www.aviorair.com/"
"KO","अलास्का सेंट्रल एक्सप्रेस","KHO","http://www.khors.com.ua/","http://www.khors.com.ua/"
"OY","एंडीज लीनीस एरीस","ANS","http://www.andesonline.com/","http://www.andesonline.com/"
"5Q","बेस्ट एयर","BEA","http://www.flybqb.com.uy/BQBFly/web/Home","https://portal.iberia.es/webcki_handling/busquedaLoader.do?aerolinea=5Q"
"BA","British Airways","BAW","http://www.britishairways.com/travel/managebooking/public/en_gb","http://www.britishairways.com/travel/olcilandingpageauthreq/public/en_gb"
"CX","Cathay Pacific","CPA","http://www.cathaypacific.com/cpa/en_US/manageyourtrip/managemybooking","http://www.cathaypacific.com/cx/en_IN/manage-booking/check-in/check-in-now.html"
"DS","easyJet Switzerland","EZS","http://www.easyjet.com/en/","http://www.easyjet.com/en/"
"SN","Brussels Airlines","BEL","http://www.brusselsairlines.com/en-us/","https://checkin.brusselsairlines.com/CI/WebForms/PaxByQuery.aspx"
"K6","कंबोडिया अंगकोर एयर","BRV","http://www.cambodiaangkorair.com/en/","http://www.cambodiaangkorair.com/en/"
"OX","Orient Thai Airlines","OEA","http://www.flyorientthai.com/en/home/","http://www.flyorientthai.com/en/home/"
"PC","कोंटीनेंटल एयरवेज","PVV","http://www.flypgs.com/en/","http://www.flypgs.com/en/fly-with-pegasus/internet-check-in.aspx"
"4G","गेस्प्रोमावीया","GZP","http://eng.gazpromavia.ru/","http://eng.gazpromavia.ru/"
"LY","El Al Israel Air","ELY","https://booking.elal.co.il/newBooking/changeOrder.jsp?LANG=EN","https://www4.elal.co.il/checkInWeb/initCheckIn.do?LANG=EN"
"U9","Tatarstan Airlines","TAK","http://www.tatarstan.aero/","http://www.tatarstan.aero/"
"UG","TunisAir Express","TUX","http://www.tunisairexpress.com.tn/","http://www.tunisairexpress.com.tn/"
"KN","China United Airlines","CUA","http://www.cu-air.com/","http://easternmiles.ceair.com/server/"
"OD","Malindo Air","MXD","http://www.malindoair.com/en","http://www.malindoair.com/en/Check-in"
"QF","ईस्टर्न ऑस्ट्रेलिया एयरलाइंस/क्वेंटस्लींक","EAQ","http://www.qantas.com.au/travel/airlines/home/au/en","http://www.qantas.com.au/travel/airlines/checkin/global/en#online-check-in"
"TK","Turkish Airlines","THY","http://www4.thy.com/mybookings/reservations.tk?target=view&lang=en&GACookie=null&__utma=230785920.1454547721.1336567006.1336567006.1336567023.2&__utmb=230785920.5.9.1336567055484&__utmc=230785920&__utmx=-&__utmz=230785920.1336567023.2.2.utmcsr=google","https://www4.thy.com/onlinecheckin/start.tk?lang=en"
"UR","UTair Express","UTX","http://www.utair-express.com/","http://www.utair-express.com/"
"2L","Helvetic Airways","OAW","http://www.helvetic.com/hdc/","http://www.helvetic.com/hdc/"
"IC","Air India IC","IAC","https://book.airindia.in/itd/itd/lang/en/reservations","https://fastcheck.sita.aero/cce-presentation-web-ai/entryUpdate.do"
"4O","Interjet","AIJ","http://www.interjet.com/home.aspx?Culture=en-US&Currency=USD&Culture=en-US&Culture=en-US&Currency=USD&Currency=USD","http://www.interjet.com/"
"JK","Spanair S.A.","JKK","https://www.spanair.com/","https://www.spanair.com/"
"NB","Sterling  Airlines","SNB","http://www.sterling.dk/","http://www.sterling.dk/"
"PW","Precision Air","PRF","https://www.precisionairtz.com/index.php?id=17","https://www.precisionairtz.com/index.php?id=17"
"SD","Sudan Airways Co","SUD","http://www.sudanair.com/en/","http://www.sudanair.com/en/index.php"
"TR","Tiger Airways","TGW","http://booking.tigerairways.com/RetrieveBooking.aspx","http://booking.tigerair.com/WebCheckIn.aspx?culture=en-GB&gaculture=INEN"
"XQ","SunExpress","SXS","http://www.sunexpress.com/","http://www.sunexpress.com/en/before-the-journey/check-inonline-check-in"
"RJ","Royal Jordanian","RJA","http://www.rj.com/en","http://www.rj.com/en/get_your_boarding_pass_online.html"
"K2","किर्गिज़स्तान एयरलाइंस","ELO","http://eurolot.com/en/","http://eurolot.com/en/checkin.html"
"CO","Continental","COA","http://www.united.com/web/en-US/apps/reservation/default.aspx","http://www.united.com/travel/checkin/start.aspx"
"JQ","Jetstar","JST","http://booknow.jetstar.com/RetrieveBooking.aspx","https://checkin.jetstar.com/"
"LM","लिविंग्स्टन","LOG","http://www.loganair.co.uk/","http://www.loganair.co.uk/service-info/british-airways/check-in-times"
"LW","Pacific Wings","NMI","http://www.pacificwings.com/nma/nm/index.asp","http://www.pacificwings.com/nma/nm/index.asp"
"PB","Provincial Air","SPR","https://www.provincialairlines.ca/","https://www.provincialairlines.ca/fly-right/check-in-boarding/check-in/"
"PK","Pakistan Intl Air","PIA","http://www.piac.com.pk/","http://www.piac.com.pk/PIA_Experience/pia-experience_easycheckin.asp"
"PY","Surinam Airways","SLM","http://www.slm.firm.sr/","https://wn.dsolution.eu/slm/dsuite/ici/search.aspx?lan=EN"
"AE","Mandarin Airlines","MDA","http://www.mandarin-airlines.com/english/","http://www.mandarin-airlines.com/english/airport.htm"
"BJ","Nouvelair","LBT","http://www.nouvelair.com/en","http://www.nouvelair.com/en"
"LB","Air Costa","LEP","http://www.aircosta.in/ebooking/Booking/Retrieve-Booking.aspx","http://www.aircosta.in/webcheckin/searchpax.aspx"
"MA","Malev Hungarian","MAH","http://malev.com","http://malev.com"
"RB","Syrian Arab Air","SYR","http://www.syriaair.com/SAA/Homepage.aspx","http://www.syriaair.com/SAA/Homepage.aspx"
"AS","अलास्का एयरलाइंस","ASK","http://www.alaskaair.com/","https://webselfservice.alaskaair.com/checkinweb/default.aspx?language=en_US&lid=nav:travelInfo-checkIn%20{On-Click%20tag}"
"XG","क्लीकएयर","NAO","http://www.flynaa.com/","http://www.flynaa.com/"
"SP","SATA - Air Acores","SAT","http://www.sata.pt/en","http://www.sata.pt/en/travel-with-us/web-check"
"TA","Taca Intl Air","TAI","http://www.tacaairlines.co.uk/","http://www.tacaairlines.co.uk/"
"EY","Etihad Airways","ETD","http://www.etihad.com/en/before-you-fly/manage-my-booking/","http://www.etihadairways.com/sites/Etihad/eu/en/_layouts/Etihad/obe/Webcheckin.aspx"
"GE","TransAsia Corp","TNA","http://www.tna.com.tw/","https://calec.tna.com.tw/geeck/echeckin_e.asp"
"KM","Air Malta","AMC","http://www.airmalta.com/","http://www.airmalta.com/information/check-in/online-check-in"
"KX","Cayman Airways","CAY","https://www.caymanairways.com/","https://www.caymanairways.com/index.php?pageId=223"
"LJ","जिन एयर","JNA","http://www.jinair.com/Default.aspx","http://www.jinair.com/Default.aspx"
"RO","Tarom","ROT","http://www.tarom.ro/en/","https://www.tarom.ro/en/flights-and-reservations/online-check-in/"
"TU","Tunisair","TAR","http://www.tunisair.com.tn/","http://www.tunisair.com.tn/"
"UT","UTair","TMN","http://www.utair.ru/en/","http://www.utair.ru/en/"
"VS","Virgin Atlantic","VIR","http://www.virgin-atlantic.com/us/en.html","https://www.virgin-atlantic.com/us/en/manage-your-flights/verify-checkin.html"
"W6","Wizz Air","WZZ","http://wizzair.com/en-GB/Search","http://wizzair.com/en-GB/useful_information/web_check-in"
"WF","Wideroes Fly","WIF","http://www.wideroe.no/en","http://www.wideroe.no/en"
"WM","Windward Is Intl","WIA","http://www.fly-winair.sx/","https://wn.dsolution.eu/winair/dsuite/ici/search.aspx"
"WO","World Airways","WOA","http://www.worldairways.com/","http://www.worldairways.com/"
"XF","Vladivostok Air","VLK","http://www.vladivostokavia.ru/ru/","http://www.vladivostokavia.ru/ru/"
"CN","ग्रांड चाईना एयर","GDC","http://www.grandchinaair.com/","http://www.grandchinaair.com/"
"0D","Darwin Airlines","DWT","http://www.etihadregional.com/en/index.html","http://www.etihadregional.com/en/web_check-in.html"
"4U","Germanwings","GWI","https://www.germanwings.com/skysales/BookingList.aspx?culture=en-GB","https://www.germanwings.com/skysales/WebCheckIn.aspx?culture=en-GB"
"BE","FlyBe","BEE","http://www.flybe.com/","http://www.flybe.com/cam/initCheckIn.do"
"BR","EVA Corporation","EVA","http://www.evaair.com/en-global/investor-relations/corporate-profile/","http://www.evaair.com/en-global/investor-relations/corporate-profile/"
"D7","Air Asia X","XAX","https://booking.airasia.com/BookingListLogin.aspx?redirect=1&sso=1","http://www.airasia.com/in/en/home.page?gclid=CPbPwt-Ql74CFZcWjgodExUAzg#"
"E3","Domodedovo Air","DMO","http://www.domodedovo.ru/en/","http://www.domodedovo.ru/en/"
"F9","Frontier","FFT","http://frontier.com/","https://checkin.flyfrontier.com/webcheckin/(S(mv0rjy55lmua1r55z5zctryg))/FindReservation.aspx"
"FW","औबेक्स एयरलाइंस","IBX","http://www.ibexair.co.jp/","http://www.ibexair.co.jp/"
"JM","Air Jamaica","AJM","http://www.airjamaica.com/","http://www.airjamaica.com/"
"LV","Albanian MAK SHPK","LBC","http://www.albanianair.com/","http://www.albanianair.com/"
"MI","SilkAir (S) Pte","SLK","http://www.silkair.com/SAA-flow.form?execution=e3s1","http://www.silkair.com/checkIN-flow.form?execution=e4s1"
"RA","Royal Nepal Corp","RNA","http://www.nepalairlines.com.np/","http://www.nepalairlines.com.np/"
"T3","Eastern Airways","EZE","http://www.easternairways.com/","http://www.easternairways.com/"
"TC","Air Tanzania","ATC","http://www.airtanzania.co.tz/","http://www.airtanzania.co.tz/"
"UX","Air Europa","AEA","http://www.aireuropa.com/waeam/xwaea/1/reservas/xreserva_v7.home.html","http://www.aireuropa.com/waeam/xwaea/1/facturacion/xfacturacion_v7.inicio_embarque.html?p_codidi=IT&p_codmer=IT"
"ZI","Aigle Azur","AAF","http://www.aigle-azur.com/en","https://checkin.si.amadeus.net/1ASIHSSCWEBZI/sscwzi/checkin?ln=en"
"CI","China Airlines","CAL","http://www.china-airlines.com/en/index.html","https://calec.china-airlines.com/echeckin/echeckin_e.asp"
"FI","Icelandair","ICE","http://www.icelandair.us/","https://checkin.si.amadeus.net/1ASIHSSCWEBFI/sscwfi/checkin?IIdentificationBookingRef=&ln=en"
"GR","Aurigny Air","AUR","http://www.aurigny.com/","http://www.aurigny.com/"
"IE","Solomon Airlines","SOL","http://www.flysolomons.com/","http://www.flysolomons.com/index.php?option=com_content&view=article&id=107:check-in&catid=69&Itemid=30"
"IG","Meridiana","ISS","https://www.meridiana.it/home/index/en/","https://www.meridiana.it/seatwci/RecallPNR.aspx?language=en"
"MX","Mexicana","MXA","http://www.aeromexico.com/mx/welcome.html","http://www.aeromexico.com/mx/tu-vuelo/comprando-tu-vuelo/web-check-in/index.html"
"PS","Ukraine Intl Air","AUI","http://www.flyuia.com/eng/main.html","http://www.flyuia.com/eng/information-and-services/at-the-airport/web-check-in.html"
"S2","JetLite","RSH","http://www.jetkonnect.com/in/pnrstatus.aspx","http://www.jetairways.com/EN/IN/PlanYourTravel/WebCheck-in.aspx"
"SY","Sun Country Air","SCX","http://www.suncountry.com/","https://paxsvc.suncountry.com/SCAPaxServicesWeb/wci/startWebCheckin.do"
"U2","easyJet","EZY","http://www.easyjet.com/en/","http://www.easyjet.com/en/"
"U6","Ural Airlines","SVR","http://www.uralairlines.ru/en/","http://www.uralairlines.ru/en/your-flight/register/"
"UN","ट्रांसएयरो एयरलाइंस","TSO","http://www.transaero.ru/en","http://webcheckin.transaero.ru/en"
"Y9","ट्रांस एयर कांगो","TSG","http://www.kishairline.com/","http://www.kishairline.com/"
"2W","Welcome Luftfahrt","WLC","http://www.welcomeair.com/charter/","http://www.welcomeair.com/charter/"
"3L","InterSky Luftfahrt","ISK","http://www.flyintersky.com/en","https://isk.tikaero.com/webcheckin/default.aspx?langculture=de-de"
"4H","United Airways","UBD","http://www.united.com/web/en-US/apps/reservation/default.aspx","https://www.united.com/travel/checkin/start.aspx?SID=2C5B9EF97B9E468284FBAD4290669BFC&LangCode=en-US"
"BI","Royal Brunei Air","RBA","http://www.flyroyalbrunei.com/","http://www.flyroyalbrunei.com/booking-schedule/online-check-in/"
"CY","Cyprus Airways","CYP","http://cyprusair.com/default.aspx?tabid=843&langid=2","http://cyprusair.com/894,0,0,0,2-Web-Check-in.aspx"
"GF","Gulf Air","GFA","http://www.gulfair.com/English/mmb/Pages/MMBLogin.aspx","http://www.gulfair.com/English/info/Checkin/Pages/WebCheck-in.aspx"
"JU","एयर सर्बिया","ASL","http://www.airserbia.com/sr/moja-rezervacija","http://www.airserbia.com/sr/moja-rezervacija"
"KF","Blue1 Oy","KFB","http://www.blue1charter.fi/en","http://www.blue1charter.fi/en"
"LX","स्विस इंटरनेशनल एयरलाइंस","SWR","http://www.swiss.com/ch/en","http://www.swiss.com/gb/EN/prepare/check-in/web-check-in"
"MF","Xiamen Airlines","CXA","http://www.xiamenair.com/cn/en/","http://www.xiamenair.com/cn/en/traveler/attheairport/11342.shtml"
"NT","Binter Canarias","IBB","https://www.bintercanarias.com/eng","https://www.bintercanarias.com/eng/services/online-check-in"
"UA","United","UAL","http://www.united.com/web/en-US/apps/reservation/default.aspx","https://www.united.com/travel/checkin/start.aspx?SID=2C5B9EF97B9E468284FBAD4290669BFC&LangCode=en-US"
"VY","वुएलींग एयरलाइंस","VLG","http://www.vueling.com/en","https://tickets.vueling.com/SearchWebCheckin.aspx?Culture=en-GB"
"W3","स्वीफ्टएयर","ARA","http://www.arikair.com/ng","http://www.arikair.com/check-and-boarding"
"WY","Oman Air","OAS","http://www.omanair.com/en/","http://www.omanair.com/en/my-bookings/online-check-in"
"Y4","Volaris","VOI","http://volaris.com/","https://reservaciones.volaris.com/Landing/ManageYourBooking?sr=wci&culture=en-US"
"ZB","Monarch Airlines","MON","http://www.monarch.co.uk/","https://bookflights.monarch.co.uk/MemberBookingManager.aspx"
"M9","मोटर सीच","MSI","http://www.motorsich.com/eng/","http://flymotorsich.com/en/webcheck-in/"
"O6","एवीआंका ब्राजील","ONE","http://www.avianca.com.br/ecommerce/","http://www.avianca.com.br/web-check-in1;jsessionid=F051EC6AE98E3DC486AB4C755DBADE14.lr1"
"CT","एटलांटीआ सीटीलाईनर","CYL","http://www.alitalia.com/","http://www.alitalia.com/gb_en/Informazioni-Supporto/checkin/index.html"
"2E","स्मोकी बे एयर","PHW","http://www.smokeybayair.com/","http://www.smokeybayair.com/"
"3J","Jubba Airways","JUB","http://www.jubbaairways.com/passenger-info","http://www.jubbaairways.com/passenger-info"
"7M","Mistral Air","MSA","http://www.mistralair.it/","http://www.mistralair.it/"
"9J","Dana Airlines","DAN","http://www.flydanaair.com/","http://flydanaair.booksecure.net/criteria.aspx"
"A9","Airzena Georgian","TGZ","http://www.airzena.com/","http://www.airzena.com/"
"B8","Eritrean Airlines","ERT","http://www.eritrea.be/old/eritrean-airlines.htm","http://www.eritrea.be/old/eritrean-airlines.htm"
"BX","Air Busan","ABL","http://www.airbusan.com/AB/airbusan/english/main.jsp?loc=en","http://www.airbusan.com/AB/airbusan/english/main.jsp?loc=en"
"CA","कम्युनीटी एयरलाइंस","CCA","http://et.airchina.com.cn/InternetBooking/ReservationSearch.do?lang=en","http://www.airchina.de/en/checkin/"
"EG","Enerjet","ENJ","http://www.enerjet.ca/","http://www.enerjet.ca/"
"GJ","युरोफ्लाय S.p.A.","EEZ","https://www.meridiana.it/home/index/en/","https://www.meridiana.it/home/index/en/"
"HD","Air Do","ADO","http://www.airdo.jp/ap/index.html","http://www.airdo.jp/ap/index.html"
"HV","ट्रांसावीआ एयरलाइंस","TRA","http://www.transavia.com/hv/en-EU/home","http://www.transavia.com/hv/en-EU/home"
"JD","बीजिंग कैपिटल एयरलाइंस","CBJ","http://www.capitalairlines.com.cn/index.jsp","http://www.capitalairlines.com.cn/index.jsp#"
"L5","Linea Aerea Cuencana","LAC","http://www.lacecuador.com/","http://www.lacecuador.com/"
"MM","पीच एवीयेशन","APJ","http://www.flypeach.com/home.aspx","http://www.flypeach.com/airports/howtocheckin.aspx"
"NV","Air Central","CRF","http://www.aircentral.com.au/","http://www.aircentral.com.au/"
"P2","Airkenya Express","XAK","http://www.airkenya.com/","http://www.airkenya.com/"
"PR","Philippine Airlines","PAL","http://www1.philippineairlines.com/flights/manage-booking/","http://www1.philippineairlines.com/flights/web-check/"
"Q6","स्कायट्रांस एयरलाइंस","CDP","http://www.skytrans.com.au/","http://www.skytrans.com.au/"
"SJ","श्रीवीजावा एयर","SJY","http://www.sriwijayaair.co.id/","http://www.sriwijayaair.co.id/"
"TX","Air Caraibes","FWI","http://www.aircaraibes.com/","http://www.aircaraibes.com/"
"XE","ExpressJet  Airlines","BTA","http://www.expressjet.com/","http://www.expressjet.com/"
"YN","Air Creebec","CRQ","http://www.aircreebec.ca/en/sites/AirCreebec3/main.aspx","http://www.aircreebec.ca/en/sites/AirCreebec3/main.aspx"
"CU","क्युबाना डी एवीआसीअन","CUB","http://www.cubana.cu/home/","http://www.cubana.cu/guide/?article=aecheck-in"
"4T","बीलेर एयरलाइंस","BHP","https://www.belair.in/nav/home","http://www.airberlin.com/en-GB/webcheckin/index/index/"
"5C","C.A.L. कार्गो एयरलाइंस","ICL","http://www.cal.co.il/","http://www.cal.co.il/"
"7C","जाजू एयर","COY","http://www.jejuair.net/","http://www.jejuair.net/"
"8D","फिट्स एयर","EXV","http://www.fitsair.com/index.html","http://www.fitsair.com/index.html"
"7F","First Air","FAB","https://firstair.ca/","https://firstair.checkin.sabre.com/7FWebCheckIn/WebCheckIn.html#"
"7R","रसलाईन","BRB","https://www.starflyer.jp/en/","https://www.starflyer.jp/en/"
"8E","Bering Air","BRG","http://www.beringair.com/","http://www.beringair.com/"
"9N","ट्रोपीक एयर","AJV","http://www.tropicair.com/","http://www.tropicair.com/"
"A8","Ameriflight","BGL","http://www.ameriflight.com/","http://www.ameriflight.com/"
"ET","Ethiopian Air","ETH","http://www.ethiopianairlines.com/en/booking/managebooking.aspx","https://ethiopian.checkin.sabre.com/ETWebCheckIn/#"
"FG","Ariana Afghan Airlines","AFG","http://www.flyariana.com/index.asp","http://www.flyariana.com/index.asp"
"FY","Firefly","FFM","http://www.fireflyz.com.my/","http://www.fireflyz.com.my/flights/web-check-in"
"G5","China Express Airlines","HXA","http://www.chinaexpressair.com/","http://www.chinaexpressair.com/"
"GS","Grant Aviation","GCR","http://www.flygrant.com/","http://www.flygrant.com/"
"J4","बद्र एयरलाइंस","BFL","http://www.badrairlines.com/","http://www.badrairlines.com/"
"KE","Korean Air Lines","KAL","http://www.koreanair.com/","http://www.koreanair.com/local/na/gp/eng/tp/wc/eng_wc_main.jsp"
"KR","Air Bishkek","KMZ","http://airbishkek.kg/en/","http://airbishkek.kg/en/"
"LG","Luxair","LGL","https://www.luxair.lu/cms/luxair.php?p=FR,17652,451,,1,","https://www.luxair.lu/cms/page?p=EN,21298,610,,1,,"
"LZ","Belle Air","LBY","http://www.belleaireurope.eu/","http://www.belleaireurope.eu/"
"MM","Peach Aviation","MMZ","http://www.flypeach.com/home.aspx","http://www.flypeach.com/airports/howtocheckin.aspx"
"NY","Air Iceland","FXI","https://www.airiceland.is/","https://checkin.si.amadeus.net/1ASIHSSCWEBFI/sscwfi/checkin"
"PE","Peoples Viennaline","PEV","http://www.peoplesviennaline.ch/","http://www.peoplesviennaline.ch/reisevorbereitung/einchecken/"
"SI","सिएरा पेसिफिक एयरलाइंस","AWS","http://www.blueislands.com/","http://www.blueislands.com/"
"ST","जर्मनीआ","GMI","http://www.flygermania.de/en/","http://www.flygermania.de/en/serviceoint/check-in/"
"6H","ईसरेर एयरलाइंस","ISR","http://www.israirairlines.com/","http://www.israirairlines.com/"
"3R","Moskovia Airlines","GAI","http://www.moskovia.aero/","http://www.moskovia.aero/"
"Q2","मालदीवीअन","DQA","http://www.maldivian.aero/","http://www.maldivian.aero/"
"2G","Angara Airlines","AGU","http://www.angara.aero/","http://booking.angara.aero/ru/web-checkin/reg-data.jsf"
"4K","Kenn Borek Air","KBA","http://www.borekair.com/","http://www.borekair.com/"
"5C","C.A.L. Cargo Airlines","NRR","http://www.cal.co.il/","http://www.cal.co.il/"
"5M","Montserrat Airways","MNT","http://www.flymontserrat.com/","http://www.flymontserrat.com/check-in.php"
"5P","Aerolinea Principal Chile","PCP","http://www.palair.cl/","http://www.palair.cl/"
"7C","Jeju Air","JJA","http://www.jejuair.net/","http://www.jejuair.net/"
"7V","Federal Airlines","FDR","http://www.fedair.com/","http://www.fedair.com/"
"8B","Business Air","BCC","http://www.businessaircenter.com/","http://www.businessaircenter.com/"
"8L","Lucky Air","LKE","http://www.luckyair.net/","http://www.luckyair.net/"
"8M","Myanmar Intl","MMA","http://maiair.com/","http://maiair.com/"
"8T","Air Tindi","TID","http://www.airtindi.com/","http://www.airtindi.com/"
"9N","Tropic Air","TOS","http://www.tropicair.com/","http://www.tropicair.com/"
"AW","Africa World Airlines","AFW","http://www.flyafricaworld.com/","http://www.flyafricaworld.com/"
"B5","East African Safari Air","EXZ","http://www.eastafricansafariair.com/","http://www.eastafricansafariair.com/"
"BK","Okay Airways","OKA","http://bk.travelsky.com/bkair/index.jsp","http://bk.travelsky.com/bkair/index.jsp"
"C7","समरकंद एयरवेज","UZS","http://www.cinnamonair.com/","http://www.cinnamonair.com/"
"C7","Cinnamon Air","CIN","http://www.cinnamonair.com/","http://www.cinnamonair.com/"
"D2","डायनेमीक एयरवेज","SSF","http://www.dynamicaviation.com/","http://www.dynamicaviation.com/"
"DG","साउथ ईस्ट एशियन एयरलाइंस","SRQ","http://www.flyseair.com/","http://www.flyseair.com/"
"DT","TAAG Angola Airlines","DTA","http://www.taag.com/en/home.aspx","http://www.taag.com/en/online-checkin.aspx"
"HW","हेलो","NWL","http://www.north-wrightairways.com/","http://www.north-wrightairways.com/"
"M7","MasAir","MSL","http://www.masair.com/","http://www.masair.com/"
"MY","Maya Island Air","MWA","http://www.mayaislandair.com/","http://www.mayaislandair.com/"
"Q3","ट्रांस एंगुइला एयरवेज","MBN","http://www.transanguilla.com/","http://www.transanguilla.com/"
"SJ","Sriwijaya Air","CGL","http://www.sriwijayaair.co.id/","http://www.sriwijayaair.co.id/"
"SX","Sky Work Airlines","SRK","http://www.flyskywork.com/en","http://www.flyskywork.com/en/flight-information/online-check-in"
"VJ","वीयेटजेट एयर","JTY","http://www.vietjetair.com/Sites/Web/vi-VN/Home","https://ameliaweb3.intelisys.ca/VietJetCI/SearchResCheckin.aspx?lang=vi"
"YT","Yeti Airlines","NYT","http://www.yetiairlines.com/","http://www.yetiairlines.com/"
"R3","Yakutia Airlines","SYL","http://www.yakutia.aero/en/","http://www.yakutia.aero/en/"
"WC","आईलेना एयरलाइंस","ISV","http://www.avianca.com/en-otr/#ws=ta","http://www.avianca.com/en-otr/#ws=ta"
"CG","पापुआ न्यू गिनी","TOK","http://www.apng.com/","http://www.apng.com/"
"T5","Turkmenistan Airlines","TUA","http://turkmenairlines.com/","http://turkmenairlines.com/lang/en/check-in/"
"BF","Bluebird Cargo","BBD","http://www.bluebirdcargo.com/","http://www.bluebirdcargo.com/"
"GL","Air Greenland","GRL","http://www.airgreenland.com/","https://www.airgreenland.com/help/at-the-airport/web-check-in"
"GZ","Air Rarotonga","RAR","http://www.airraro.com/","http://www.airraro.com/"
"HF","Air Cote DIvoire","VRE","http://www.aircotedivoire.com/","http://www.aircotedivoire.com/"
"PL","Southern Air Charters","SOA","http://www.southernaircharter.com/","http://www.southernaircharter.com/"
"PM","CanaryFly","CNF","http://www.canaryfly.es/CNF/index.php","http://www.canaryfly.es/CNF/index.php"
"Q6","Skytrans Airlines","SKP","http://www.skytrans.com.au/","http://www.skytrans.com.au/"
"QN","Air Armenia","ARR","http://www.air.am/","http://www.air.am/"
"RI","टाईगर एयर मंडला","MDL","http://booking.tigerair.com/RetrieveBooking.aspx?culture=en-GB&gaculture=SGEN","http://booking.tigerair.com/WebCheckIn.aspx?culture=en-GB&gaculture=SGEN"
"RZ","सानसा एयरलाइंस","LRS","http://www.flysansa.com/","http://www.flysansa.com/"
"SI","Sierra Pacific Airlines","BCI","http://www.blueislands.com/","http://www.blueislands.com/"
"TLR","Air Libya","TLR","http://www.airlibya.aero/","http://www.airlibya.aero/"
"UJ","अलमस्रीआ यूनिवर्सल एयरलाइंस","GMT","https://www.flyalmasria.com/?lang=English","https://www.flyalmasria.com/?lang=English"
"W3","Swiftair","DNU","http://www.arikair.com/ng","http://www.arikair.com/check-and-boarding"
"WU","Wizz Air Ukraine","WAU","http://wizzair.com/en-GB/Search","http://wizzair.com/en-GB/useful_information/web_check-in"
"XV","BVI Airways","none","http://www.gobvi.com/","https://booksecure.gobvi.com/checkin"
"R7","एसेर्सा एयरलाइंस","OCA","http://www.asercaairlines.com/","http://www.asercaairlines.com/EN-US/Serv02C.aspx"
"XU","अफ्रीकन एक्सप्रेस एयरवेज","AXK","http://www.africanexpress.co.ke/","http://www.africanexpress.co.ke/"
"9R","सेटाना","VAP","http://www.satena.com/inicio","http://booking.satena.com/TTIDOTNET/TRANSPORT/TransportNetFO/satena/WebCheckIn.aspx?masterUserControl=WebCheckIn/UsrWebCheckInStart&taskId=80cee7a2-907c-4ee7-87ab-e2fcff930096&ViewName=WebCheckInStart&GRAPHNAME=WebCheckIn"
"A2","एस्ट्रा एयरलाइंस","AZI","http://www.astra-airlines.gr/frontend/index.php","http://www.astra-airlines.gr/pages.php?cat=3"
"AD","अजुल ब्राजील एयरलाइंस","AZU","http://www.voeazul.com.br/","http://viajemais.voeazul.com.br/CheckinOnLine.aspx"
"BM","British Midland Regional","BMR","http://www.bmiregional.com/en","http://www.bmiregional.com/en#Checkin-Tab"
"DC","Braathens Regional","BRX","http://www.braathensregional.com/","http://www.braathensregional.com/wet-lease-operations/aircraft-charter/check-in"
"DD","Nok Air","NOK","http://www.nokair.com/nokconnext/aspx/Index.aspx","http://www.nokair.com/contents/travel_info/web_check-in/en-US/index.html"
"FO","Felix Airways","FXX","http://www.felixairways.com/","http://www.felixairways.com/"
"J5","अलास्का: सीप्लेन","EPA","http://www.flyalaskaseaplanes.com/","http://www.flyalaskaseaplanes.com/"
"LX","Swiss International Airlines","SWU","http://www.swiss.com/ch/en","http://www.swiss.com/gb/EN/prepare/check-in/web-check-in"
"MS","ईजीप्तएयर एक्सप्रेस","MSR","http://www.egyptair.com/English/Pages/splashpage.aspx","https://checkin.si.amadeus.net/1ASIHSSCWEBMS/sscwms/checkin"
"PC","एयर फिजी लिमिटेड","PGT","http://www.flypgs.com/en/","http://www.flypgs.com/en/fly-with-pegasus/internet-check-in.aspx"
"Q9","Afrinat International Airlines","AFU","http://www.afrinat.com/","http://www.afrinat.com/"
"QF","सन स्टेट एयरलाइंस/क्वेंटसलींक","SSQ","http://www.qantas.com.au/travel/airlines/home/au/en","http://www.qantas.com.au/travel/airlines/checkin/global/en#online-check-in"
"QF","Sunstate  Airlines /Qantaslink","QFA","http://www.qantas.com.au/travel/airlines/home/au/en","http://www.qantas.com.au/travel/airlines/checkin/global/en#online-check-in"
"QU","UTair-Ukraine","UTN","http://www.utair.ua/en/","http://booking.utair.ua/is2009/web-checkin/conditions.jsf#"
"TW","Tway Airlines","TWB","http://www.twayair.com/","http://www.twayair.com/"
"UP","Bahamasair","BHS","http://bahamasair.com/","http://bahamasair.com/"
"VB","एयरोएनलासेस नेशिओनेल","VIV","https://www.vivaaerobus.com/","https://www.vivaaerobus.com/"
"VJ","VietJet Air","VJC","http://www.vietjetair.com/Sites/Web/vi-VN/Home","https://ameliaweb3.intelisys.ca/VietJetCI/SearchResCheckin.aspx?lang=vi"
"VP","VASP Viação Aérea São Paulo","VSP","http://www.aviacaocomercial.net/vasp.htm","http://www.aviacaocomercial.net/vasp.htm"
"W3","Swiftair","SWT","http://www.arikair.com/ng","http://www.arikair.com/check-and-boarding"
"WEW","West Wind Aviation","WEW","http://www.westwindaviation.ca/","http://www.westwindaviation.ca/"
"ZA","SKYWINGS ASIA AIRLINES","SWM","http://www.skywingsair.com/kr/","http://www.skywingsair.com/kr/"
"ZE","Arcus-Air Logistic","ESR","http://www.arcus-air.com/","http://www.arcus-air.com/"
"BW","Carribean Airlines","BWA","https://www.caribbean-airlines.com/","https://fastcheck.sita.aero/cce-presentation-web-bw/entryUpdate.do"
"GK","Jetstar Japan","JJP","http://www.jetstar.com/au/en/home","http://www.jetstar.com/au/en/planning-and-booking/checking-in/web-check-in"
"IZ","Arkia Israeli","AIZ","http://www.arkia.com/","http://www.arkia.com/"
"J2","अज़रबैजान एयरलाइंस","AHY","http://www.azal.az/","https://flyazal.mobi/itravel/occi.xhtml"
"J4","Badr Airlines","BDR","http://www.badrairlines.com/","http://www.badrairlines.com/"
"JC","JAL Express","JEX","https://www.jal.co.jp/en/dom/","https://www.jal.co.jp/en/dom/"
"JO","JALways Co. Ltd.","JAZ","http://www.jal.co.jp/inter/","http://www.jal.co.jp/inter/"
"JV","बीयर्स्कीन एयरलाइंस","BLS","http://www.bearskinairlines.com/index.shtml","http://www.bearskinairlines.com/check_in_policy.shtml"
"KO","KHORS Air","AER","http://www.khors.com.ua/","http://www.khors.com.ua/"
"KQ","Kenya Airways","KQA","http://www.kenya-airways.com/","http://www.kenya-airways.com/checkin/kqwap_checkin.aspx"
"KY","Kunming Airlines","KNA","http://www.airkunming.com/","http://www.airkunming.com/"
"LT","LTU  InternationalAirways","LTU","https://www.airberlin.com/en-US/cockpit","http://www.airberlin.com/en-US/site/landingpages/eservices.php?cat=4"
"MK","Air Mauritius","MAU","http://www.airmauritius.com/index_mu.htm","https://checkin.si.amadeus.net/1ASIHSSCWEBMK/sscwmk/checkindirect?DPS=jw&LANG=en&MKT=nl&fromurl=http%3A%2F%2Fwww.airmauritius.com&ICI_FORM_ID=searchCriteriaForm&identSearch=y&identDataSpecified=y&fullIdentSearch=n&identType=ET&identAirlineCode=MK&identNum"
"MU","China Eastern Air","CES","http://www.flychinaeastern.com/","http://hk.ceair.com/muovc/front/checkin/checkin!doInit.shtml"
"SK","स्कैंडिनेवियाई एसएएस","SAS","http://www.flysas.com/en/Generic/Services/Find-booking/","https://www.sas.se/en/misc/services/check-in/"
"TP","TAP Portugal","TAP","http://www.flytap.com/","http://www.flytap.com/Portugal/en/PlanBook/PrepareforTravel/Checkin/CheckinOnline"
"TS","Air Transat","TSC","http://www.airtransat.ca/en/Home.aspx?__utma=165114287.1278893420.1399548252.1399548252.1399548252.1&__utmb=165114287.3.10.1399548252&__utmc=165114287&__utmx=-&__utmz=165114287.1399548252.1.1.utmcsr%3dgoogle%7cutmccn%3d(organic)%7cutmcmd%3dorganic%7cutmct","http://www.airtransat.ca/en-CA/Travel-information/Airports-and-check-in/Online-check-in"
"VA","Virgin Australia","VOZ","http://www.virginaustralia.com/au/en/bookings/manage-my-bookings/retrieve-booking-details/","http://www.virginaustralia.com/au/en/bookings/manage-my-bookings/check-in/"
"WJ","Labrador Limited","LAL","http://www.airlabrador.com/home/","http://www.airlabrador.com/home/"
"YR","ग्रांड कैन्यन एयरलाइंस","CVU","http://www.grandcanyonairlines.com/","http://www.grandcanyonairlines.com/"
"Z8","लीनिया एरीया एमेस्जोनस","AZN","http://www.amaszonas.com/","https://apps.kiusys.com/webcheckin/Z8/index.php?lang=EN"
"ZH","शेन्ज़ेन एयरलाइंस","EGA","http://global.shenzhenair.com/zh/main.jsp","http://global.shenzhenair.com/zh/html/en/travelinfo/check-in.html"
"2N","नेक्स्टजेट","NTJ","https://bokning.nextjet.se/mybooking/MinBokning.xo?_a=init&language=en","https://checkin.si.amadeus.net/1ASIHSSCWEB2N/sscw2n/checkin?width=800&height=600&type=W&Redirected=true"
"M3","ABSA कार्गो एयरलाइन","TUS","http://www.tamcargo.com.br/vgn/v/index.jsp?vgnextoid=0e5df416b6e29310VgnVCM1000006b0d010aRCRD","http://www.tamcargo.com.br/vgn/v/index.jsp?vgnextoid=0e5df416b6e29310VgnVCM1000006b0d010aRCRD"
"4B","Boutique Air","PAG","http://www.boutiqueair.com/","http://www.boutiqueair.com/pages/travel_manager"
"6L","Aklak Air","AKK","http://www.aklakair.ca/","http://www.aklakair.ca/"
"AC","Air Canada","ACA","http://www.aircanada.com/en/home.html","https://www.aircanada.com/en/travelinfo/traveller/checkin/"
"AY","Finnair","FIN","http://www.finnair.com/INT/GB/select-country","http://www.finnair.com/IN/GB/home-all-booking-options?SERVICECARD=3"
"B2","Belavia","BRU","http://en.belavia.by/home/","http://en.belavia.by/online_registration/"
"BG","Biman Bangladesh","BBC","http://www.biman-airlines.com/","http://www.biman-airlines.com/"
"D4","Alidaunia","LID","http://www.alidaunia.it/","http://www.alidaunia.it/"
"D6","Interair S. Africa","ILN","http://www.interair.co.za/","http://www.interair.co.za/"
"DL","Delta","DAL","https://www.delta.com/myitinerary/itinLanding.action","https://www.delta.com/PCCOciWeb/findBy.action"
"EL","एयर निप्पॉन को","ANK","https://aswbe-i.ana.co.jp/p_per/sky_ip_per_jp/preSearchCheckIn.do?CONNECTION_KIND=LAX&LANG=en","https://aswbe-i.ana.co.jp/p_per/sky_ip_per_jp/preSearchCheckIn.do?CONNECTION_KIND=LAX&LANG=en"
"JP","Adria Airways","ADR","https://www.adria.si/en/","https://selfservice.sita.aero/internetSWP/identificationEdit.do?locale=en_EN&al=carrier_JP"
"KL","केएलएम रॉयल डच","KLC","http://www.klm.com/","https://www.klm.com/travel/in_en/prepare_for_travel/checkin_options/internet_checkin/ici_jffp_app.htm"
"M4","Smart Aviation Company","SME","http://www.smartaviation.com.eg/Home/","http://www.smartaviation.com.eg/Home/"
"MS","Egyptair Express","MSE","http://www.egyptair.com/English/Pages/splashpage.aspx","https://checkin.si.amadeus.net/1ASIHSSCWEBMS/sscwms/checkin"
"PN","वेस्ट एयर","CHB","http://www.westair.cn/index.jsp;jsessionid=FB5E94CEAC0D36B08D7D7B6B5F43E81F.p1","http://www.westair.cn/index.jsp;jsessionid=FB5E94CEAC0D36B08D7D7B6B5F43E81F.p1"
"QV","Lao Aviation","LAO","http://www.laoairlines.com/","http://www.laoairlines.com/before-your-flight/at-the-airport/check-in-time/"
"VW","Aeromar","TAO","http://www.aeromar.com.mx/","http://www.aeromar.com.mx/webcheckin/"
"W9","Air Bagan","JAB","https://www.airbagan.com/","https://www.airbagan.com/"
"9M","Central Mountain","GLR","https://flycma.com/","https://flycma.com/"
"9V","एवीअर एयरलाइंस","AMV","https://www.aviorair.com/","https://www.aviorair.com/"
"9Y","Fly Georgia","FGE","http://www.flygeorgia.com/Services/Managebooking","http://www.flygeorgia.com/TravelInfo/Checkinandairportarrival"
"A3","Aegean Airlines","AEE","http://en.aegeanair.com/","https://checkin.si.amadeus.net/1ASIHSSCWEBA3/sscwa3/checkin?ln=en"
"CM","COPA Panama","CMP","http://www.copaair.com/sites/gs/en/pages/homepage.aspx#manage","http://www.copaair.com/sites/gs/en/pages/homepage.aspx#webcheckin"
"DE","कंडर","CFG","http://www.condor.com/us/index.jsp","http://www.condor.com/eu/flight-info/check-in/online-check-in.jsp"
"FB","Bulgaria Air","LZB","http://www.air.bg/en/","https://checkin.si.amadeus.net/1ASIHSSCWEBFB/sscwfb/checkindirect?LANGUAGE=en"
"FL","AirTran","TRS","http://www.airtran.com/Home.aspx","https://ebyepass.airtran.com/CheckIn.aspx"
"HG","FlyNiki","NLY","http://www.flyniki.com/prepage.php","https://www.flyniki.com/en/webcheckin/index/index/p/NIK"
"HM","Air Seychelles","SEY","http://www.airseychelles.com/en/home/index.php","http://www.airseychelles.com/en/home/index.php"
"I9","Air Italy","AEY","https://www.alitalia.com/","https://www.alitalia.com/"
"J8","Berjaya Air Bhd","BVT","https://www.berjaya-air.com/holiday-package-booking/","https://www.berjaya-air.com/holiday-package-booking/"
"JJ","TAM Linhas Aereas","TAM","http://www.tam.com.br/502.html","http://www.tam.com.br/502.html"
"M3","ABSA AerolinhasBrasileiras","NFA","http://www.tamcargo.com.br/vgn/v/index.jsp?vgnextoid=0e5df416b6e29310VgnVCM1000006b0d010aRCRD","http://www.tamcargo.com.br/vgn/v/index.jsp?vgnextoid=0e5df416b6e29310VgnVCM1000006b0d010aRCRD"
"MO","Calm Air Intl","CAV","http://www.calmair.com/","http://www.calmair.com/"
"NQ","Air Japan","AJX","http://www.air-japan.co.jp/","http://www.air-japan.co.jp/"
"UO","HongKong Express","HKE","http://www.hkexpress.com/en-us/home.aspx","http://www.hkexpress.com/en-us/home.aspx"
"V3","Carpatair S.A.","KRP","http://www.carpatair.com/","http://www.carpatair.com/en-us/flightessentials/check-in.aspx"
"V7","Air Senegal Intl","SNG","http://www.senegalairlines.aero/","http://www.senegalairlines.aero/"
"VH","Aeropostal","LAV","http://www.aeropostal.com/2014/home/","http://www.aeropostal.com/2014/home/"
"W4","LC Perú","BES","http://www.lcperu.pe/home","https://apps.kiusys.com/webcheckin/W4/"
"YX","Midwest","MEP","http://www.mwestairlines.com/News.html","http://www.mwestairlines.com/Flight_Info.html"
"2K","Aero Galapagos","GLG","http://www.aerogal.com.ec/?lang=en","https://apps.kiusys.com/webcheckin/2K/index.php"
"9U","Air Moldova","MLD","http://www.airmoldova.md/home-ro/","https://checkin.airmoldova.md/app/ck.fly?l=en"
"AV","Avianca Aerovias","AVA","http://www.avianca.com/es/","http://www.avianca.com/en-co/electronic-services/web-check-in.aspx"
"IL","Trigana Air Service","TGN","http://www.trigana-air.com/","http://www.trigana-air.com/"
"IO","IrAero","IAE","http://en.iraero.ru/","http://en.iraero.ru/"
"J9","Jazeera Airways","JZR","https://book.jazeeraairways.com/RetrieveBooking.aspx","http://www.jazeeraairways.com/WebCheckin/"
"KS","PenAir","PEN","http://www.penair.com/","https://checkin.sabre.com/penair/locate.do"
"LA","LAN Airlines","LAN","http://www.lan.com/en_us/sitio_personas/index.html","http://www.lan.com/cgi-bin/checkin/paso1.cgi?rand=8958032.54404203"
"LH","लुफ्थांसा कार्गो","GEC","http://www.lufthansa.com/us/en/My-Bookings","https://www.lufthansa.com/us/en/Online-Check-in"
"MD","Air Madagascar","MDG","http://www.airmadagascar.com/en/a340/booking-and-buying/my-booking","http://www.airmadagascar.com/en/a340/booking-and-buying/my-booking"
"NF","Vanuatu","AVN","http://www.airvanuatu.com/home.aspx","http://www.airvanuatu.com/home/trip-planning/airport-check-in.aspx"
"P9","Asia Pacific Airlines","MGE","http://www.flyapa.com/","http://www.flyapa.com/"
"RC","Atlantic Faroe Is","FLI","https://www.atlantic.fo/en/","https://www.atlantic.fo/en/useful-links/check-in/"
"SA","South African","SAA","http://www.flysaa.com/in/en/home!loadHome.action?request_locale=en_IN&splashLocale=EN&splashCntry=IN&isCookieEnabled=false","http://www.flysaa.com/in/en/home!loadHome.action?request_locale=en_IN&splashLocale=EN&splashCntry=IN&isCookieEnabled=true#checkin"
"SU","Aeroflot Russian Airlines","AFL","http://www.aeroflot.com/cms/en","http://www.aeroflot.ru/cms/en/online_registration"
"TN","Air Tahiti Nui","THT","http://www.airtahitinui.com/","http://www.airtahitinui.com/"
"QR","Qatar Airways","QTR","http://www.qatarairways.com/in/en/homepage.page","http://www.qatarairways.com/in/en/homepage.page"
"TK","तुर्की एयरलाइंस","THY","http://www4.thy.com/mybookings/reservations.tk?target=view&lang=en&GACookie=null&__utma=230785920.1454547721.1336567006.1336567006.1336567023.2&__utmb=230785920.5.9.1336567055484&__utmc=230785920&__utmx=-&__utmz=230785920.1336567023.2.2.utmcsr=google","https://www4.thy.com/onlinecheckin/start.tk?lang=en"
"2P","Philippines Corp","GAP","http://www1.philippineairlines.com/","http://www1.philippineairlines.com/"
"AB","Air Berlin","BER","http://www.airberlin.com/en-GB/site/start.php","http://www.airberlin.com/en-GB/webcheckin/index/index/"
"LH","Lufthansa","DLH","http://www.lufthansa.com/us/en/My-Bookings","https://www.lufthansa.com/us/en/Online-Check-in"
"NZ","Air New Zealand","ANZ","http://www.airnewzealand.com/home","http://www.airnewzealand.com/online-check-in"
"UK","Vistara Airlines","VTI","https://www.airvistara.com/trip/fly/home","https://www.airvistara.com/trip/traveller-info#check-in"
"7P","बाटावीया एयर","PST","https://www.airpanama.com/?lang=en","https://www.airpanama.com/?lang=en"
"GA","Garuda Indonesia","GIA","https://www.garuda-indonesia.com/int/landingpage.page","https://www.garuda-indonesia.com/id/en/garuda-indonesia-experience/on-ground/check-in/index.page#"
"J2","अझल एवीआ कार्गो","AHC","http://www.azal.az/","https://flyazal.mobi/itravel/occi.xhtml"
"LO","LOT Polish Air","LOT","https://www.lot.com/pl/pl/","http://www.lot.com/us/en/check-in"
"MH","Malaysia Airlines","MAS","https://book.malaysiaairlines.com/itd/itd/lang/en/reservations","https://fastcheck.sita.aero/cce-presentation-web-mh/entryUpdate.do"
"OK","Czech Airlines","CSA","http://www.csa.cz/en/portal/homepage/cz_homepage.htm","http://www.csa.cz/en/portal/info-and-services/services-csa/odbaveni_sub.htm"
"OZ","Asiana Airlines","AAR","https://us.flyasiana.com/C/en/main.do","https://us.flyasiana.com/I/en/CheckInSearchTicket.do?menuId=001010000000000&menuType=LINK"
"PG","Bangkok Airways","BKP","http://www.bangkokair.com/eng#","http://www.bangkokair.com/pages/view/web-check-in"
"UJ","मेग्नीचार्टर्स","LMU","https://www.flyalmasria.com/?lang=English","https://www.flyalmasria.com/?lang=English"
"YM","Montenegro Air","MGX","https://montenegroairlines.com/","http://montenegroairlines.com/en/home/gornja_navigacija/informacije_i_servis/checkin.html"
"SV","Saudi Arabian Air","SVA","http://www.saudiairlines.com/portal/saudiairlines/Welcome?completesite=true","https://checkin.si.amadeus.net/1ASIHSSCWCISV/sscwsv/checkin?ln=en"
"EU","Chengdu Airlines","UEA","http://www.chengduair.cc/","http://www.chengduair.cc/"
"DT","TAAG Angola Airlines","DTA","http://www.taag.com/en/home.aspx","http://www.taag.com/en/online-checkin.aspx"
"A4","Aerocon","AEK","http://www.aerocon.bo/","http://www.aerocon.bo/"
"NL","Shaheen Air","SAI","http://www.shaheenair.com/sai-web/index.php","http://www.shaheenair.com/sai-web/index.php"
"DG","South East Asian Airlines","SRQ","http://www.flyseair.com/","http://www.flyseair.com/"
"PQ","Philippines AirAsia","APG","http://www.airasia.com/welcome/index_phen.htm","http://www.airasia.com/ph/en/home.page#"
"S3","Santa Barbara Air","BBR","http://www.sbairlines.com/","http://www.sbairlines.com/"
"4G","Gazpromavia","GZP","http://eng.gazpromavia.ru/","http://eng.gazpromavia.ru/"
"HH","Taban Airlines","TBM","http://taban.aero/en/","http://taban.aero/en/"
"HK","Hamburg Airways","HAY","http://www.hamburgairways.com/","http://www.hamburgairways.com/"
"NK","Spirit Airlines","NKS","http://www.spirit.com/Default.aspx","https://www.spirit.com/Default.aspx#check-in"
"FW","IBEX Airlines","IBX","http://www.ibexair.co.jp/","http://www.ibexair.co.jp/"
"K7","एयर KBZ","KBZ","http://www.airkbz.com/","http://www.airkbz.com/"
"J5","Alaska Seaplane", nil,"http://www.flyalaskaseaplanes.com/","http://www.flyalaskaseaplanes.com/"
"V9","Van Air Europe","VAA","http://www.vanair.org/","http://www.vanair.org/"
"LI","LIAT","LIA","http://www.liatairline.com/","http://www.liatairline.com/navSource.html?page_id=2"
"W2","Flexflight", nil,"http://www.flexflight.dk/","http://www.flexflight.dk/"
"IY","Yemenia Yemen","IYE","http://yemenia.com/","http://yemenia.com/"
"S9","Starbow","IKM","http://www.flystarbow.com/en/manage-my-booking/manage-booking","http://www.flystarbow.com/en"
"X9","Avion Express","NVD","http://flyavex.com/","http://flyavex.com/"
"ST","Germania","GMI","http://www.flygermania.de/en/","http://www.flygermania.de/en/serviceoint/check-in/"
"7R","RusLine","RLU","https://www.starflyer.jp/en/","https://www.starflyer.jp/en/"
"RQ","Kam Air","KMF","https://www.kamair.com/home.php","https://www.kamair.com/home.php"
"WT","Wasaya Airways","WSG","http://www.wasaya.com/","http://www.wasaya.com/"
"X3","TUIfly","TUI","https://www.tuifly.com/en/index.html","https://www.tuifly.com/Webcheckin.aspx?culture=en-GB"
"Z2","AirAsia Zest","EZD","http://www.airasia.com/ph/en/home.page","http://www.airasia.com/ph/en/home.page"
"Z8","Linea Aerea Amaszonas","AZN","http://www.amaszonas.com/","https://apps.kiusys.com/webcheckin/Z8/index.php?lang=EN"
"4B","Boutique Air","TUP","http://www.boutiqueair.com/","http://www.boutiqueair.com/pages/travel_manager"
"AS","Alaska Airlines","ASA","http://www.alaskaair.com/","https://webselfservice.alaskaair.com/checkinweb/default.aspx?language=en_US&lid=nav:travelInfo-checkIn%20{On-Click%20tag}"
"K6","Cambodia Angkor Air","KHV","http://www.cambodiaangkorair.com/en/","http://www.cambodiaangkorair.com/en/"
"AD","Azul Brazilian Airlines","AZU","http://www.voeazul.com.br/","http://viajemais.voeazul.com.br/CheckinOnLine.aspx"
"Y5","Golden Myanmar Airlines","ITD","http://www.gmairlines.com/#tab1","http://www.gmairlines.com/#tab1"
"2N","NextJet","UMK","https://bokning.nextjet.se/mybooking/MinBokning.xo?_a=init&language=en","https://checkin.si.amadeus.net/1ASIHSSCWEB2N/sscw2n/checkin?width=800&height=600&type=W&Redirected=true"
"9R","SATENA","NSE","http://www.satena.com/inicio","http://booking.satena.com/TTIDOTNET/TRANSPORT/TransportNetFO/satena/WebCheckIn.aspx?masterUserControl=WebCheckIn/UsrWebCheckInStart&taskId=80cee7a2-907c-4ee7-87ab-e2fcff930096&ViewName=WebCheckInStart&GRAPHNAME=WebCheckIn"
"MW","Mokulele","MYD","http://www.mokuleleairlines.com/","http://www.mokuleleairlines.com/"
"XY","फ्लायनेस एयरलाइंस","KNE","https://book.flynas.com/RetrieveBooking.aspx","https://book.flynas.com/searchwebcheckin.aspx"
"RI","Tigerair Mandala","MDL","http://booking.tigerair.com/RetrieveBooking.aspx?culture=en-GB&gaculture=SGEN","http://booking.tigerair.com/WebCheckIn.aspx?culture=en-GB&gaculture=SGEN"
"9C","Spring Airlines","WDA","http://www.springairlines.com/","http://www.springairlines.com/Activitiesall/Activities35"
"ZH","Shenzhen Airlines","CSZ","http://global.shenzhenair.com/zh/main.jsp","http://global.shenzhenair.com/zh/html/en/travelinfo/check-in.html"
"TX","Air Caraibes","ISB","http://www.aircaraibes.com/","http://www.aircaraibes.com/"
"PN","West Air","CHB","http://www.westair.cn/index.jsp;jsessionid=FB5E94CEAC0D36B08D7D7B6B5F43E81F.p1","http://www.westair.cn/index.jsp;jsessionid=FB5E94CEAC0D36B08D7D7B6B5F43E81F.p1"
"5E","Nok Mini","SGN","http://www.nokmini.com/website/pages/home/welcome.php?ss_sw=en-US","http://www.nokair.com/NokCheckIn/aspx/login.aspx?currlang=en-US&s_cid=nokair_webcheckin"
"RZ","Sansa Airlines","LRS","http://www.flysansa.com/","http://www.flysansa.com/"
"M7","MasAir","MAA","http://www.masair.com/","http://www.masair.com/"
"5J","Cebu Pacific Air","CEB","https://www.cebupacificair.com/","https://www.cebupacificair.com/Pages/web-check-in.aspx"
"B7","UNI Corporation","UIA","https://www.uniair.com.tw/uniairec/index1.aspx","https://www.uniair.com.tw/uniairec/index1.aspx"
"CZ","China Southern","CSN","http://b2c.csair.com/B2C40/modules/order/checkOrder.jsp","http://www.csair.com/cn/index.shtml"
"OM","MIAT Mongolian","MGL","http://www.miat.com/","http://www.miat.com/"
"OS","Austrian Airlines","AUA","http://www.austrian.com/","http://www.austrian.com/Info/CheckIn_MobileServices/WebCheckIn.aspx?sc_lang=en&cc=US"
"OV","Estonian Air","ELL","http://estonian-air.ee/","https://estonian-air.ee/en/info/traveling/check-in/web-check-in/"
"QI","Cimber Air","CIM","http://www.cimber.com/","http://www.cimber.com/"
"YK","साइप्रस तुर्की","KYV","http://www.turkishairlines.com/en-cy/?gclid=CObWmJWKnL4CFRUOjgodbLMASw","http://www.turkishairlines.com/en-cy/?gclid=CObWmJWKnL4CFRUOjgodbLMASw"
"UD","HexAir","HER","http://www.hexair.com/","http://www.hexair.com/"
"O4","Antrak Air","ABV","http://www.antrakair.com/","http://www.antrakair.com/"
"3S","Air Antilles Express","AEN","http://www.airantilles.com/","http://www.airantilles.com/webcheckin/"
"AH","Air Algerie","DAH","http://www.airalgerie.dz/Home.jsp","http://www.airalgerie.dz/index.jsp?lang=en"
"FE","Far Eastern Air Transport","FEA","http://www.fat.com.tw/index/index.aspx","http://www.fat.com.tw/index/index.aspx"
"SW","Air Namibia","NMB","http://www.airnamibia.com/","https://fastcheck.sita.aero/cce-presentation-web-sw/entryUpdate.do"
"KG","Key Lime Air","GTV","http://www.keylimeair.com/","http://www.keylimeair.com/"
"5N","Nordavia","AUL","http://www.nordavia.ru/en/","http://booking.nordavia.ru/is2009/web-checkin/reg-data.jsf"
"9V","Avior Airlines","ROI","https://www.aviorair.com/","https://www.aviorair.com/"
"VB","Aeroenlaces Nacionale","VIV","https://www.vivaaerobus.com/","https://www.vivaaerobus.com/"
"S4","SATA Intl Servicos","RZO","https://www.sata.pt/en/content/home-page","http://www.sata.pt/en/travel-with-us/web-check"
"SI","Sierra Pacific Airlines","SPA","http://www.blueislands.com/","http://www.blueislands.com/"
"8V","Wright Air Service","ACP","http://wrightairservice.com/","http://wrightairservice.com/"
"K7","Air KBZ","ARK","http://www.airkbz.com/","http://www.airkbz.com/"
