city_code,city_name_en,city_name_ar,,,
IPH,Ipoh,ايبوه,,,
BEU,Bedourie,,,,
TJU,Kulyab,,,,
COL,Coll,,,,
NOS,Nosy Be,نوزي بي,,,
POS,Port Of Spain Trinidad,بورت أوف سبين ترينيداد,,,
SNR,St Nazaire,سانت نازير,,,
INT,Winston Salem,ونستون سالم,,,
WIC,Wick,ويك,,,
CBH,B Char,ب تشار,,,
MGT,Milingimbi,ميلينغيمبي,,,
WLG,Wellington,ولينغتون,,,
OZZ,Ouarzazate,ورزازات,,,
HDN,Hayden,هايدن,,,
NLA,Ndola,ندولا,,,
SHB,Nakashibetsu,ناكاشيبيتسو,,,
MAF,Midland,ميدلاند,,,
MIG,Mianyang,ميانيانغ,,,
MLG,Malang,مالانج,,,
,,,,,
MQX,Makale,ماكالي,,,
LYI,Linyi,ليني,,,
LIF,Lifou,ليفو,,,
LGB,Long Beach,لونغ بيتش,,,
LAD,Luanda,لواندا,,,
LNS,Lancaster,لانكستر,,,
KVC,King Cove,كينغ كوف,,,
KIV,Chisinau,كيشيناو,,,
CND,Constanta,كونستانتسا,,,
KUO,Kuopio,كوبيو,,,
LYB,Little Cayman,كايمان الصغرى,,,
OGG,Kahului,كاهولو,,,
CAN,Guangzhou,قوانغتشو,,,
GSM,Gheshm,قشم,,,
FAI,Fairbanks,فيربانكس,,,
TBN,Fort Leonard Wood,فورت ليونارد وود,,,
GHA,Ghardaia,غرداية,,,
AAQ,Anapa,عنابة,,,
CID,Cedar Rapids,سيدار رابيدز,,,
SIN,Singapore,سنغافورة,,,
GEG,Spokane,سبوكان,,,
SEB,Sebha,سبها,,,
LUQ,San Luis,سان لويس,,,
SNC,Salinas,ساليناس,,,
HSG,Saga,ساغا,,,
RMA,Roma,روما,,,
DYU,Dushanbe,دوشانبي,,,
DUB,Dublin,دبلن,,,
KHS,Khasab,خصب,,,
HOI,Hao island,جزيرة هاو,,,
ADZ,San Andres Island,جزيرة سان اندريس,,,
TIU,Timaru,تيمارو,,,
CSY,Cheboksary,تشيبوكساري,,,
CHG,Chaoyang,تشاويانغ,,,
TUK,Turbat,تربت,,,
TAC,Tacloban,تاكلوبان,,,
PEN,Penang,بينانغ,,,
BEY,Beirut,بيروت,,,
PMY,Puerto Madryn,بويرتو مادرين,,,
PSE,Ponce,بونس,,,
BUH,Bucharest,بوخارست,,,
PXU,Pleiku,بليكو,,,
BAS,Ballalae,بالالاي,,,
BTH,Batam,باتام,,,
OSD,Ostersund,أوسترسوند,,,
TNR,Antananarivo,أنتاناناريفو,,,
AXU,Axum,أكسوم,,,
IDR,Indore,إندور,,,
ELQ,Gassim,القصيم,,,
ELP,El Paso,الباسو,,,
BRA,Barreiras,,,,
LTQ,Le Tourquet,,,,
BKC,Buckland,,,,
BYO,Bointo,,,,
WBM,Wapenamanda,,,,
YWB,Kangiqsujuaq,,,,
NDR,El Aroui,,,,
EGX,Egegik,,,,
JUV,Upernavik,,,,
KTD,Kitadaito,,,,
NGQ,Shiquanhe,,,,
KEP,Nepalgunj,,,,
NOV,Huambo,,,,
PNP,Girua,,,,
DNZ,Denizli,,,,
OBN,North Connel,,,,
OHO,Okhotsk,,,,
KGK,Koliganek,,,,
MDK,Mbandaka,,,,
HUE,Humera,,,,
YTM,Mont-Tremblant,,,,
KMY,Moser Bay,,,,
PEZ,Penza,,,,
POI,Potosi,,,,
PIN,Parintins,,,,
PLJ,Placencia,,,,
MJC,Man,,,,
PUK,Pukarua,,,,
ZTM,Shamattawa,,,,
FMI,Kalemie,,,,
SHX,Shageluk,,,,
UNK,Unalakleet,,,,
GCW,Grand Canyon West,,,,
ZEL,Bella Bella,,,,
RNA,Ulawa,,,,
IGA,Inagua,إناغوا,,,
HYL,Hollis,,,,
MBD,Mafeking,,,,
EOI,Eday,,,,
OBU,Kobuk,,,,
AQI,Hafr Al Batin,حفر الباطن,,,
HPB,Hooper Bay,هوبر باي,,,
MTJ,Montrose,مونتروز,,,
NUE,Nerg,نيرغ,,,
OGX,Ouargla,ورقلة,,,
GOV,Gove,غوف,,,
YWK,Wabush,وابوش,,,
HKK,Hokitika,هوكيتيكا,,,
HBA,Hobart,هوبارت,,,
NYC,New York,نيويورك,,,
NVK,Narvik,نارفيك,,,
NPE,Napier,نابيير,,,
MYR,Myrtle Beach,ميرتل بيتش,,,
MJV,Murcia,مورسيا,,,
MAZ,Mayaguez,ماياجويز,,,
IXE,Mangalore,مانجالور,,,
MAO,Manaus,ماناوس,,,
MLE,Male,ماليه,,,
MKY,Mackay,ماكاي,,,
MYJ,Matsuyama,ماتسوياما,,,
LEA,Learmonth,ليرمونث,,,
LON,London,لندن,,,
YLW,Kelowna,كيلونا,,,
KYP,Kyaukpyu,كياكبيو,,,
CCP,Concepcion,كونسيبسيون,,,
HGO,Korhogo,كورهوغو,,,
CCU,Kolkata,كلكتا,,,
KSU,Kristiansund,كريستيانساند,,,
KLV,Karlovy vary,كارلوفي فاري,,,
FUN,Funafuti Atol,فونافوتي أتول,,,
FLL,Fort Lauderdale,فورت لودرديل,,,
GCI,Guernsey,غيرنسي,,,
GOU,Garoua,غاروا,,,
TIP,Tripoli,طرابلس,,,
CHO,Charlottesville,شارلوتسفيل,,,
SGY,Skagway,سكاغواي,,,
SUG,Sangley Point,سانغلي بوينت,,,
SBA,Santa Barbara,سانتا باربارا,,,
ROK,Rockhampton,روكهامبتون,,,
DGO,Durango,دورانجو,,,
DAB,Daytona Beach,دايتونا بيتش,,,
HAS,Hail,حائل,,,
GIS,Gisborne,جيسبورن,,,
JKG,Jonkoping,جونكوبينغ,,,
FTA,Futuna Island,جزيرة فوتونا,,,
CEK,Chelyabinsk,تشيليابنسك,,,
TXK,Texarkana,تإكسركنا,,,
PNS,Pensacola,بينساكولا,,,
PNQ,Pune,بوني,,,
BGA,Bucaramanga,بوكارامانغا,,,
YHP,Poplar Hill,بوبلار هيل,,,
BIS,Bismarck,بسمارك,,,
BHX,Birmingham,برمنغهام,,,
YBR,Brandon,براندون,,,
PNA,Pamplona,بامبلونا,,,
AUR,Aurillac,أوريلاك,,,
OMD,Oranjemund,أورجنمند,,,
ITH,Ithaca,إيثاكا,,,
ILY,Islay,إسلاي,,,
VIL,Dakhla,الداخلة,,,
EGN,Geneina,الجنينة,,,
OIR,Okushiri,,,,
BFX,Bafoussam,,,,
KUK,Kasigluk,,,,
BYK,Bouake,,,,
DOU,Dourados,,,,
NDU,Rundu,,,,
SMK,St. Michael,,,,
STG,St. George,,,,
AGM,Angmagssalik,,,,
BJT,Bentota,,,,
,Lublin,,,,
NME,Nightmute,,,,
PSJ,Poso,,,,
PRY,Pretoria,,,,
LIO,Limon,,,,
FKS,Fukushima,,,,
DSE,Dessie,,,,
MHG,Mannheim,,,,
LTT,La Môle,,,,
LIX,Likoma Island,,,,
KHE,Kherson,,,,
YAB,Arctic Bay,,,,
CHR,Chateauroux,,,,
SKX,Saransk,,,,
XQU,Qualicum Beach,,,,
BPE,Bagan,,,,
GNU,Goodnews Bay,,,,
GYL,Argyle,,,,
MPP,Mulatupo,,,,
SDZ,Scatsta,,,,
VGZ,Villa Garzon,,,,
ILP,lle des Pins,,,,
GFN,Grafton,,,,
GNS,Gunung Sitoli,,,,
HID,Horn Island,هورن آيلاند,,,
EBU,St Etienne,سانت ايتيين,,,
SHD,Staunton,ستونتون,,,
HAR,Harrisburg,هاريسبورغ,,,
NCU,Nukus,نوكوس,,,
NGS,Nagasaki,ناغازاكي,,,
MOT,Minot,مينوت,,,
MYT,Myitkyina,ميتكيينا,,,
YQM,Moncton,مونكتون,,,
MCM,Monaco,موناكو,,,
MKM,Mukah,موكاه,,,
MMA,Malmo,مالمو,,,
MGF,Maringa,مارينجا,,,
MAR,Maracaibo,ماراكايبو,,,
LWS,Lewiston,لويستون,,,
LUM,Luxi,لوكسي,,,
LUD,Luderitz,لودريتز,,,
LFT,Lafayette,لافاييت,,,
IRK,Kirksville,كيركسفيل,,,
CLL,College Station,كوليج ستيشن,,,
KBV,Krabi,كرابي,,,
YBL,Campbell River,كامبل ريفر,,,
KGI,Kalgoorlie,كالغورلي,,,
VLN,Valencia,فالنسيا,,,
BDQ,Vadodara,فادودارا,,,
GAM,Gambell,غامبيل,,,
SJW,Shijiazhuang,شيجياتشوانغ,,,
SIC,Sinop,سينوب,,,
ZYL,Sylhet Osmani,سيلهيت عثماني,,,
SGC,Surgut,سورجوت,,,
SNU,Santa Clara,سانتا كلارا,,,
SVD,St Vincent,سانت فنسنت,,,
HIN,Sacheon,ساتشيون,,,
ZAM,Zamboanga,زامبوانجا,,,
RCH,Riohacha,ريوهاتشا,,,
REC,Recife,ريسيفي,,,
RNB,Ronneby,رونيبي,,,
RDD,Redding,ردينغ,,,
DOM,Dominica,دومينيكا,,,
HVB,Hervey Bay,خليج هيرفي,,,
JNU,Juneau,جونو,,,
JRH,Jorhat,جورهات,,,
GVA,Geneva,جنيف,,,
FRE,Fera Island,جزيرة فيرا,,,
GIB,Gibraltar,جبل طارق,,,
MKL,Jackson,جاكسون,,,
TGJ,Tiga,تيجا,,,
TKS,Tokushima,توكوشيما,,,
TUP,Tupelo,توبيلو,,,
TDX,Trat,ترات,,,
PND,Punta Gorda,بونتا جوردا,,,
PCR,Puerto Carreno,بورتو كارينو,,,
TAT,Poprad,بوبراد,,,
BAV,Baotou,باوتو,,,
YXP,Pangnirtung,بانجنيرتونج,,,
BRW,Barrow,بارو,,,
PED,Pardubice,باردوبيتسه,,,
EJA,Barrancabermeja,بارانكابيرميا,,,
AXR,Arutua,آروتوا,,,
APW,Apia,آبيا,,,
OAG,Orange,أورانج,,,
ODS,Odessa,أوديسا,,,
UAH,Ua Huka,أوا هوكا,,,
AGR,Agra,أكرة,,,
ABA,Abakan,أباكان,,,
ETH,Elat,إيلات,,,
IXU,Aurangabad,اورانجاباد,,,
JGD,Jiagedaqi District,,,,
MLL,Marshall,,,,
GDZ,Gelendzik,,,,
SLQ,Sleetmute,,,,
HDG,Handan,,,,
KID,Kristianstad,,,,
KRW,Krasnovodsk,,,,
HOV,Orsta-Volda,,,,
NLG,Nelson Lagoon,,,,
CIY,Comiso,,,,
IRI,Iringa,,,,
OLF,Wolf Point,,,,
KLN,Larsen Bay,,,,
LIW,Loikaw,,,,
KAE,Kake,,,,
HKB,Healy,,,,
OLZ,Olpoi,,,,
THQ,Tianshui,,,,
LPY,Le Puy,,,,
MRE,Masai Mara,,,,
BTK,Bratsk,,,,
KNG,Kaimana,,,,
KEK,Ekwok,,,,
SLI,Solwesi,,,,
GKK,Kooddoo,,,,
ALZ,Lazy Bay,,,,
KWM,Kowanyama,,,,
NJF,Najaf,,,,
PPW,Papa Westray,,,,
HZG,Hanzhong,,,,
CSK,Cap Skiring,,,,
CXB,Coxs Bazar,كوكس بازار,,,
FRD,Friday harbor,فرايدي هاربور,,,
HHH,Hilton Head,هيلتون هيد,,,
MQT,Marquette,ماركويت,,,
MFE,Mc Allen Mission,ماكالين ميسيون,,,
TAY,Tartu Ulenurme,تارتو يولينيرم,,,
VEL,Vernal,فيرنال,,,
HLD,Hailar,هايلار,,,
AIA,Alliance,تحالف,,,
HAV,Havana,هافانا,,,
NOU,Noumea,نوميا,,,
NAS,Nassau,ناسو,,,
MLU,Monroe,مونرو,,,
MCT,Muscat,مسقط,,,
CRK,Angeles City,مدينة انجليس,,,
MCZ,Maceio,ماسيو,,,
MVR,Maroua,ماروا,,,
LJU,Ljubljana,ليوبليانا,,,
LAN,Lansing,لانسينغ,,,
LRM,La Romana,لا رومانا,,,
CFU,Corfu,كورفو,,,
CMW,Camaguey,كماغوي,,,
CEC,Crescent City,كريسنت سيتي,,,
KUN,Kaunas,كاوناس,,,
KAN,Kano,كانو,,,
XKH,Phon Savan,فون سافان,,,
MEE,Mare,فرماري,,,
TAS,Tashkent,طشقند,,,
AGT,Ciudad Del Este,سيوداد ديل استي,,,
ZAZ,Zaragoza,سرقسطة,,,
EAE,Sangafa,سانغافا,,,
YXE,Saskatoon,ساسكاتون,,,
RBR,Rio Branco,ريو برانكو,,,
DBQ,Dubuque,دوبوك,,,
DUD,Dunedin,دنيدن,,,
DAY,Dayton,دايتون,,,
JAL,Jalapa,خالابا,,,
TNA,Jinan,جينان,,,
GIZ,Gizan,جيزان,,,
GTO,Gorontalo,جورونتالو,,,
GOA,Genoa,جنوة,,,
RNL,Rennell Island,جزيرة رينيل,,,
XAP,Chapeco,تشابيكو,,,
TRU,Trujillo,تروخيو,,,
TJQ,Tanjung Pandan,تانجونج باندان,,,
TLJ,Tatalina,تاتالينا,,,
TAP,Tapachula,تاباتشولا,,,
OGZ,Beslan,بيسلان,,,
XBJ,Birjand,بيرجند,,,
PGA,Page,بيدج,,,
PDP,Punta Del Este,بونتا ديل استي,,,
BFV,Buri Ram,بوري رام,,,
YZT,Port hardy,بورت هاردي,,,
BEN,Benghazi,بنغازي,,,
IXG,Belgaum,بلجاوم,,,
PBG,Plattsburgh,بلاتسبرغ,,,
BME,Broome,بروم,,,
BTJ,Banda Aceh,باندا آتشيه,,,
PMO,Palermo,باليرمو,,,
BCM,Bacau,باكاو,,,
PAH,Paducah,بادوكاه,,,
OMA,Omaha,أوماها,,,
OSL,Oslo,أوسلو,,,
OZC,Ozamis,أوزاميس,,,
YOW,Ottawa,أوتاوا,,,
ACC,Accra,أكرا,,,
SCO,Aktau,أكتاو,,,
AGA,Agadir,أكادير,,,
ATD,Atoifi,اتويفي,,,
RTW,Saratov,,,,
KZB,Zachar Bay,,,,
RVK,Rørvik,,,,
RGK,Gorno-Altaysk,,,,
WNH,Wenshan,,,,
HHQ,Prachuap Khiri Khan,,,,
PWE,Pevek,,,,
ABL,Ambler,,,,
SIR,Sion,,,,
LUW,Luwuk,,,,
EDO,Balikesir Korfez,,,,
BAL,Batman,,,,
AOS,Amook Bay,,,,
FUT,Futuna Island,,,,
VAN,Van,,,,
SSJ,Sandnessjoen,,,,
SRI,Samarinda,,,,
BTI,Barter Island,,,,
BWE,Braunschweig,,,,
UTO,Indian Mountains,,,,
NQU,Nuqu¡,,,,
,,,,,
EAP,Mulhouse,,,,
AJI,Agri,,,,
SYB,Seal Bay,,,,
YAZ,Tofino,,,,
PMK,Palm Island,,,,
KLF,Kaluga,,,,
KKB,Kitoi Bay,,,,
ZKG,Kegaska,,,,
COD,Cody Yellowstone,كودي يلوستون,,,
MNG,Maningrida,مانينغريدا,,,
MCE,Merced,ميرسيد,,,
TBU,Nuku Alofa,نوكو ألوفا,,,
YAY,St Anthony,سانت أنتوني,,,
EGE,Vail Eagle,فيل إيغل,,,
GWT,Westerland,ويسترلاند,,,
HOU,Houston,هيوستن,,,
HAN,Hanoi,هانوي,,,
HVR,Havre,هافر,,,
TMU,Nicoya,نيكويا,,,
NNY,Nanyang,نانيانغ,,,
WNP,Naga,ناغا,,,
NNT,Nan,نادي,,,
YGJ,Miho,ميهو,,,
MDG,Mudanjiang,مودانجيانغ,,,
MQP,Mpumalanga,مبومالانجا,,,
GDX,Magadan,ماجادان,,,
LVI,Livingstone,ليفينغستون,,,
LOK,Lodwar,لودوار,,,
TRI,Blountville,لاونت فيلي,,,
KIT,Kithira,كيثيرا,,,
VCS,Conson,كونسون,,,
CZM,Cozumel,كوزوميل,,,
OTZ,Kotzebue,كوتزيبيو,,,
KSH,Kermanshah,كرمنشاه,,,
KDM,Kaadedhdhoo,كاديدهو,,,
FEG,Fergana,فرغانة,,,
VLS,Valesdir,فالسدر,,,
GYE,Guayaquil,غواياكيل,,,
GDL,Guadalajara,غوادالاخارا,,,
SZX,Shenzhen,شنتشن,,,
SHW,Sharurah,شرورة,,,
CME,Ciudad Del Carmen,سيوداد ديل كارمن,,,
SOQ,Sorong,سورونغ,,,
YSK,Sanikiluaq,سانيكلواك,,,
SCQ,Santiago,سانتياغو,,,
SAL,San Salvador,سان سلفادور,,,
ZNZ,Zanzibar,زنجبار,,,
ZRJ,Round Lake,راوند ليك,,,
RDU,Raleigh,رالي,,,
DIR,Dire Dawa,دير داوا,,,
CFN,Dongloe,دنقلا ؟؟؟؟؟؟؟؟؟؟؟؟؟؟؟,,,
DXB,Dubai,دبي,,,
DHM,Dharamsala,دارام سالا,,,
SSR,Pentecost Island,جزيرة بينتيكوست,,,
TLE,Toliara,توليارا,,,
TUB,Tubuai,توبواي,,,
CKG,Chongqing,تشونغتشينغ,,,
CSX,Changcha,تشانغشا,,,
CHS,Charleston,تشارلستون,,,
TUU,Tabuk,تبوك,,,
PSR,Pescara,بيسكارا,,,
BOI,Boise,بويز,,,
BVE,Brive,بريف,,,
BQT,Brest,بريست,,,
BGF,Bangui,بانغي,,,
BNS,Barinas,باريناس,,,
PDG,Padang,بادانج,,,
VDA,Ovda,أوفدا,,,
OSS,Osh,أوش,,,
ORB,Orebro,أوريبرو,,,
OBO,Obihiro,أوبيهيرو,,,
EAU,Eau Claire,أو كلير,,,
ASJ,Amami,أمامي,,,
AAL,Aalborg,ألبورغ,,,
ACA,Acapulco,أكابولكو,,,
AGF,Agen,أجان,,,
MTV,Ablow,أبلو,,,
WAG,Wanganui,انجانوي,,,
RVE,Saravena,,,,
CXJ,Caxias Do Sul,,,,
NZH,Manzhouli,,,,
TBH,Romblon,,,,
CUK,Caye Caulker,,,,
KVK,Apatity,,,,
TGT,Tanga,,,,
KDZ,Kandy,,,,
KMS,Kumasi,,,,
NYT,NAYPYITAW,,,,
SBG,Sabang,,,,
BFQ,Bahia Pi¤a,,,,
HTY,Hatay,,,,
GAF,Gafsa,,,,
UKX,Ust-Kut,,,,
ULX,Ulusaba,,,,
LSH,Lashio,,,,
ULG,Olgii,,,,
BOC,Bocas Del Toro,,,,
AAX,Araxa,,,,
MJU,Mamuju,,,,
RMT,Rimatara,,,,
LUP,Molokai,,,,
SEU,Seronera,,,,
URY,Guriat,القريات,,,
TIF,Taif,الطائف,,,
NBX,Nabire,,,,
SWQ,Sumbawa Island,,,,
ATC,Arthurs Town,آرثرز تاون,,,
HGR,Hagerstown,هاغرستوون,,,
MJM,Mbuji Mayi,مبوجي مايي,,,
ETZ,Metz Nancy,ميتز نانسي,,,
PGH,Pantnagar,بانتينجر,,,
STL,St Louis,سانت لويس,,,
HNS,Haines,هينز,,,
AGX,Agatti,أجاتي,,,
HOB,Hobbs,هوبس,,,
NCL,Newcastle,نيوكاسل,,,
KHN,Nanchang,نانتشانغ,,,
NAW,Narathiwat,ناراثيوات,,,
MPL,Montpellier,مونبلييه,,,
MYW,Mtwara,متوارا,,,
MAN,Manchester,مانشستر,,,
MEC,Manta,مانتا,,,
MVT,Mataiva,ماتيافا,,,
LIT,Little Rock,ليتل روك,,,
LIR,Liberia,ليبيريا,,,
LIS,Lisbon,لشبونة,,,
LBS,Lambasa,لامباس,,,
LZC,Lazaro Cardenas,لازارو كارديناس,,,
KKN,Kirkenes,كيركينيس,,,
UIB,Quibdo,كويبدو,,,
CLQ,Colima,كوليما,,,
CNQ,Corrientes,كوريينتس,,,
ROR,Koror,كورور,,,
YGW,Kuujjuarapik,كوجوارابيك,,,
YXC,Cranbrook,كرانبروك,,,
CFR,Caen,كاين,,,
KAL,Kaltag,كالتاغ,,,
KYA,Konya,قونية,,,
KDH,Kandahar,قندهار,,,
FLN,Florianopolis,فلوريانوبوليس,,,
FAY,Fayetteville,فايتفيل,,,
EBB,Entebbe,عنتيبي,,,
CJL,Chitral,شيترال,,,
SUX,Sioux City,سيوكس سيتي,,,
SYM,Simao,سيماو,,,
SPU,Split,سبليت,,,
SCL,Santiago,سانتياغو,,,
ZAD,Zadar,زادار,,,
YRG,Rigolet,ريغوليت,,,
ROI,Roi Et,روي إت,,,
RUR,Rurutu,روروتو,,,
DLH,Duluth,دولوث,,,
DLE,Dole,دول,,,
ULB,Ambryn Island,جزيرة امبرين,,,
IXJ,Jammu,جامو,,,
JJN,Quanzhou,تشوانتشو,,,
TPE,Taipei,تايبيه,,,
TIZ,Tari,تاري,,,
BRS,Bristol,بريستول,,,
WNN,Wunnumin Lake,بحيرة وانو مين,,,
JEG,Aasiaat,آسيات,,,
OUL,Oulu,أولو,,,
UVE,Ouvea,أوفيا,,,
UCT,Ukhta,أوختا,,,
ATQ,Amritsar,أمريتسار,,,
AGU,Aguascalientes,أغواسكاليينتس,,,
ENU,Enugu,إينوغو,,,
INN,Innsbruck,إنسبروك,,,
NWA,Moheli,,,,
VIG,El Vig¡a,,,,
KWK,Kwigillingok,,,,
CFB,Cabo Frio,,,,
LSZ,Mali Losinj,,,,
JXA,Jixi,,,,
NFO,Angaha,,,,
UKA,Ukunda,,,,
CMG,Corumba,,,,
OPS,Sinop,,,,
CAB,Cabinda,,,,
HJJ,Zhijiang,,,,
MMO,Maio,,,,
OBY,Ittoqqortoormiit,,,,
KOZ,Ouzinkie,,,,
ISC,St. Mary's,,,,
NTN,Normanton,,,,
OSN,Osan,,,,
OHE,Mohe County,,,,
SGO,St George,,,,
YGH,Fort Good Hope,,,,
YZY,Mackenzie British Columbia,,,,
QFI,Iginniarfik,,,,
CEE,Cherepovets,,,,
BKY,Bukavu-kavumu,,,,
ILR,Ilorin,إلورين,,,
LOO,Laghouat,الأغواط,,,
HAC,Hachijojima,,,,
IWA,Ivanovo,,,,
FLS,Flinders Island,جزيرة فلندرز,,,
MUH,Mersa Matruh,مرسى مطروح,,,
SMA,Santa Maria Island,سانتا ماريا آيلاند,,,
KSM,St Marys,سانت ماريز,,,
INC,Yinchuan,ينشوان,,,
HOF,Al Ahsa,الأحساء,,,
LAQ,Al Bayda,البيضاء,,,
WUS,Wuyishan,ووييشان,,,
WAS,Washington,واشنطن,,,
HNM,Hana,هانا,,,
NQY,Newquay,نيوكواي,,,
NYM,Nadym,ناديم,,,
NAJ,Nakhchivan,ناخيتشيفان,,,
MVP,Mitu,ميتو,,,
LGG,Liege,لييج,,,
LZH,Liuzhou,ليوتشو,,,
LFW,Lome,لومي,,,
LBB,Lubbock,لوبوك,,,
YQK,Kenora,كينورا,,,
UIP,Quimper,كيمبيه,,,
CPT,Cape Town,كيب تاون,,,
KSC,Kosice,كوسيتش,,,
KGS,Kos,كوس,,,
CYZ,Cauayan,كوايان,,,
KME,Kamembe,كاميمبي,,,
VNX,Vilankulu,فيلانكولو,,,
HKT,Phuket,فوكيت,,,
FDF,Fort De France,فور دو فرانس,,,
YYR,Goose Bay,غوز باي,,,
GJA,Guanaja,غواناجا,,,
SOF,Sofia,صوفيا,,,
CGP,Chittagong,شيتاغونغ,,,
JSI,Skiathos,سكياثوس,,,
RAR,Rarotonga,راروتونجا,,,
JKH,Chios,خيوس,,,
RCB,Richards Bay,خليج ريتشاردز,,,
JIM,Jimma,جيما,,,
GJL,Jijel,جيجل,,,
JGS,Ji An,جي إن,,,
IPC,Easter Island,جزيرة الفصح,,,
YTS,Timmins,تيمينز,,,
TGU,Tegucigalpa,تيغوسيغالبا,,,
IQN,Qingyang,تشينغيانغ,,,
ZUH,Zhuhai,تشوهاي جينوان,,,
NSB,Bimini,بيميني,,,
PET,Pelotas,بيلوتاس,,,
POP,Puerto Plata,بويرتو بلاتا,,,
BOS,Boston,بوسطن,,,
PLO,Port Lincoln,بورت لينكولن,,,
BWK,Brac,براك,,,
UBA,Uberaba,برابا,,,
PMR,Palmerston North,بالمرستون نورث,,,
YBG,Bagotville,باغوتفيل,,,
OHD,Ohrid,أوهريد,,,
OSR,Ostrava,أوسترافا,,,
AMD,Ahmedabad,أحمد آباد,,,
IVL,Ivalo,إيفالو,,,
YOC,Old Crow,,,,
THD,Thanh Hoa,,,,
KDL,Kardla,,,,
ZTA,Tureia,,,,
YLE,Whatì,,,,
ACX,Xingyi,,,,
OLH,Old Harbor,,,,
LLF,Yongzhou,,,,
MAS,Momote,,,,
DHI,Dhangarhi,,,,
GZP,Alanya,,,,
RCE,Roche Harbor,,,,
DOD,Dodoma,,,,
KAW,Kawthoung,,,,
SNE,Sao Nocolau Island,,,,
NTB,Notodden,,,,
BSD,Baoshan,,,,
KTR,Katherine,,,,
WLS,Wallis,,,,
IJK,Izhevsk,,,,
TRR,Trinciomalee,,,,
SQG,Sintang-Borneo Island,,,,
KPN,Kipnuk,,,,
KHM,Khamti,,,,
CFG,Cienfuegos,,,,
PAV,Paulo Alfonso,,,,
ROO,Rondonopolis,,,,
SIF,Simara,,,,
KWT,Kwethluk,,,,
IAA,Igarka,,,,
RVD,Rio Verde,,,,
SFL,Sao Filipe,,,,
SHO,Sokch'o,,,,
WWT,Newtok,,,,
SPD,Saidpur,,,,
KKH,Kongiganak,,,,
ULO,Ulaangom,,,,
DVL,Devils Lake,,,,
JJU,Qaqortoq,,,,
CEG,Hawarden,,,,
NHA,Nhatrang,,,,
RUA,Arua,أروا,,,
KRT,Khartoum,الخرطوم,,,
GNA,Hrodna,,,,
ENF,Enontekio,,,,
DIK,Dickinson,ديكنسون,,,
DUR,Durban,ديربان,,,
GLT,Gladstone,غلادستون,,,
KUU,Kullu Manali,كولو منالي,,,
NAC,Naracoorte,ناراركورت,,,
YVO,Val Dor,فالدور,,,
ABE,Allentown Bethlehem Easton,ألينتاون/ بيت لحم / ايستون,,,
PKC,Petropavlovsk Kamchats,بيتروبافلوفسك كامتشاتسكي,,,
HIJ,Hiroshima,هيروشيما,,,
HSV,Huntsville,هانتسفيل,,,
HKD,Hakodate,هاكوداته,,,
MLO,Milos,ميلوس,,,
MJT,Mytilene,ميتيليني,,,
MRU,Mauritius,موريشيوس,,,
YNB,Mudanjiang,مودانجيانغ,,,
CNY,Moab,موآب,,,
LEN,Leon,ليون,,,
LKN,Leknes,ليكنيز,,,
LNE,Lonorore,لونوروري,,,
LHE,Lahore,لاهور,,,
YLH,Lansdowne House,لانسداون هاوس,,,
LBE,Latrobe,لاتروب,,,
KYZ,Kyzyl,كيزيل,,,
CXI,Kiritimati,كيريتيماس,,,
CWB,Curitiba,كوريتيبا,,,
TGG,Kuala Terengganu,كوالا تيرينجانو,,,
YQC,Quaqtaq,كواكتاك,,,
KRK,Krakow,كراكوف,,,
CAL,Campbeltown,كامبيلتاون,,,
CLO,Cali,كالي,,,
YYC,Calgary,كالجاري,,,
YFH,Fort Hope,فورت هوب,,,
YXJ,Fort st john,فورت سانت جون,,,
FEZ,Fez,فاس,,,
GLH,Greenville,غرينفيل,,,
GRZ,Graz,غراتس,,,
XNN,Xining,شينينغ,,,
IAG,Niagara Falls,شلالات نياجرا,,,
SVC,Silver City,سيلفر سيتي,,,
SJJ,Sarajevo,سراييفو,,,
YYT,St Johns,سانت جونز,,,
SAP,San Pedro Sula,سان بيدرو سولا,,,
SVU,Savusavu,سافوسافو,,,
REK,Reykjavik,ريكيافيك,,,
ROW,Roswell,روزويل,,,
DSN,Dongsheng,دونغ شنغ,,,
DDC,Dodge City,دودج سيتي,,,
KKC,Khon Kaen,خون كاين,,,
GRO,Gerona,جيرونا,,,
JOS,Jos,جوس,,,
GKA,Goroka,جوروكا,,,
JGA,Jamnagar,جامناجار,,,
TOF,Tomsk,تومسك,,,
CUU,Chihuahua,تشيهواهوا,,,
CIH,Changzhi,تشانغ تشى,,,
TMP,Tampere,تامبيري,,,
TCQ,Tacna,تاكنا,,,
YYF,Penticton,بينتيكتون,,,
PVH,Porto velho,بورتو فيلهو,,,
PHO,Port Moller,بورت مولر,,,
BXU,Butuan,بوتوان,,,
BBI,Bhubaneswar,بوبانسوار,,,
BWA,Bhairawa,بهايراهاوه,,,
BER,Berlin,برلين,,,
YBK,Baker Lake,بحيرة بيكر,,,
BKK,Bangkok,بانكوك,,,
OSA,Osaka,أوساكا,,,
UAP,Ua Pou,أوا,,,
AES,Alesund,أليسوند,,,
IFN,Isfahan,أصفهان,,,
YXX,Abbotsford,أبوتسفورد,,,
JTC,Bauru,,,,
DRK,Puntarenas,,,,
TWA,Twin Hills,,,,
IGD,Igdir,,,,
PPB,President Prudente,,,,
HXD,Hilton Head Island,,,,
EAA,Eagle,,,,
TNK,Tununak,,,,
HYG,Hydaburg,,,,
TEZ,Tezpur,,,,
LCX,Longyan,,,,
ULK,Lensk,,,,
SXP,Nunam Iqua,,,,
MKZ,Malacca,,,,
TCT,Takotna,,,,
RBQ,Rerrenabaque,,,,
ZLT,La TabatiŠre,,,,
UMS,Ust-Maya,,,,
CSA,Colonsay,,,,
PJA,Pajala,,,,
AUW,Wausau,,,,
TAZ,Dasoguz,,,,
XTG,Thargomindah,,,,
VHC,Saurimo,,,,
XSB,Sir Bani Yas Island,,,,
EMK,Emmonak,,,,
YGO,Gods Lake Narrows,,,,
GER,Nueva Gerona,,,,
BVH,Vilhena,,,,
AKB,Atka,,,,
KCM,Kahramanmaras,,,,
GUW,Atyrau,أتيراو,,,
ABZ,Aberdeen,أبردين,,,
IKS,Tiksi,,,,
LGQ,Lago Agrio,,,,
MMU,Morristown,,,,
KEW,Keewaywin,,,,
ITO,Hilo,هيلو,,,
CED,Ceduna,سيدونا,,,
YUX,Hall Beach,هول بيتش,,,
HRB,Harbin,هاربين,,,
TNO,Nicoya,نيكويا,,,
NLD,Nuevo Laredo,نويفو لاريدو,,,
NNG,Nanning,ناننينغ,,,
LAE,Nadzab,نادزاب,,,
MXH,Moro,مورو,,,
MEM,Memphis,ممفيس,,,
HGN,Mae Hong Son,ماى هونغ سون,,,
MZL,Manizales,مانيزاليس,,,
MLA,Malta,مالطا,,,
MKP,Makemo,ماكيمو,,,
MUN,Maturin,ماتورين,,,
MAM,Matamoros,ماتاموروس,,,
LXS,Limnos,ليمنوس,,,
ILO,Iloilo,لويلو,,,
LDB,Londrina,لوندرينا,,,
YQZ,Quesnel,كويسنيل,,,
CBB,Cochabamba,كوتشابامبا,,,
KER,Kerman,كرمان,,,
ZKE,Kashechewan,كاشيتشيوان,,,
LYP,Faisalabad,فیصل آباد,,,
VBY,Visby,فيسبي,,,
YQX,Gander,غاندر,,,
GAL,Galena,غالينا,,,
SCE,State College,ستيت كوليج,,,
SAO,Sao Paulo,ساو باولو,,,
SGU,Saint George,سانت جورج,,,
SAT,San Antonio,سان أنطونيو,,,
IXR,Ranchi,رانشي,,,
DNR,Dinard,دينارد,,,
DVO,Davao,دافاو,,,
LBD,Khudzhand,خجند,,,
JZH,Jiuzhaigou,جيوزايكو,,,
JSY,Syros Island,جزيرة سيروس,,,
TIA,Tirana,تيرانا,,,
TUN,Tunis,تونس,,,
VAK,Chevak,تشيفاك,,,
NDG,Qiqihar,تشيتشيهار,,,
TOS,Tromso,ترومسو,,,
TST,Trang,ترانج,,,
MAQ,Tak,تاك,,,
PKU,Pekanbaru,بيكانبارو,,,
BET,Bethel,بيثيل,,,
BOG,Bogota,بوغوتا,,,
POZ,Poznan,بوزنان,,,
BPS,Porto Seguro,بورتو سيغورو,,,
BEG,Belgrade,بلغراد,,,
BRE,Bremen,بريمن,,,
PRN,Pristina,بريشتينا,,,
PLS,Providenciales,بروفيدنسياليس,,,
BTV,Burlington,برلنغتون,,,
YCK,Colville Lake,بحيرة كولفيل,,,
BJR,Bahar Dar,بحر دار,,,
UTP,Pattaya,باتايا,,,
OER,Ornskoldsvik,أورنسكولدسفيك,,,
ARI,Arica,أريكا,,,
PUG,Argyle,أرجيل,,,
IAS,Iasi,إياسي,,,
ALG,Algiers,الجزائر,,,
WUA,Wuhai,,,,
TKE,Tenakee Springs,,,,
ODE,Odense,,,,
IWJ,Iwami,,,,
RMQ,Taichung,,,,
VAW,Vardø,,,,
URE,Kuressaare,,,,
KRB,Karumba,,,,
GIU,Sigiriya,,,,
TME,Tame,,,,
TEN,Tongren,,,,
BHR,Bharatpur,,,,
BAK,Baku,,,,
HVD,Khovd,,,,
TDG,Tandag,,,,
OGL,Georgetown,,,,
ONQ,Zonguldak,,,,
YGB,Texada,,,,
NBE,Enfidha,,,,
CAZ,Cobar,,,,
SRV,Stony River,,,,
MYU,Mekoryuk,,,,
KWP,West Point,,,,
MQN,Mo i Rana,,,,
CKZ,Canakkale,,,,
YBV,Berens River,,,,
LRV,Los Roques,,,,
TMT,Oriximina,,,,
RNJ,Yoron,,,,
SOJ,Sorkjosen,,,,
CMA,Cunnamulla,,,,
KUM,Yakushima,,,,
EUA,Eua Island,,,,
XTL,Tadoule Lake,,,,
NBS,Baishan,,,,
DHB,Deer Harbor,,,,
YEV,Inuvik,إنوفيك,,,
ERI,Erie,إري,,,
HRG,Hurghada,الغردقة,,,
UMD,Uummannaq,,,,
TNC,Tin City,,,,
BXB,Babo,,,,
RAL,Riverside,,,,
CKS,Carajas,كراخاس,,,
HYS,Hays,هايز,,,
KEM,Kemi Tornio,كيمي تورنيو,,,
WRL,Worland,ورلاند,,,
BRD,Brainerd,برينرد,,,
HNL,Honolulu,هونولولو,,,
OME,Nome,نومي,,,
NTG,Nantong,نانتونغ,,,
NAN,Nadi,نادي,,,
MSO,Missoula,ميسولا,,,
MKQ,Merauke,ميروكي,,,
YYY,Mont Joli,مونت جولي,,,
MGW,Morgantown,مورغانتاون,,,
MDQ,Mar Del Plata,مار ديل بلاتا,,,
LOE,Loei,لويي,,,
LMM,Los Mochis,لوس موتشيس,,,
YGL,La Grande Riviere,لا غراندي ريفيير,,,
CLE,Cleveland,كليفلاند,,,
KAJ,Kajaani,كاياني,,,
CBG,Cambridge,كامبريدج,,,
CPR,Casper,كاسبر,,,
KOW,Ganzhou,قانتشو,,,
FOG,Foggia,فوجيا,,,
FRW,Francistown,فرانسيستوون,,,
VDZ,Valdez,فالديز,,,
VXO,Vaxjo,فاكسجو,,,
FAR,Fargo,فارجو,,,
GOT,Gothenburg,غوتنبرغ,,,
YQU,Grande prairie,غراندي بريري,,,
SFA,Sfax,صفاقس,,,
SYD,Sydney,سيدني,,,
SIT,Sitka,سيتكا,,,
YYD,Smithers,سميثرز,,,
SPI,Springfield,سبرينغفيلد,,,
SFO,San Francisco,سان فرانسيسكو,,,
ZVK,Savannakhet,سافاناخت,,,
ZAH,Zahedan,زاهدان,,,
RIX,Riga,ريغا,,,
ROA,Roanoke,رونوك,,,
RUT,Rutland,روتلاند,,,
DGT,Dumaguete,دومغت,,,
DND,Dundee,دندي,,,
DLM,Dalaman,دالامان,,,
DAT,Datong,داتونغ,,,
JOE,Joensuu,جونسو,,,
GOQ,Golmud,جلمود,,,
GBT,Gorgan,جرجان,,,
JAN,Jackson,جاكسون,,,
MME,Teesside,تيسايد,,,
TCO,Tumaco,توماكو,,,
TSJ,Tsushima,تسوشيما,,,
EGO,Belgorod,بيلغورود,,,
PLN,Pellston,بيلستون,,,
PEE,Perm,بيرم,,,
PUJ,Punta Cana,بونتا كانا,,,
TGD,Podgorica,بودجوريكا,,,
BHV,Bahawalpur,باهاوالبور,,,
PAR,Paris,باريس,,,
BDU,Bardufoss,باردوفوس,,,
AHO,Alghero,ألغيرو,,,
AVN,Avignon,أفينيون,,,
ASU,Asuncion,أسونسيون,,,
AJU,Aracaju,أراكاجو,,,
ABS,Abu Simbel,أبو سمبل,,,
AIT,Aitutaki,إيتوتاكي,,,
TTJ,Tottori,,,,
SYO,Shonai,,,,
YNE,Norway House,,,,
KXF,Koro Island,,,,
RCM,Richmond,,,,
DIW,Dickwella,,,,
MVL,Morrisville,,,,
FOA,Foula,,,,
PUE,Puerto Obaldia,,,,
YSO,Postville,,,,
CRZ,Turkmenabat,,,,
YWJ,Deline,,,,
KEH,Kenmore,,,,
RJH,Rajshahi,,,,
ORL,Orlando,,,,
ABM,Amberley,,,,
SSI,Brunswick,,,,
MYA,Moruya,,,,
QCU,Akunnaaq,,,,
LZY,Nyingchi,,,,
IXI,Lilabari,,,,
ULD,Ulundi,,,,
LPK,Lipetsk,,,,
MNC,Nacala,,,,
UST,St. Augustine Airport,,,,
DAV,David,,,,
WKJ,Wakkanai,,,,
AZR,Adrar,أدرار,,,
YPH,Inukjuak,إنوكجواك,,,
DMM,Dammam,الدمام,,,
MZO,Manzanillo,,,,
RMS,Ramstein,,,,
BST,Lashkar Gah,,,,
MSR,Mus,,,,
GAY,Gaya,جايا,,,
GDV,Glendive,غلينديف,,,
LRE,Longreach,لونغريتش,,,
VDE,Hierro,هييرو,,,
DPO,Devonport,دافنبورت,,,
HGA,Hargeisa,هرجيسا,,,
HFT,Hammerfest,هامرفست,,,
NVA,Neiva,نيفا,,,
YYB,North Bay,نورث باي,,,
NDB,Nouadhibou,نواذيبو,,,
NVT,Navegantes,نافيغانتس,,,
MYY,Miri,ميري,,,
BOM,Mumbai,مومباي,,,
LIG,Limoges,ليموج,,,
LDU,Lahad Datu,لاهاد داتو,,,
LHW,Lanzhou,لانتشو,,,
YGK,Kingston,كينغستون,,,
KNQ,Kone,كوني,,,
CGN,Cologne,كولونيا,,,
CMB,Colombo,كولومبو,,,
CVU,Corvo,كورفو,,,
YCO,Coppermine,كبرمين,,,
NAQ,Qaanaaq,كاناك,,,
FCA,Kalispell,كاليسبيل,,,
BBK,Kasane,كاسان,,,
CZL,Constantine,قسنطينة,,,
PQC,Phu Quoc,فو كوك,,,
VLD,Valdosta,فلدوستا,,,
ABD,Abadan,عبدان,,,
YKU,Chisasibi,شيزازيبي,,,
SHA,Shanghai,شنغهاي,,,
CVG,Cincinnati,سينسيناتي,,,
STV,Surat,سورات,,,
SKD,Samarkand,سمرقند,,,
SRZ,Santa Cruz,سانتا كروز,,,
SJI,San Jose,سان خوسيه,,,
SUR,Summer Beaver,سامر بيفر,,,
RMI,Rimini,ريميني,,,
RKD,Rockland,روكلاند,,,
DEA,Dera Ghazi Khan,ديرا غازي خان,,,
DRO,Durango,دورانجو,,,
TVY,Dawei,داوي,,,
GCC,Gillette,جيليت,,,
JST,Johnstown,جونستاون,,,
EBA,Elba Island,جزيرة إلبا,,,
SKG,Thessaloniki,ثيسالونيك,,,
TRN,Turin,تورين,,,
CZX,Changzhou,تشانغتشو,,,
ZHA,Zhanjiang,تشانجيانغ,,,
BEB,Benbecula,بينبيكولا,,,
BLQ,Bologna,بولونيا,,,
PUS,Busan,بوسان,,,
BKS,Bengkulu,بنجكولو,,,
PSG,Petersburg,بطرسبرغ,,,
PRG,Prague,براغ,,,
YPW,Powell River,باول ريفر,,,
PKZ,Pakse,باكس,,,
PAS,Paros,باروس,,,
YPJ,Aupaluk,أوبالوك,,,
AWD,Aniwa,أنيوا,,,
AXA,Anguilla,أنغيلا,,,
ALF,Alta,ألتا,,,
ATZ,Asyut,أسيوط,,,
ASW,Aswan,أسوان,,,
YGT,Igloolik,إغلوليك,,,
LEI,Almeria,الميريا,,,
CHU,Chuathbaluk,,,,
KKA,Koyuk,,,,
IPN,Ipatinga,,,,
MBX,Maribor,,,,
KND,Kindu,,,,
ZND,Zinder,,,,
AGN,Angoon,,,,
MLY,Manley Hot Springs,,,,
TBT,Tabatinga,,,,
ENI,El Nido,,,,
OTI,Morotai Island,,,,
YCR,Cross Lake,,,,
ATA,Anta,,,,
IRC,Circle,,,,
MIM,Merimbula,,,,
WRY,Westray,,,,
DCY,Daocheng,,,,
KPB,Point Baker,,,,
GMA,Gemena,,,,
SOW,Show Low,,,,
BCA,Baracoa Playa,,,,
DEE,Yuzhno-Kurilsk,,,,
VIF,Vieste,,,,
EEK,Eek,,,,
OLA,Orland,,,,
PRA,Parana,,,,
MWX,Muan,,,,
YRS,Red Sucker Lake,,,,
ESM,Esmeraldas,,,,
PTA,Port alsworth,,,,
VAV,Vava'u Island,,,,
BCI,Barcaldine,باركالدين,,,
YSG,Lutselke,لاتسيلك,,,
PVC,Provincetown,بروفينس تاون,,,
WJU,Wonju,ونجو,,,
AJF,Al Jawf,الجوف,,,
HOM,Homer,هومر,,,
DEL,New Delhi,نيودلهي,,,
NJC,Nizhnevartovsk,نيجنفارتوفسك,,,
YCY,Clyde River,نهر كلايد,,,
NAT,Natal,ناتال,,,
MOW,Moscow,موسكو,,,
SSG,Malabo,مالابو,,,
MCP,Macapa,ماكابا,,,
LMN,Limbang,ليمبانغ,,,
LIM,Lima,ليما,,,
YLL,Lloydminster,لويدمنستر,,,
LAX,Los Angeles,لوس انجليس,,,
RLG,Laage,لاج,,,
CGI,Cape Girardeau,كيب جيراردو,,,
KRL,Korla,كورلا,,,
KRR,Krasnodar,كراسنودار,,,
CBQ,Calabar,كالابار,,,
KRP,Karup,كاروب,,,
JHM,Kapalua,كابالوا,,,
KWL,Guilin,قويلين,,,
YFC,Fredericton,فريدريكتون,,,
YVR,Vancouver,فانكوفر,,,
ADE,Aden,عدن,,,
TNG,Tangier,طنجة,,,
CMF,Chambery,شامبيري,,,
VIJ,Spanish town,سبانيش تاون,,,
SAF,Santa Fe,سانتا في,,,
SMS,Sainte Marie,سانت ماري,,,
SLM,Salamanca,سالامانكا,,,
SUJ,Satu Mare,ساتو ماري,,,
YUY,Rouyn,روين,,,
RGI,Rangiroa,رانجيروا,,,
DUT,Dutch harbor,دوتش هاربر,,,
HYD,Hyderabad,حيدر أباد,,,
RTB,Roatan,جزيرة رواتان,,,
JED,Jeddah,جدة,,,
DJJ,Jayapura,جايابورا,,,
DJB,Jambi,جامبي,,,
TTE,Ternate,تيرنيت,,,
VCL,Chu Lai,تشو لاي,,,
YYQ,Churchill,تشرشل,,,
GUM,Tamning,تامنينغ,,,
PIX,Pico,بيكو,,,
OXB,Bissau,بيساو,,,
PUB,Pueblo,بويبلو,,,
PCL,Pucallpa,بوكالبا,,,
BBA,Balmaceda,بلماسيدا,,,
BQS,Blagoveschensk,بلاغوفيشتشينسك,,,
BNX,Banja Luka,بانيا لوكا,,,
BRI,Bari,باري,,,
USN,Ulsan,أولسان,,,
AYT,Antalya,أنطاليا,,,
ASP,Alice Springs,أليس سبرينغز,,,
ABQ,Albuquerque,ألباكركي,,,
ASO,Asosa,أسوسة,,,
YFB,Iqaluit,إكالويت,,,
AKF,Kufra,الكفرة,,,
RBA,Rabat,الرباط,,,
AEX,Alexandria,الإسكندرية,,,
AJY,Agadez,,,,
OGN,Yonaguni Jima,,,,
TLT,Tuluksak,,,,
CCF,Carcassonne,,,,
ISU,Sulaymaniyah,,,,
ELI,Elim,,,,
FAV,Fakarava,,,,
SIS,Sishen,,,,
JKL,Kalymnos,,,,
KSF,Kassel,,,,
ZFN,Tulita,,,,
ONS,Onslow,,,,
HRI,Mattala,,,,
VAG,Varginha,,,,
PCN,Picton,,,,
WGP,Waingapu,,,,
YST,St. Theresa Point,,,,
TDK,Taldykorgan,,,,
KLL,Levelock,,,,
SDN,Sandane,,,,
LNJ,Lincang,,,,
PMA,Pemba,,,,
LKY,Lake Manyara,,,,
NYA,Nyagan,,,,
RTG,Ruteng,,,,
BJS,Beijing,,,,
KUH,Kushiro,,,,
LAM,Los Alamos,,,,
NUP,Nunapitchuk,,,,
TFI,Tufi,,,,
BSC,Bahia Solano,,,,
SAC,Sacramento,,,,
TKN,Tokunoshima,,,,
FIE,Fair Isle,,,,
KIE,Kineshma,,,,
BUC,Burketown,,,,
ACU,Achutupo,,,,
MZH,Merzifon,,,,
MMD,Minami Daito,,,,
KCT,Koggala,,,,
MBS,Bay City Midland Saginaw,باي سيتي / ميدلاند / ساغيناو,,,
GUC,Gunnison,غنيسن,,,
MSP,Minneapolis St Paul,مينيابوليس سانت بول,,,
YZV,Sept Iles,سبت إيليس,,,
YNC,Wemindji,ويميندجي,,,
ASE,Aspen,آسبين,,,
YXY,Whitehorse,وايت هورس,,,
BMY,Waala,والا,,,
HTN,Hotan,هوتان,,,
HMI,Hami,هامي,,,
EAM,Nejran,نجران,,,
NTE,Nantes,نانت,,,
MAH,Menorca,مينوركا,,,
MSA,Muskrat Dam,موسكارت دام,,,
MGQ,Mogadishu,مقديشو,,,
MBT,Masbate,ماسبات,,,
RUS,Marau,ماراو,,,
LYA,Luoyang,لويانغ,,,
LCA,Larnaca,لارنكا,,,
CUM,Cumana,كومانا,,,
OOM,Cooma,كوما,,,
CUZ,Cuzco,كوزكو,,,
CUR,Curacao,كوراكاو,,,
CKB,Clarksburg,كلاركسبورغ,,,
KNU,Kanpur,كانبور,,,
XKS,Kasabonika,كاسا بونيكا,,,
KZN,Kazan,كازان,,,
FOR,Fortaleza,فورتاليزا,,,
YER,Fort Severn,فورت سيفرن,,,
FRS,Flores,فلوريس,,,
FAE,Vagar,فاجار,,,
XUZ,Xuzhou,شوتشو,,,
SIP,Simferopol,سيمفيروبول,,,
SFT,Skelleftea,سكيليفتيا,,,
SMR,Santa Marta,سانتا مارتا,,,
KUF,Samara,سامارا,,,
ROT,Rotorua,روتوروا,,,
WRG,Wrangell,رانجل,,,
DEB,Debrecen,ديبريسين,,,
DAC,Dhaka,داكا,,,
GIL,Gilgit,جيلجيت,,,
KSJ,Kasos Island,جزيرة كاسوس,,,
VQS,Vieques Island,جزيرة بيكيس,,,
JAI,Jaipur,جايبور,,,
FTU,Tolagnaro,تولاغنارو,,,
TAB,Tobago,توباغو,,,
CIX,Chiclayo,تشيكلايو,,,
HTA,Chita,تشيتا,,,
TEE,Tebessa,تبسة,,,
TJA,Tarija,تاريخا,,,
TGM,Tirgu Mures,تارجو موريس,,,
PEW,Peshawar,بيشاور,,,
PER,Perth,بيرث,,,
PNI,Pohnpei,بوهنباي,,,
PBU,Putao,بوتاو,,,
BNI,Benin,بنين,,,
BSB,Brasilia,برازيليا,,,
BHK,Bukhara,بخارى,,,
LKL,Banak,باناك,,,
PWQ,Pavlodar,بافلودار,,,
AUG,Augusta,أوغستا,,,
ANS,Andahuaylas,أندايواليس,,,
ADA,Adana,أضنة,,,
ATH,Athens,أثينا,,,
APK,Apataki,أباتاكي,,,
IKI,Iki,إيكي,,,
EVV,Evansville,ايفانسفيل,,,
AAN,Al Ain,العين,,,
MVB,Franceville,,,,
MII,Mar¡lia,,,,
TVS,Tangshan,,,,
GOM,Goma,,,,
YCL,Charlo,,,,
NUL,Nulato,,,,
EPL,Epinal,,,,
KSY,Kars,,,,
TIW,Tacoma,,,,
CLV,Caldas Novas,,,,
WBB,Stebbins,,,,
AEB,Baise,,,,
KTB,Thorne Bay,,,,
PAF,Pakuba,,,,
HZH,Liping,,,,
KGA,Kananga,,,,
PRH,Phrae,,,,
YOH,Oxford House,,,,
KPY,Port Bailey,,,,
MGB,Mount Gambier,,,,
NQT,Nottingham,,,,
FYU,Fort Yukon,,,,
AHE,Ahe,,,,
GYA,Guayaramer¡n,,,,
NUI,Nuiqsut,,,,
BZL,Barisal,,,,
CYF,Chefornak,,,,
JQE,Jaqué,,,,
OZH,Zaporozhye,,,,
UTT,Umtata,امتاتا,,,
IXD,Allahabad,الله أباد,,,
AHU,Al Hociema,الحسيمة,,,
BIN,Bamyan,,,,
LEC,Lençóis,,,,
BHQ,Broken Hill,,,,
BBO,Berbera,,,,
CJM,Chumphon,,,,
KOK,Kokkola Pietarsaari,كوكولا / بيتار ساري,,,
HET,Hohhot,هوهوت,,,
GSP,Greenville Greer,غرينفيل / غرير,,,
HKG,Hong Kong,هونغ كونغ,,,
HAK,Haikou,هايكو,,,
NPL,New Plymouth,نيو بلايموث,,,
NCE,Nice,نيس,,,
YCD,Nanaimo,نانايمو,,,
OSY,Namsos,نامسوس,,,
PIS,Poitiers,بواتييه,,,
MLM,Morelia,موريليا,,,
MUB,Maun,ماون,,,
MNL,Manila,مانيلا,,,
MYD,Malindi,ماليندي,,,
ZQN,Queenstown,كوينزتاون,,,
CUC,Cucuta,كوكوتا,,,
CPO,Copiapo,كوبيابو,,,
KLG,Kalskag,كالسكاغ,,,
GYS,Guangyuan,قوانغيوان,,,
FMY,Fort Myers,فورت مايرز,,,
VPS,Valparaiso,فالبارايسو,,,
VAR,Varna,فارنا,,,
GRV,Grozny,غروزني,,,
GRI,Grand Island,غراند آيلاند,,,
SHE,Shenyang,شنيانغ,,,
SUV,Suva,سوفا,,,
SDR,Santander,سانتاندر,,,
SKB,St Kitts,سانت كيتس,,,
SLW,Saltillo,سالتيلو,,,
ZRH,Zurich,زيورخ,,,
RAS,Rasht,رشت,,,
RZE,Rzeszow,رزيسزو,,,
DBO,Dubbo,دوبو,,,
DEN,Denver,دنفر,,,
DAX,Dazhou,داتشو,,,
GZO,Gizo,جيزو,,,
OTD,Contadora Island,جزيرة كونتادورا,,,
BDO,Bandung,باندونغ,,,
YVM,Broughton Island,جزيرة بروتون,,,
TOY,Toyama,توياما,,,
YTO,Toronto,تورونتو,,,
CGQ,Changchun,تشانغتشون,,,
MPN,Mount Pleasant,تشارلستون,,,
TBG,Tabubil,تابوبيل,,,
BNY,Bellona,بيلونا,,,
BVG,Berlevag,بيرليفاج,,,
PJM,Puerto jimenez,بويرتو خيمينيز,,,
PTG,Polokwane,بولوكواني,,,
PKR,Pokhara,بوكارا,,,
PIP,Port Moller,بورت مولر,,,
BCN,Barcelona,برشلونة,,,
BLA,Barcelona,برشلونة,,,
PLW,Palu,بالو,,,
YIV,Island Lake,آيلاند ليك,,,
REN,Orenburg,أورينبورغ,,,
JTY,Astypalaia,أستيباليا,,,
GPS,Galapagos Is,أرخبيل غالاباغوس,,,
INH,Inhambane,إنهامبان,,,
EKO,Elko,إلكو,,,
AJL,Aizawl,ايزاول,,,
LQM,Puerto Legu¡zamo,,,,
ORI,Port Lions,,,,
PYC,Playon Chico,,,,
GXH,Xiahe city,,,,
YRA,Gamètì,,,,
YIC,Yichun,,,,
AAT,Altay,,,,
DRG,Deering,,,,
LTX,Latacunga,,,,
LJA,Lodja,,,,
VPE,Ondjiva,,,,
KTS,Brevig Mission,,,,
MMH,Mammoth Lakes,,,,
EYK,Beloyarsky,,,,
ULH,Al-Ula,,,,
ECP,Panama City,,,,
PTK,Pontiac,,,,
HTG,Khatanga,,,,
VRY,Værøy,,,,
WSN,South Naknek,,,,
PLX,Semiplatinsk,,,,
KFS,Kastamonu,,,,
ZIG,Ziguinchor,,,,
CGA,Craig,,,,
KCC,Coffman Cove,,,,
SPY,San Pedro,,,,
KBC,Brich Creek,,,,
IZO,Izumo,إزومو,,,
CKD,Crooked Creek,,,,
GMZ,La Gomera,,,,
CCK,Cocos Keeling Island,,,,
PDV,Plovdiv,بلوفديف,,,
ART,Watertown,ووترتاون,,,
LGI,Dead Mans Cay,ديدمانز كاي,,,
YHY,Hay river,هاي ريفر,,,
HRO,Harrison,هاريسون,,,
GOJ,Nizhniy Novgorod,نيجني نوفغورود,,,
NKC,Nouakchott,نواكشوط,,,
YMQ,Montreal,مونتريال,,,
ONG,Mornington,جزيرة مورنينغتون,,,
MOL,Molde,مولدي,,,
MAU,Maupiti,ماوبيتي,,,
MDL,Mandalay,ماندالاي,,,
MVY,Marthas Vineyard,مارثاس فينيارد,,,
LCJ,Lodz,لودز,,,
KNS,King Island,كينغ آيلاند,,,
KIS,Kisumu,كيسومو,,,
KTE,Kerteh,كيرتيه,,,
KOA,Kona,كونا,,,
KGP,Kogalym,كوغاليم,,,
BKI,Kota Kinabalu,كوتا كينابالو,,,
CYO,Cayo,كايو,,,
KHH,Kaohsiung,كاوشيونغ,,,
CLY,Calvi,كالفي,,,
CJC,Calama,كالاما,,,
YYU,Kapuskasing,كابوسكاسينغ,,,
FNT,Flint,فلينت,,,
FDH,Friedrichshafen,فريدريشسهافن,,,
OOL,Gold Coast,غولد كوست,,,
CDC,Cedar City,سيدار سيتي,,,
SGD,Sonderborg,سوندربورغ,,,
SKO,Sokoto,سوكوتو,,,
SML,Stella Maris,ستيلا ماريس,,,
ZAG,Zagreb,زغرب,,,
REA,Reao,رايو,,,
RAB,Rabaul,رابول,,,
DIU,Diu,ديو,,,
JAC,Jackson,جاكسون,,,
MBA,Du Bois,دو بوا,,,
SNW,Thandwe,ثاندوي,,,
TGR,Touggourt,تقرت,,,
TAO,Qingdao,تشينغداو,,,
TSE,Tselinograd,تسلينوغراد,,,
TIH,Tikehau,تايكاو,,,
BLL,Billund,بيلوند,,,
BKW,Beckley,بيكلي,,,
BUZ,Bushehr,بوشهر,,,
BOJ,Bourgas,بورجاس,,,
BFS,Belfast,بلفاست,,,
BKM,Bakalalan,باكيلالان,,,
OMS,Omsk,أومسك,,,
OAK,Oakland,أوكلاند,,,
AEY,Akureyri,أكوريري,,,
OVD,Asturias,أستورياس,,,
WXN,Wanxian,انكزيان,,,
RIY,Mukalla,المكلا,,,
CCN,Chaghcharan,,,,
HGD,Hughenden,,,,
FKI,Kisangani,,,,
PNT,Puerto Natales,,,,
XSI,South Indian Lake,,,,
ZAJ,Zaranj,,,,
MTM,Metakatla,,,,
ISE,Isparta,,,,
BCV,Belmopan,,,,
AUK,Alakanuk,,,,
SDY,Sidney,,,,
PYJ,Yakutia,,,,
MOF,Maumere,,,,
YBT,Brochet,,,,
JIQ,Qianjiang,,,,
NOB,Nosara Beach,,,,
SIA,Xi'an,,,,
BXN,Bodrum,,,,
WAA,Wales,,,,
LOP,Praya,,,,
WWP,North Whale Pass,,,,
CXF,Coldfoot,,,,
PES,Petrozavodsk,,,,
KOY,Olga Bay,,,,
MOC,Montes Claros,,,,
WSX,Westsound,,,,
WMO,White Mountain,,,,
OMH,Uromiyeh,,,,
YZZ,Trail,,,,
YTY,Yangzhou,,,,
AUX,Araguaina,,,,
RSH,Russian Mission,,,,
KGX,Grayling,,,,
LYX,Lydd,,,,
TAL,Tanana,,,,
MDU,Mendi,,,,
SOB,S rmell‚k,,,,
LDZ,Londolozi,,,,
IKO,Nikolski,,,,
LZR,Lizard Island,,,,
ZGI,Gods River,,,,
KPR,Port Williams,,,,
TUF,Tours,,,,
IBA,Ibadan,,,,
OHH,Okha,,,,
AKJ,Asahikawa,أساهيكاو,,,
IQQ,Iquique,إكيكي,,,
KWI,Kuwait,الكويت,,,
BQL,Boulia,,,,
SHG,Shungnak,,,,
DMD,Doomadgee,,,,
ITB,Itaituba,أيتايتوبا,,,
FON,La Fortuna San Carlos,لا فورتونا سان كارلوس,,,
MOV,Moranbah,مورانباه,,,
IXB,Siliguri,سيليجوري,,,
WAT,Waterford,ووترفورد,,,
CGM,Camiguin,كاميجوين,,,
HDS,Hoedspruit,هويدسبرويت,,,
EWN,New Bern,نيوبيرن,,,
GOH,Nuuk,نوك,,,
NGO,Nagoya,ناغويا,,,
MVD,Montevideo,مونتيفيديو,,,
MWZ,Mwanza,موانزا,,,
TVU,Matei,ماتي,,,
IXL,Leh,ليه,,,
LPQ,Luang Prabang,لوانغ برابانغ,,,
IEV,Kiev,كييف,,,
KUS,Kulusuk,كولوسوك,,,
KRO,Kurgan,كورغان,,,
CLJ,Cluj,كلوج,,,
YKA,Kamloops,كاملوبس,,,
CNM,Carlsbad,كارلسباد,,,
AOK,Karpathos,كارباثوس,,,
YMM,Fort mcmurray,فورت ماكموري,,,
FRA,Frankfurt,فرانكفورت,,,
GGW,Glasgow,غلاسكو,,,
TTA,Tan Tan,طانطان,,,
YYG,Charlottetown,شارلوت تاون,,,
SDJ,Sendai,سينداي,,,
VAO,Suavanao,سوافاناو,,,
SPN,Saipan,سايبان,,,
YSJ,Saint John,سانت جون,,,
SAN,San Diego,سان دييغو,,,
YRL,Red Lake,ريد ليك,,,
RRS,Roros,روروس,,,
ROP,Rota,روتا,,,
YVZ,Deer Lake,دير ليك,,,
DRS,Dresden,دريسدن,,,
KHV,Khabarovsk,خاباروفسك,,,
JNZ,Jinzhou,جينتشو,,,
GRJ,George,جورج,,,
YHK,Gjoa Haven,جوا هافن,,,
NEV,Nevis,جزيرة نيفيس,,,
TIV,Tivat,تيفات,,,
YXT,Terrace,تيراس,,,
YTH,Thompson,تومسون,,,
TUO,Taupo,تاوبو,,,
TWU,Tawau,تاواو,,,
TAH,Tanna,تانا,,,
TAK,Takamatsu,تاكاماتسو,,,
THL,Tachilek,تاتشيلك,,,
BZE,Belize City,بيليز سيتي,,,
BIK,Biak,بياك,,,
BUE,Buenos Aires,بوينس آيرس,,,
PMC,Puerto Montt,بويرتو مونت,,,
PWM,Portland,بورتلاند,,,
PPN,Popayan,بوبايان,,,
BHO,Bhopal,بوبال,,,
PGF,Perpignan,بربينيان,,,
PYY,Pai,باي,,,
BUS,Batumi,باتومي,,,
OLB,Olbia,أولبيا,,,
UDR,Udaipur,أودايبور,,,
ANV,Anvik,أنفيك,,,
ASM,Asmara,أسمرة,,,
ELS,East London,إيست لندن,,,
IBE,Ibague,إيباجي,,,
ESU,Essadouira,الصويرة,,,
YPY,Fort Chipewyan,,,,
NNB,Santa Ana,,,,
FUG,Fuyang,,,,
WYA,Whyalla,,,,
BKG,Branson,,,,
LLV,Lvliang,,,,
MXV,Muren,,,,
CHT,Chatham Island,,,,
KFP,False Pass,,,,
VDH,Dong Hoi,,,,
MGH,Margate,,,,
NNL,Nondalton,,,,
KPV,Perryville,,,,
YCU,Yuncheng,,,,
TEQ,Çorlu,,,,
AKP,Anaktuvuk Pass,,,,
AOE,Eskissehir,,,,
MXX,Mora,,,,
ARC,Arctic Village,,,,
AMQ,Ambon,,,,
HSL,Huslia,,,,
PDA,Puerto In¡rida,,,,
DGA,Dangriga,,,,
PVA,Providencia,,,,
ONJ,Odate Noshiro,,,,
UTN,Upington,أبينجتون,,,
SDD,Lubango,,,,
HIA,Huai An,,,,
PQS,Pilot Station,,,,
CFS,Coffs Harbour,كوفس هاربر,,,
BJX,Leon Guanajuato,ليون / غواناخواتو,,,
ILM,Wilmington,ويلمنغتون,,,
BIQ,Biarritz Bayonne,بياريتز- بايون,,,
HMV,Hemavan,هيمافان,,,
MKK,Hoolehua,هوليهوا,,,
HON,Huron,هورون,,,
YOJ,High level,هاي ليفل,,,
HLZ,Hamilton,هاميلتون,,,
HDY,Hat Yai,هات ياي,,,
NRK,Norrkoeping,نوركوبينغ,,,
ORF,Norfolk,نورفولك,,,
LBF,North Platte,نورث بلات,,,
INU,Nauru,ناورو,,,
MXZ,Meixian,ميشيان,,,
YXH,Medicine Hat,ميديسن هات,,,
HPN,Westchester County,مقاطعة ويستتشستر,,,
LPL,Liverpool,ليفربول,,,
LBV,Libreville,ليبرفيل,,,
LZO,Luzhou,لوتشو,,,
LWO,Lviv,لفيف,,,
LAR,Laramie,لارامي,,,
CUE,Cuenca,كوينكا,,,
COO,Cotonou,كوتونو,,,
KCA,Kuqa,كوتشا,,,
KWA,Kwajalein,كواجالين,,,
VCA,Can Tho,كان ثو,,,
KTM,Kathmandu,كاتماندو,,,
VII,Vinh,فينه,,,
FRO,Floro,فلورو,,,
FAT,Fresno,فريسنو,,,
GND,Grenada,غرينادا,,,
SHL,Shillong,شيلونج,,,
CEI,Chiang Rai,شيانغ راي,,,
SHV,Shreveport,شريفبورت,,,
EGM,Sege,سيجي,,,
SON,Santo,سانتو,,,
CPC,San Martin Des Andes,سان مارتن دي أندس,,,
RSD,Rock Sound,روك ساوند,,,
SCC,Deadhorse,ديد هورس,,,
DAD,Danang,دانانج,,,
DLU,Dali,دالي,,,
JDH,Jodhpur,جودبور,,,
TOL,Toledo,توليدو,,,
TUC,Tucuman,توكومان,,,
YHR,Chevery,تشيفيري,,,
BLI,Bellingham,بيلينجهام,,,
YVB,Bonaventure,بونافنتور,,,
PUY,Pula,بولا,,,
POR,Pori,بوري,,,
BLK,Blackpool,بلاكبول,,,
BJA,Bejaja,بجاية,,,
PZI,Panzhihua,بانتشيهوا,,,
AUY,Anelghowhat,آنيلهو وات,,,
AIU,Atiu Island,آتيو آيلاند,,,
JQA,Uummannaq,أوماناك,,,
OSW,Orsk,أورسك,,,
KQA,Akutan,أكوتان,,,
FTE,El Calafate,إلكالافاتى,,,
ELG,El Golea,القلعة,,,
BYM,Bayamo,,,,
PIZ,Point Lay,,,,
PDB,Pedro Bay,,,,
ZHY,Zhongwei,,,,
MOG,Mong Hsat,,,,
MUA,Munda,,,,
LLK,Lankaran,,,,
EVG,Sveg,,,,
SCY,San Crist¢bal,,,,
VAM,Maamigili,,,,
PML,Cold Bay,,,,
OVS,Sovetskiy,,,,
VRB,Vero Beach,,,,
GAE,Gabes,,,,
ODO,Bodaibo,,,,
WBQ,Beaver,,,,
SLX,Salt Cay,,,,
YDA,Dawson,,,,
TNE,Tanegashima,,,,
MOU,Mountain Village,,,,
WNR,Windorah,,,,
CBT,Catumbela,,,,
IZA,Juiz de Fora,,,,
KYK,Karluk,,,,
VEE,Venetie,,,,
PSV,Papa Stour,,,,
ULP,Quilpie,,,,
VCV,Victorville,,,,
SJK,Sao Jose Dos Campos,,,,
ATM,Altamira,,,,
WTL,Tuntutuliak,,,,
BGG,Bingol,,,,
ENH,Enshi,إينشي,,,
ZEM,Eastmain River,إيستمين ريفر,,,
DAU,Daru,,,,
KMU,Kismayu,,,,
TKD,Takoradi,,,,
ELC,Elcho Island,جزيرة إلتشو,,,
IMT,Iron Mountain,آيرون ماونتين,,,
FMO,Mer,مير,,,
WGA,Wagga Wagga,واجا واجا,,,
YAK,Yakutat,ياكوتات,,,
YWG,Winnipeg,وينيبيغ,,,
ALS,Alamosa,ألاموسا,,,
HEK,Heihe,هيهي,,,
YHZ,Halifax,هاليفاكس,,,
MXL,Mexicali,مكسيكالي,,,
MHT,Manchester,مانشستر,,,
LNZ,Linz,لينز,,,
LIL,Lille,ليل,,,
LUG,Lugano,لوغانو,,,
LGK,Langkawi,لانكاوي,,,
LAU,Lamu,لامو,,,
LPT,Lampang,لامبانج,,,
LSC,La Serena,لا سيرينا,,,
EFL,Kefallinia,كيفالونيا,,,
KKE,Kerikeri,كيريكيري,,,
UIN,Quincy,كوينسي,,,
KOV,Kokshetau,كوكشيتاو,,,
OCC,Coca,كوكا,,,
KOE,Kupang,كوبانغ,,,
KHI,Karachi,كراتشي,,,
CTA,Catania,كاتانيا,,,
FOC,Fuzhou,فوزهو,,,
FPO,Freeport,فريبورت,,,
MUW,Ghriss,غريس,,,
GTF,Great Falls,غريت فولز,,,
THR,Tehran,طهران,,,
YMT,Chibougamau,شيبوغامو,,,
CJS,Ciudad Juarez,سيوداد خواريز,,,
SRE,Sucre,سوكري,,,
SSA,Salvador,سلفادور,,,
SMX,Santa Maria,سانتا ماريا,,,
RES,Resistencia,ريزيستنسيا,,,
RKS,Rock Springs,روك سبرينغز,,,
YQD,The Pas,ذا باس,,,
YHD,Dryden,درايدن,,,
DDG,Dandong,داندونغ,,,
GGT,George Town,جورج تاون,,,
ZTH,Zakinthos Is,جزيرة زاكينثوس,,,
GMR,Totegegie,توتي جيجي,,,
TIN,Tindouf,تندوف,,,
TAE,Taegu,تايجو,,,
TPA,Tampa,تامبا,,,
TBO,Tabora,تابورا,,,
BTU,Bintulu,بينتولو,,,
BMU,Bima,بيما,,,
PVR,Puerto Vallarta,بويرتو فالارتا,,,
PTU,Port Moller,بورت مولر,,,
BLR,Bangalore,بنغالور,,,
PMI,Palma Mallorca,بالما مايوركا,,,
BCD,Bacolod,باكولود,,,
PSC,Pasco,باسكو,,,
PPG,Pago Pago,باجو باجو,,,
BSG,Bata,باتا,,,
EIN,Eindhoven,أيندهوفن,,,
OIT,Oita,أويتا,,,
ZOS,Osorno,أوسورنو,,,
BIM,Alice Town,أليس تاون,,,
AOR,Alor Setar,ألور ستار,,,
AKX,Aktyubinsk,أكتوبي,,,
ARH,Arkhangelsk,أرخانغيلسك,,,
ANF,Antofagasta,انتوفاجاستا,,,
VAS,Sivas,,,,
CAW,Campos,,,,
QOW,Imo,,,,
HFD,Hartford,,,,
MFA,Mafia Island,,,,
IAN,Kiana,,,,
LAK,Aklavik,,,,
NKT,Cherry Point,,,,
NTQ,Wajima,,,,
IAR,Yaroslavl,,,,
CIK,Chalkyitsik,,,,
CPD,Coober Pedy,,,,
MFU,Mfuwe,,,,
MNI,Geralds,,,,
ZAC,York Landing,,,,
KSD,Karlstad,,,,
BLE,Borlange,,,,
KAB,Kariba,,,,
HUZ,Huizhou,,,,
KYU,Koyukuk,,,,
LEQ,Land's End,,,,
CYX,Cherskiy,,,,
CEM,Central,,,,
TGC,Tanjung Manis,,,,
RVT,Ravensthorpe,,,,
NIU,Niau,,,,
LSA,Losuia,,,,
INI,Nis,,,,
ZTB,Tete-a-la-balenine,,,,
RLK,Bayannur,,,,
ADL,Adelaide,أديليد,,,
IPA,Ipota,إيبوتا,,,
KWN,Quinhagak,,,,
MUE,Kamuela,,,,
DLZ,Dalanzadgad,,,,
BUX,Bunia,,,,
RJL,Logro¤o-Agoncillo,,,,
BDA,Bermuda Hamilton,برمودا / هاملتون,,,
NKG,Nanking Nanjing,ناكينغ / نانجينغ,,,
PDT,Pendleton,بندلتون,,,
ALW,Walla Walla,والا والا,,,
RDM,Bend Redmond,بيند/ ريدموند,,,
HCR,Holy Cross,هولي كروس,,,
HGH,Hangzhou,هانغتشو,,,
OVB,Novosibirsk,نوفوسيبيرسك,,,
OTH,North Bend,نورث بيند,,,
MJD,Moenjodaro,موهينجو دارو,,,
MOQ,Morondava,موروندافا,,,
MLN,Melilla,مليلية,,,
GES,General Santos City,مدينة جنرال سانتوس,,,
MAJ,Majuro,ماجورو,,,
LYG,Lianyungang,ليانيونقانغ,,,
YLC,Kimmirut,كيميروت,,,
KKJ,Kitakyushu,كيتاكيوشو,,,
CGB,Cuiaba,كويابا,,,
CEZ,Cortez,كورتيز,,,
CIJ,Cobija,كوبيخا,,,
CHC,Christchurch,كرايستشيرش,,,
KLX,Kalamata,كالاماتا,,,
KBL,Kabul,كابول,,,
VRC,Virac,فيراك,,,
GLO,Golouchestershire,غولوتشيسيرشير ؟؟؟؟؟؟؟؟,,,
GMB,Gambella,غامبيلا,,,
YGP,Gaspe,غاسب,,,
SAH,Sanaa,صنعاء,,,
CTM,Chetumal,شيتومال,,,
SCV,Suceava,سوسيفا,,,
YSB,Sudbury,سودبوري,,,
KDU,Skardu,سكاردو,,,
STI,Santiago,سانتياغو,,,
SJD,San Jose Cabo,سان خوسيه كابو,,,
REX,Reynosa,رينوسا,,,
RHI,Rhinelander,رينلاندر,,,
DLC,Dalian,داليان,,,
DKR,Dakar,داكار,,,
JUB,Juba,جوبا,,,
MWF,Maewo Island,جزيرة مايوو,,,
IOM,Isle Of Man,جزيرة مان,,,
ADK,Adak Island,جزيرة آداك,,,
ZCO,Temuco,تيموكو,,,
TRE,Tiree,تيري,,,
VUP,Valledupar,توربو,,,
TYN,Taiyuan,تاييوان,,,
TNJ,Tanjung Pinang,تانجونغ بينانغ,,,
PIR,Pierre,بيير,,,
PXO,Porto Santo,بورتو سانتو,,,
POM,Port Moresby,بورت مورسبي,,,
MRX,Bandar Mahshahr,بندر ماهشار,,,
PNZ,Petrolina,بترولينا,,,
BGR,Bangor,بانجور,,,
PFO,Paphos,بافوس,,,
BJF,Batsfjord,باتسفجورد,,,
OKJ,Okayama,أوكاياما,,,
YAX,Angling Lake,أنغلينغ ليك,,,
AMA,Amarillo,أماريلو,,,
AKU,Aksu,أكسو,,,
ARM,Armidale,أرميدال,,,
IGR,Iguazu,إجوازو,,,
RUH,Riyadh,الرياض,,,
ABX,Albury,البوري,,,
COQ,Choibalsan,,,,
YGX,Gillam,,,,
CKH,Chokurdah,,,,
BZR,Beziers,,,,
KOS,Sihanoukville,,,,
KLW,Klawock,,,,
GHT,Ghat,,,,
NTX,Ranai-Natuna Besar Island,,,,
IBR,Ibaraki,,,,
NIB,Nikolai,,,,
TML,Tamale,,,,
MJI,Tripoli,,,,
CCM,Criciuma,,,,
ADH,Aldan,,,,
BTT,Bettles,,,,
NAH,Naha,,,,
HPA,Lifuka,,,,
FUO,Foshan,,,,
WLK,Selawik,,,,
RVV,Raivavae,,,,
LUO,Luena,,,,
RMP,Rampart,,,,
RBM,Robinson,,,,
AKK,Akhiok,,,,
OOK,Toksook Bay,,,,
ULV,Ulyanovsk,,,,
BKN,Balkanabat,,,,
HUU,Hu nuco,,,,
MUZ,Musoma,,,,
GYU,Guyuan,,,,
ZSE,St Pierre,سانت بيير,,,
HAM,Hamburg,هامبورغ,,,
IFO,Ivano Frankivsk,إيفانو فرانكيفسك,,,
HAQ,Haa dhaalu atoll,ها دالو أتول,,,
KNW,New Stuyahok,نيو ستوياهوك,,,
KIJ,Niigata,نيغاتا,,,
NMA,Namangan,نامانجان,,,
MIA,Miami,ميامي,,,
MDZ,Mendoza,مندوزا,,,
MLX,Malatya,ملاطية,,,
MST,Maastricht,ماستريخت,,,
LEX,Lexington,ليكسينغتون,,,
LKH,Long Akah,لونغ أكا,,,
ACE,Lanzarote,لانزاروت,,,
LMP,Lampedusa,لامبيدوسا,,,
AKN,King Salmon,كينغ سالمون,,,
TKQ,Kigoma,كيغوما,,,
CDB,Cold Bay,كولدباي,,,
KAO,Kuusamo,كوسامو,,,
JRO,Kilimanjaro,كليمنجارو,,,
KLO,Kalibo,كاليبو,,,
KLR,Kalmar,كالمار,,,
KAD,Kaduna,كادونا,,,
VDM,Viedma,فييدما,,,
VTE,Vientiane,فينتيان,,,
VGO,Vigo,فيغو,,,
WRO,Wroclaw,فروتسواف,,,
VLV,Valera,فاليرا,,,
FAO,Faro,فارو,,,
GBE,Gaborone,غابورون,,,
URT,Surat Thani,سورات ثاني,,,
SOG,Sogndal,سوجندال,,,
STW,Stavropol,ستافروبول,,,
SYX,Sanya,سانيا,,,
SDE,Santiago Del Estero,سانتياغو ديل استيرو,,,
UAQ,San Julian,سان جوليان,,,
ROV,Rostov,روستوف,,,
DIL,Dili,ديلي,,,
HRK,Kharkov,خاركوف,,,
KUV,Gunsan,جونسان,,,
HUH,Huahine Island,جزيرة هواهين,,,
KIH,Kish Island,جزيرة كيش,,,
RTA,Rotuma,جزيرة روتوما,,,
BUA,Buka Island,جزيرة بوكا,,,
JTR,Thira,ثيرا,,,
TET,Tete,تيتي,,,
TSN,Tianjin,تيانجين,,,
TBB,Tuy Hoa,توي هوا,,,
YUB,Tuktoyaktuk,توكتوياكتوك,,,
TBW,Tambow,تامبو,,,
BEL,Belem,بيليم,,,
PNK,Pontianak,بونتياناك,,,
YPC,Paulatuk,باولاتوك,,,
BIA,Bastia,باستيا,,,
BAQ,Barranquilla,بارانكويلا,,,
BLJ,Batna,باتنة,,,
ONT,Ontario,أونتاريو,,,
ULN,Ulaanbaatar,أولان باتور,,,
AGS,Augusta,أوغستا,,,
USK,Usinsk,أوسينسك,,,
UDI,Uberlandia,أوبيرلانديا,,,
ANR,Antwerp,أنتويرب,,,
AET,Allakaket,ألاكاكيت,,,
ABI,Abilene,أبيلين,,,
IKT,Irkutsk,إيركوتسك,,,
EXT,Exeter,إكستر,,,
IDA,Idaho Falls,ايداهو فولز,,,
CAI,Cairo,القاهرة,,,
BSR,Basrah,البصرة,,,
LSY,Lismore,,,,
ELU,Guemar,,,,
AKI,Akiak,,,,
KWZ,Kolwezi,,,,
AFL,Alta Floresta,,,,
ILD,Lleida,,,,
ARD,Alor Island,,,,
PEC,Pelican,,,,
DKS,Dikson,,,,
CMK,Club Makokola,,,,
TLA,Teller,,,,
NTT,Niuatoputapu,,,,
OAL,Marktoberdorf,,,,
TYF,Torsby,,,,
TFF,Tefe,,,,
TII,Tarin Kowt,,,,
ATT,Austin,,,,
YVA,Moroni,,,,
JBR,Jonesboro,,,,
TRO,Taree,,,,
NLT,Xinyuan,,,,
NRA,Narrandera,,,,
CTN,Cooktown,,,,
GLV,Golovin,,,,
AIN,Wainwright,,,,
EMD,Emerald,إميرالد,,,
CAP,Cap Haitien,,,,
MSZ,Mocamedes,,,,
CHX,Changuinola,,,,
NDY,Sanday,,,,
ELM,Corning Elmira,كورنينج / إلميرا,,,
SNP,St Paul Island,جزيرة سانت بول,,,
SVJ,Svolv R,سفولفار,,,
SPS,Wichita Falls,ويتشيتا فولز,,,
CDR,Chadron,شادرون,,,
HYN,Huangyan,هوانغيان,,,
MEH,Mehamn,ميهامن,,,
MIL,Milan,ميلان,,,
MES,Medan,ميدان,,,
MHQ,Mariehamn,ماريهامن,,,
VXC,Lichinga,ليتشينغا,,,
LPA,Las Palmas,لاس بالماس,,,
KEJ,Kemorovo,كيميروفو,,,
EAR,Kearney,كيرني,,,
KTN,Ketchikan,كيتشيكان,,,
KSA,Kosrae,كوسراي,,,
KZI,Kozani,كوزاني,,,
KVA,Kavala,كافالا,,,
FUJ,Fukue,فيوكو,,,
VOG,Volgograd,فولغوغراد,,,
PHW,Phalaborwa,فالابورا,,,
GPI,Guapi,غوابي,,,
AAE,Annaba,عنابة,,,
SYZ,Shiraz,شيراز,,,
TKK,Chuuk,شوك,,,
SNN,Shannon,شانون,,,
SRG,Semarang,سيمارانج,,,
SLC,Salt Lake City,سولت ليك سيتي,,,
SXR,Srinagar,سريناغار,,,
SNA,Santa Ana,سانتا آنا,,,
SMI,Samos,ساموس,,,
UAS,Samburu south,سامبورو ساوث,,,
IAM,Zarzaitine,زرزايتين,,,
RNO,Reno,رينو,,,
RPR,Raipur,رايبور,,,
DEC,Decatur,ديكاتور,,,
DZA,Dzaoudzi,دزاوودزي,,,
JSR,Jessore,جيسور,,,
GPT,Gulfport,جولفبورت,,,
NLK,Norfolk Island,جزيرة نورفولك,,,
PQI,Presque Isle,,,,
,جزيرة برسقو,Done,,,
TID,Tiaret,تيارت,,,
TOU,Touho,توهو,,,
CGO,Zhengzhou,تشنغتشو,,,
TCB,Treasure Cay,تريجر كاي,,,
TMW,Tamworth,تامورث,,,
PIA,Peoria,بيوريا,,,
BZG,Bydgoszcz,بيدغوستيا,,,
PBC,Puebla,بويبلا,,,
YIO,Pond Inlet,بوند إنليت,,,
BWT,Burnie,بورني,,,
BUR,Burbank,بوربانك,,,
BHJ,Bhuj,بوج,,,
PNH,Phnom Penh,بنوم بنه,,,
PKN,Pangkalan Bun,بانكالان بان,,,
PMZ,Palmar Sur,بالمار سور,,,
AYP,Ayacucho,أياكوتشو,,,
OND,Ondangwa,أوندانغوا,,,
OKA,Okinawa,أوكيناوا,,,
WKK,Aleknagik,أليكناجيك,,,
AQP,Arequipa,أريكيبا,,,
LBJ,Labuhan bajo,أبوهان باجو,,,
VVZ,Illizi,إليزي,,,
SVQ,Sevilla,إشبيلية,,,
SHJ,Sharjah,الشارقة,,,
DUM,Dumai,,,,
VAI,Vanimo,,,,
SZA,Soyo,,,,
IRP,Isiro,,,,
USQ,Usak,,,,
CHY,Choiseul Bay,,,,
NYI,Sunyani,,,,
LSW,Lhok Seumawe-Sumatra Island,,,,
GUR,Gurney,,,,
RDV,Red Devil,,,,
PGU,Khalije Fars,,,,
ADF,Adiyaman,,,,
ORV,Noorvik,,,,
TCA,Tennant Creek,,,,
JIJ,Jijiga,,,,
SVP,Kuito,,,,
KVG,केवीयेंग,,,,
GVR,Governador Valadares,,,,
TWB,Toowoomba,,,,
YUS,Yushu,,,,
BHS,Bathurst,,,,
SCM,Scammon Bay,,,,
RBY,Ruby,,,,
EXI,Excursion Inlet,,,,
MNT,Minto,,,,
BDP,Chandragarhi,,,,
PKE,Parkes,,,,
PPV,Port Protection,,,,
EDL,Eldoret,إلدوريت,,,
AUC,Arauca,اروكا,,,
PBP,Nandayure,,,,
MQM,Mardin,,,,
CCJ,Calicut,كاليكوت,,,
AUQ,Hiva Oa,هيفا أوآ,,,
MCK,Mc Cook,ماكوك,,,
RIW,Riverton,ريفرتون,,,
TVF,Thief River Falls,ثيف ريفر فولز,,,
WUZ,Wuzhou,ووتشو,,,
OUD,Oujda,وجدة,,,
YKQ,Waskaganish,واسكاغانيش,,,
HLN,Helena,هيلينا,,,
HOR,Horta,هورتا,,,
HEL,Helsinki,هلسنكي,,,
YNS,Nemiscau,نيميسكاو,,,
NWI,Norwich,نورويتش,,,
NAL,Nalchik,نالتشيك,,,
APF,Naples,نابولي,,,
MLI,Moline,مولين,,,
RAK,Marrakech,مراكش,,,
ZMT,Masset,ماسيه,,,
LGL,Long Datih,لونغ داتيه,,,
LST,Launceston,لونسيستون,,,
LWY,Lawas,لاواس,,,
LCE,La Ceiba,لا سيبا,,,
KGL,Kigali,كيغالي,,,
CNS,Cairns,كيرنز,,,
UIO,Quito,كيتو,,,
CZU,Corozal,كوروزال,,,
CRI,Crooked Island,كروكد آيلند,,,
YCG,Castlegar,كاستلغار,,,
VIE,Vienna,فيينا,,,
GME,Gomel,غوميل,,,
AMM,Amman,عمان,,,
CHI,Chicago,شيكاغو,,,
CEN,Ciudad Obregon,,,,
,سيوداد أوبريغون,Done,,,
SLH,Sola,سولا,,,
TMS,Sao Tome,ساو تومي,,,
SXM,St Maarten,سانت مارتن,,,
SPR,San pedro,سان بيدرو,,,
SLY,Salekhard,سالخارد,,,
RIO,Rio De Janeiro,ريو دي جانيرو,,,
RNS,Rennes,رين,,,
RAP,Rapid City,رابيد سيتي,,,
JUJ,Jujuy,خوخوي,,,
JUL,Juliaca,جولياكا,,,
OAJ,Jacksonville,جاكسونفيل,,,
TPQ,Tepic,تبيك,,,
YPO,Peawanuck,بيويناك,,,
BJI,Bemidji,بيميدجي,,,
BOH,Bournemouth,بورنموث,,,
POG,Port Gentil,بور جانتي,,,
PRI,Praslin,براسلين,,,
XBE,Bearskin Lake,بحيرة بيرسكين,,,
BDJ,Banjarmasin,بانجارماسين,,,
ISG,Ishigaki,أيشيجاكي,,,
AOJ,Aomori,أوموري,,,
UPN,Uruapan,أوروابان,,,
ANU,Antigua,أنتيغوا,,,
AXT,Akita,أكيتا,,,
ASF,Astrakhan,أستراخان,,,
IND,Indianapolis,إنديانابوليس,,,
RHD,Rio Hondo,,,,
,,done,,,
HMB,Sohag,,,,
MOA,Moa,,,,
JCK,Julia Creek,,,,
SOY,Stronsay,,,,
BFJ,Bijie,,,,
GAN,Gan Island,,,,
FSZ,Shizuoka,,,,
ZKP,Zyryanka,,,,
APO,Apartado,,,,
KOT,Kotlik,,,,
CZS,Cruzeiro do Sul,,,,
ESL,Elista,,,,
JPR,Ji-Paran,,,,
KGT,Kangding,,,,
GAX,Gamba,,,,
KZR,Kutahya,,,,
IEG,Zielona Gora,,,,
,,done,,,
MGZ,Myeik,,,,
QSC,Sao Carlos,,,,
AWA,Awasa,,,,
KMO,Manokotak,,,,
WIN,Winton,,,,
SKK,Shaktoolik,,,,
HUS,Hughes,,,,
TCZ,Tengchong,,,,
SWT,Strezhevoy,,,,
ARU,Aracatuba,,,,
EDR,Pormpuraaw,,,,
RIS,Rishiri Island,,,,
NVI,Navoi,,,,
ESD,Eastsound,,,,
KMN,Kamina Base,,,,
XLB,Lac Brochet,,,,
FKQ,Fak Fak,,,,
AQJ,Aqaba,العقبة,,,
VCE,Venice,البندقية,,,
GFF,Griffith,,,,
RET,Røst,,,,
THN,Trollhattan,,,,
DLY,Dillons Bay,خليج ديلون,,,
LOH,La Toma Catamayo,لا توما (كاتا مايو),,,
LEJ,Leipzig Halle,لايبزيغ / هال,,,
ZNE,Newman,نيومان,,,
ENY,Yanan,يانان,,,
HUN,Hualien,هوالين,,,
COK,Cochin,كوشين,,,
NOC,Knock,نوك,,,
JNS,Narsaq,نارساك,,,
MJZ,Mirnyj,ميرني,,,
YMO,Moosonee,موسوني,,,
MMK,Murmansk,مورمانسك,,,
YQL,Lethbridge,مقاطعة ليثبريدج,,,
MSS,Massena,ماسينا,,,
LNY,Lanai City,لاناي سيتي,,,
LPM,Lamap,لاماب,,,
LRH,La Rochelle,لاروشيل,,,
UNG,Kiunga,كيونغا,,,
PHX,Phoenix,فينيكس,,,
COU,Columbia,كولومبيا,,,
CBR,Canberra,كانبيرا,,,
CGR,Campo Grande,كامبو غراندي,,,
AZO,Kalamazoo,كالامازو,,,
KOJ,Kagoshima,كاجوشيما,,,
KTW,Katowice,كاتوفيتسه,,,
TTT,Fengnin,فينغنين,,,
FSC,Figari,فيغاري,,,
FOD,Fort Dodge,فورت دودج,,,
VRA,Varadero,فاراديرو,,,
GDE,Gode,غودي,,,
GOI,Goa,غوا,,,
TYO,Tokyo,طوكيو,,,
STR,Stuttgart,شتوتغارت,,,
XIL,Xilinhot,سيلينهوت,,,
IXS,Silchar,سيلشار,,,
THS,Sukhothai,سوخوثاي,,,
SXB,Strasbourg,ستراسبورغ,,,
LED,St Petersburg,سان بطرسبرج,,,
SPK,Sapporo,سابورو,,,
RJK,Rijeka,رييكا,,,
RKT,Ras Al Khaimah,رأس الخيمة,,,
DOY,Dongying,دونغ ينغ,,,
JHG,Jinghong,جينغهونغ,,,
JHW,Jamestown,جيمستاون,,,
JER,Jersey,جيرسي,,,
GOP,Gorakhpur,جوراخبور,,,
JOI,Joinville,جوانفيل,,,
GRW,Graciosa Island,جزيرة غراسيوزا,,,
TWF,Twin Falls,,,,
,توين فولز,done,,,
IXC,Chandigarh,تشانديغار,,,
CHA,Chattanooga,تشاتانوغا,,,
TAM,Tampico,تامبيكو,,,
PUQ,Punta Arenas,بونتا أريناس,,,
BKZ,Bukoba,بوكوبا,,,
PAZ,Poza Rica,,,,
,بوزا ريكا,done,,,
PNR,Pointe Noire,,,,
,بوانت نوار,done,,,
BFN,Bloemfontein,بلومفونتين,,,
PPP,Prosserpine,بروسربين,,,
EGC,Bergerac,برجراك,,,
PPK,Petropavlosk,,,,
,بتروبافلوسك,done,,,
PBM,Paramaribo,باراماريبو,,,
PAT,Patna,باتنا,,,
URC,Urumqi,أورومتشي,,,
OAX,Oaxaca,أواكساكا,,,
ARK,Arusha,أروشا,,,
ABJ,Abidjan,أبيدجان,,,
EUN,Laayoune,العيون,,,
CAK,Akron,اكرون,,,
JNG,Jining,,,,
SPP,Menongue,,,,
VTU,Las Tunas,,,,
VUS,Veliky Ustyug,,,,
VDC,Vit¢ria Da Conquista,,,,
WYS,West Yellowstone,,,,
,,done,,,
GNY,Sanliurfa,,,,
QRW,Osubi,,,,
RNN,Ronne,,,,
MNU,Mawlamyine,,,,
MBE,Monbetsu,,,,
KKX,Kikai,,,,
ELV,Elfin Cove,,,,
,,done,,,
UYU,Uyuni,,,,
MYP,Mary,,,,
NAV,Nevsehir,,,,
KBU,Laut Island,,,,
PUM,Pomalaa,,,,
LPP,Lappeenranta,,,,
LIQ,Lisala,,,,
CZH,Corozal,,,,
WJR,Wajir,,,,
NRL,North Ronaldsay,,,,
GBB,Qabala,,,,
YIW,Yiwu,ييوو,,,
YIH,Yichang,ييتشانغ,,,
YBP,Yibin,ييبين,,,
KDV,Vunisea,يونسيا,,,
YUM,Yuma,يوما,,,
UYN,Yulin,يولين,,,
YOL,Yola,يولا,,,
JOG,Yogyakarta,يوغياكرتا,,,
RSU,Yeosu,يوسو,,,
URJ,Uraj,يوراج,,,
EUG,Eugene,يوجين,,,
EYP,Yopal,يوبال,,,
IOA,Ioannina,يوانينا,,,
WEH,Weihai,يهاى,,,
YIN,Yining,ينينغ,,,
YEI,Yenisehir,ينيشهر,,,
YZF,Yellowknife,يلونايف,,,
WEF,Weifang,يفانغ,,,
AZD,Yazd,يزد,,,
EVN,Yerevan,يريفان,,,
YAO,Yaounde,ياوندي,,,
YNJ,Yanji,يانجي,,,
RGN,Yangon,يانجون,,,
YNT,Yantai,يانتاى,,,
UBJ,Yamaguchi,ياماغوتشي,,,
GAJ,Yamagata,ياماغاتا,,,
YKM,Yakima,ياكيما,,,
YKS,Yakutsk,ياكوتسك,,,
YAP,Yap,ياب,,,
WWK,Wewak,ويواك,,,
WDH,Windhoek,ويندهوك,,,
WNZ,Wenzhou,وينتشو,,,
EAT,Wenatchee,وينتاتشي,,,
IPT,Williamsport,ويليام سبورت,,,
WSZ,Westport,ويستبورت,,,
PBI,West Palm Beach,ويست بالم بيتش,,,
ICT,Wichita,ويتشيتا,,,
YWP,Webequie,ويبيكوي,,,
WEI,Weipa,ويبا,,,
WUH,Wuhan,ووهان,,,
BHE,Woodbourne,وودبورن,,,
ORN,Oran,وهران,,,
YQG,Windsor,وندسور,,,
ISN,Williston,وليستون,,,
WUX,Wuxi,وشى,,,
YXN,Whale Cove,وايل كوف,,,
WMX,Wamena,وامينا,,,
WVB,Walvis Bay,والفيز باي,,,
WLH,Walaha,والاها,,,
ACT,Waco,واكو,,,
OUA,Ouagadougou,واغادوغو,,,
WAW,Warsaw,وارسو,,,
ALO,Waterloo,واترلو,,,
HEH,Heho,هيهو,,,
HDF,Heringsdorf,هيرينغسدورف,,,
TLN,Hyeres,هيريس,,,
HMO,Hermosillo,هيرموسيلو,,,
HER,Heraklion,هيراكليون,,,
HYA,Hyannis,هيانيس,,,
HUI,Hue,هوي,,,
HVG,Honningsvag,هونينجسفاغ,,,
HIR,Honiara,هونيارا,,,
YHI,Holman,هولمان,,,
HOG,Holguin,هولغوين,,,
SGN,Ho Chi Minh City,هوشي منه سيتي,,,
HKN,Hoskins,هوسكينز,,,
YHO,Hopedale,هوبديل,,,
TXN,Huangshan,هوانغشان,,,
HRE,Harare,هراري,,,
HEA,Herat,هرات,,,
HOT,Hot Springs,هت سبرينغز,,,
HPH,Haiphong,هايفونغ,,,
HAU,Haugesund,هاوغيسند,,,
HAJ,Hannover,هانوفر,,,
CMX,Hancock,هانكوك,,,
HNA,Hanamaki,هاناماكي,,,
HUY,Humberside,هامبرسايد,,,
HAD,Halmstad,هالمستاد,,,
HFS,Hagfors,هاغفورس,,,
HAA,Hasvik,هاسفيك,,,
HRL,Harlingen,هارلنغن,,,
NQN,Neuquen,نيوكوين,,,
NTL,Newcastle,نيوكاسل,,,
HVN,New Haven,نيو هيفن,,,
MSY,New Orleans,نيو أورليانز,,,
NSN,Nelson,نيلسون,,,
ECN,Nicosia,نيقوسيا,,,
NBO,Nairobi,نيروبي,,,
CNP,Neerlerit Inaat,نيرليريت إنات,,,
NGB,Ninbo,نيبو,,,
NYU,Nyuang U,نياونغ يو,,,
NIM,Niamey,نيامي,,,
UYL,Nyala,نيالا,,,
VOL,Nea Anghialos,نيا أنخيالوس,,,
NOJ,Noyabrsk,نويابرسك,,,
NHV,Nuku Hiva,نوكو هيفا,,,
AUA,Aruba,أروبا,,,
CRC,Cartago,,,,
DIS,Loubomo,,,,
TYS,Knoxville,نوكسفيل,,,
NUX,Novyi Urengoy,نوفي يورنغوي,,,
NOZ,Novokuznetsk,نوفوكوزنيتسك,,,
NSK,Norilsk,نوريلسك,,,
YVQ,Norman Wells,نورمان ويلز,,,
NUS,Norsup,نورساب,,,
ELH,North Eleuthera,نورث إلوثيرا,,,
WTK,Noatak,نواتا,,,
YDP,Nain,نايين,,,
NYK,Nanyuki,نانيوكي,,,
YNZ,Yancheng,نانيانغ يانتشنغ,,,
JNN,Nanortalik,نانورتاليك,,,
ACK,Nantucket,نانتوكيت,,,
NAO,Nanchong,نانتشونغ,,,
APL,Nampula,نامبولا,,,
JNX,Naxos,ناكسوس,,,
BNA,Nashville,ناشفيل,,,
UAK,Narsarsuaq,نارسارسواك,,,
KOP,Nakhon Phanom,ناخون فانوم,,,
NST,Nakhon Si Thammarat,ناخون سي ثامارات,,,
NAG,Nagpur,ناجبور,,,
YNA,Natashquan,ناتاشكوان,,,
NAP,Naples,نابولي,,,
MUC,Munich,ميونيخ,,,
MSQ,Minsk,مينسك 2,,,
MTT,Minatitlan,ميناتيتلان,,,
FMM,Memmingen Allgau,ميمينجين ألغاو,,,
MMB,Memanbetsu,ميمامبيتسو,,,
MKE,Milwaukee,ميلووكي,,,
MQL,Mildura,ميلدورا,,,
JMK,Mikonos,ميكونوس,,,
MSJ,Misawa,ميساوا,,,
MEI,Meridian,ميريديان,,,
MID,Merida,ميريدا,,,
MDE,Medellin,ميدلين,,,
MFR,Medford,ميدفورد,,,
MMY,Miyako,مياكو,,,
KMI,Miyazaki,ميازاكي,,,
MLW,Monrovia,مونروفيا,,,
MBJ,Montego Bay,مونتيغو باي,,,
MTR,Monteria,مونتيريا,,,
MTY,Monterrey,مونتيري,,,
MGM,Montgomery,مونتغمري,,,
HGU,Mount Hagen,مونت هاغن,,,
MZV,Mulu,مولو,,,
MUX,Multan,مولتان,,,
MKG,Muskegon,موسكيغون,,,
MJF,Mosjoen,موسجوين,,,
MOZ,Moorea,موريا,,,
MOB,Mobile,موبايل,,,
ODY,Muang Xay,موانج إكساي,,,
MRV,Mineralnye Vody,منيراليني فودي,,,
MEL,Melbourne,ملبورن,,,
MLB,Melbourne,ملبورن,,,
KIR,Kerry County,مقاطعة كري,,,
MRA,Misratah,مصراتة,,,
MHD,Mashhad,مشهد,,,
MRS,Marseille,مرسيليا,,,
RMF,Marsa Alam,مرسى علم,,,
MEX,Mexico City,مدينة مكسيكو,,,
CYP,Calbayog City,مدينة كالبايوج,,,
GUA,Guatemala City,مدينة غواتيمالا,,,
MAD,Madrid,مدريد,,,
MMZ,Maimama,ماياما,,,
MYG,Mayaguana,ماياجيوانا,,,
XMH,Manihi,مانيهي,,,
JSU,Maniitsoq,مانيتسوك,,,
MKW,Manokwari,مانوكواري,,,
MHK,Manhattan,مانهاتن,,,
ZLO,Manzanillo,مانزانيلو,,,
MGA,Managua,ماناغوا,,,
MDC,Manado,مانادو,,,
AGP,Malaga,مالقة,,,
YMN,Makkovik,ماكوفيك,,,
MCG,Mcgrath,ماكغراث,,,
MFM,Macau,ماكاو,,,
MZG,Makung,ماغونغ,,,
MQF,Magnetiogorsk,ماغنيتيوغورسك,,,
MSU,Maseru,ماسيرو,,,
MZT,Mazatlan,مازاتلان,,,
MUR,Marudi,مارودي,,,
WMN,Maroantsetra,ماروانتسيترا,,,
MHH,Marsh Harbour,مارش هاربر,,,
MAB,Maraba,مارابا,,,
MSN,Madison,ماديسون,,,
FNC,Madeira,ماديرا,,,
IXM,Madurai,مادوراي,,,
MAG,Madang,مادانغ,,,
MCX,Makhachkala,ماخاتشكالا,,,
MJN,Mahajanga,ماجنكا,,,
MMJ,Matsumoto,ماتسوموتو,,,
MPM,Maputo,مابوتو,,,
LYS,Lyon,ليون,,,
LNK,Lincoln,لينكولن,,,
LPI,Linkoping,لينشوبينغ,,,
LYH,Lynchburg,لينشبورغ,,,
LLW,Lilongwe,ليلونغوي,,,
AXM,Armenia,أرمينيا,,,
CUF,Levaldigi,ليفالديجي,,,
LGP,Legaspi,ليغاسبي,,,
LRS,Leros,ليروس,,,
LBA,Leeds,ليدز,,,
LJG,Lijiang,ليجيانغ,,,
LET,Leticia,ليتيسيا,,,
LBL,Liberal,ليبرال,,,
SDF,Louisville,لويزفيل,,,
LYR,Longyearbyen,لونغياربين,,,
LOD,Longana,لونغانا,,,
ODN,Long Seridan,لونغ سيريدان,,,
LBP,Long Banga,لونغ بانجا,,,
LLA,Lulea,لوليا,,,
LUX,Luxembourg,لوكسمبورغ,,,
LUN,Lusaka,لوساكا,,,
LTO,Loreto,لوريتو,,,
LRT,Lorient,لوريان,,,
LUH,Ludhiana,لودهيانا,,,
LAW,Lawton,لوتون,,,
LPS,Lopez,لوبيز,,,
FBM,Lubumashi,لوبومباشي,,,
LXG,Luang Namtha,لوانغ نامثا,,,
YXU,London,لندن,,,
LKO,Lucknow,لكناو,,,
LYC,Lycksele,لايكسيل,,,
LAO,Laoag,لاواج,,,
LAI,Lannion,لانيون,,,
KDO,Laamu atoll,لامو أتول,,,
LLI,Lalibela,لاليبيلا,,,
LSE,La Crosse,لاكروس,,,
LOS,Lagos,لاغوس,,,
LXA,Lhasa,لاسا,,,
LAS,Las vegas,لاس فيجاس,,,
LRD,Laredo,لاريدو,,,
LRR,Lar,لار,,,
LBU,Labuan,لابوان,,,
LAP,La Paz,لاباز,,,
LPB,La Paz,لاباز,,,
LCG,La Coruna,لا كورونيا,,,
LFR,La Fria,لا فريا,,,
IRJ,La Rioja,لا ريوخا,,,
KIN,Kingston,كينغستون,,,
KET,Kengtung,كينغتونغ,,,
FIH,Kinshasa,كينشاسا,,,
KGC,Kingscote,كينسكوت,,,
KDI,Kendari,كيندارى,,,
ENA,Kenai,كيناي,,,
KIM,Kimberley,كيمبرلي,,,
ILE,Killeen,كيلين,,,
JGO,Qeqertarsuaq Airport,كيكيرتارسواك,,,
KVL,Kivalina,كيفالينا,,,
KRN,Kiruna,كيرونا,,,
KVX,Kirov,كيروف,,,
IRA,Kirakira,كيرا كيرا,,,
KTT,Kittila,كيتيلا,,,
KTL,Kitale,كيتالي,,,
KTG,Ketapang,كيتابانج,,,
YQB,Quebec,كيبيك,,,
LUR,Cape Lisburne,كيب ليسبورن,,,
YTE,Cape Dorset,كيب دورست,,,
EYW,Key West,كي ويست,,,
CJB,Coimbatore,كويمباتور,,,
UEL,Quelimane,كويليمان,,,
QRO,Queretaro,كويريتارو,,,
YVP,Kuujjuaq,كويجواك,,,
UET,Quetta,كويتا,,,
USM,Koh Samui,كوه ساموي,,,
KNX,Kununurra,كونونورا,,,
KMG,Kunming,كونمينغ,,,
CKY,Conakry,كوناكري,,,
UEO,Kumejima,كوميجيما,,,
YQQ,Comox,كوموكس,,,
CRD,Comodoro Rivadavia,كومودورو ريفادافيا,,,
KMJ,Kumamoto,كوماموتو,,,
KOC,Koumac,كوماك,,,
CUL,Culiacan,كولياكان,,,
CAE,Columbia,كولومبيا,,,
CMH,Columbus,كولومبوس,,,
CSG,Columbus,كولومبوس,,,
COS,Colorado Springs,كولورادو سبرينغز,,,
ZSA,Cockburn Town,كوكبرن تاون,,,
KSN,Kostanay,كوستناي,,,
CZE,Coro,كورو,,,
ORK,Cork,كورك,,,
URS,Kursk,كورسك,,,
CDV,Cordova,كوردوفا,,,
CRP,Corpus Christi,كوربوس كريستي,,,
YZS,Coral Harbour,كورال هاربر,,,
ADQ,Kodiak,كودياك,,,
KUD,Kudat,كودات,,,
KCH,Kuching,كوتشينغ,,,
KCZ,Kochi,كوتشي,,,
KUT,Kutaisi,كوتايسي,,,
CBO,Cotabato,كوتاباتو,,,
KBR,Kota Bharu,كوتا بهارو,,,
CPH,Copenhagen,كوبنهاغن,,,
KWJ,Kwangju,كوانجو,,,
KUA,Kuantan,كوانتان,,,
KUL,Kuala Lumpur,كوالا لمبور,,,
KNH,Chinmen,كنمن,,,
CFE,Clermont Ferrand,كليرمون فيران,,,
KLU,Klagenfurt,كلاغنفورت,,,
CCV,Craig Cove,كريغ كوف,,,
KRS,Kristiansand,كريستيانساند,,,
CRA,Craiova,كرايوفا,,,
KRF,Kramfors,كرامفورس,,,
CCS,Caracas,كراكاس,,,
KGF,Karaganda,كراغندي,,,
KJA,Krasnojarsk,كراسنوجارسك,,,
CAY,Cayenne,كايين,,,
CCC,Cayo Coco,كايو كوكو,,,
KKR,Kaukura Atoll,كاوكورا أتول,,,
LIH,Kauai,كاواي,,,
CUN,Cancun,كانكون,,,
MKC,Kansas City,كانساس سيتي,,,
XGR,Kangiqsualujjuaq,كانجيكسوالوجواك,,,
YKG,Kangirsuk,كانجيرسوك,,,
KMQ,Kanazawa,كانازاوا,,,
CPV,Campina Grande,كامبينا غراندي,,,
CPE,Campeche,كامبيتشي,,,
YCB,Cambridge Bay,كامبردج باي,,,
KGD,Kaliningrad,كالينينغراد,,,
KMV,Kalemyo,كاليميو,,,
CAG,Cagliari,كالياري,,,
KHG,Kashi,كاشي,,,
JCH,Qasigiannguit,كاسيجيانغوت,,,
KZS,Kastelorizo,كاستيلوريزو,,,
KSO,Kastoria,كاستوريا,,,
DCM,Castres,كاستر,,,
CAC,Cascavel,كازكافيل,,,
CWL,Cardiff,كارديف,,,
CTG,Cartagena,كارتاخينة,,,
KRY,Karamay,كاراماي,,,
KTA,Karratha,كاراثا,,,
CJA,Cajamarca,كاخاماركا,,,
CGY,Cagayan De Oro,كاجايان دي اورو,,,
MPH,Caticlan,كاتيكلان,,,
CRM,Catarman,كاترمان,,,
CTC,Catamarca,كاتاماركا,,,
CAH,Ca Mau,كا ماو,,,
ASR,Kayseri,قيصرية,,,
UND,Kunduz,قندوز,,,
COR,Cordoba,قرطبة,,,
XQP,Quepos,قابوس,,,
VHM,Vilhelmina,فيلهلمينا,,,
VNO,Vilnius,فيلنيوس,,,
VSA,Villahermosa,فيلاهيرموسا,,,
VVC,Villavicencio,فيلافيسينسيو,,,
PHL,Philadelphia,فيلادلفيا,,,
VCT,Victoria,فيكتوريا,,,
YYJ,Victoria,فيكتوريا,,,
VTZ,Visakhapatnam,فيزاكا باتنام,,,
VRN,Verona,فيرونا,,,
VER,Veracruz,فيراكروز,,,
VGA,Vijayawada,فيجاياوادا,,,
VIX,Vitoria,فيتوريا,,,
VIT,Vitoria,فيتوريا,,,
PHS,Phitsanulok,فيتسانولوك,,,
FUK,Fukuoka,فوكوكا,,,
VOZ,Voronezh,فورونيج,,,
FMA,Formosa,فورموزا,,,
VKT,Vorkuta,فوركوتا,,,
FDE,Forde,فورد,,,
FWA,Fort Wayne,فورت واين,,,
YYE,Fort nelson,فورت نيلسون,,,
ZFM,Fort Mcpherson,فورت مكفرسون,,,
YAG,Fort Frances,فورت فرانسيس,,,
YFS,Fort Simpson,فورت سيمبسون,,,
FSM,Fort Smith,فورت سميث,,,
YSM,Fort smith,فورت سميث,,,
YFA,Fort Albany,فورت ألباني,,,
UIH,Phucat,فو كات,,,
YFO,Flin Flon,فلين فلون,,,
FLA,Florencia,فلورنسيا,,,
FLO,Florence,فلورنسا,,,
FLR,Florence,فلورنسا,,,
VVO,Vladivostok,فلاديفوستوك,,,
FNA,Freetown,فريتاون,,,
FEN,Fernando Do Noronha,فرناندو دو نورونا,,,
FKL,Franklin,فرانكلين,,,
FBD,Faizabad,فايز آباد,,,
FYV,Fayetteville,فايتفيل,,,
VBV,Vanua Balavu,فانوا بالافو,,,
VLC,Valencia,فالنسيا,,,
ZAL,Valdivia,فالديفيا,,,
VLL,Valladolid,فالادوليد,,,
VAA,Vaasa,فاسا,,,
FMN,Farmington,فارمينغتون,,,
VNS,Varanasi,فاراناسي,,,
VDS,Vadso,فادسو,,,
LWN,Gyumri,غيومري,,,
KWE,Guiyang,غوييانغ,,,
GYN,Goiania,غويانيا,,,
GDQ,Gondar,غوندار,,,
GLF,Golfito,غولفيتو,,,
GST,Gustavus,غوستافوس,,,
GAO,Guantanamo,غوانتانامو,,,
GLA,Glasgow,غلاسكو,,,
PGV,Greenville,غرينفيل,,,
GRB,Green Bay,غرين باي,,,
YGZ,Grise Fiord,غريز فيورد,,,
GRX,Granada,غرناطة,,,
GCN,Grand Canyon,غراند كانيون,,,
GFK,Grand Forks,غراند فوركس,,,
GRR,Grand Rapids,غراند رابيدز,,,
GJT,Grand Junction,غراند جانكشن,,,
GDN,Gdansk,غدانسك,,,
GNV,Gainesville,غاينيسفيل,,,
KVD,Ganja,غانيا,,,
GZT,Gaziantep,غازي عنتاب,,,
INZ,In Salah,عين صلاح,,,
ASB,Ashkhabad,عشق أباد,,,
RAE,Arar,عرعر,,,
TUI,Turaif,طريف,,,
TZX,Trabzon,طرابزون,,,
TOB,Tobruk,طبرق,,,
MCY,Sunshine Coast,صن شاين كوست,,,
NTY,Sun City,صن سيتي,,,
SLL,Salalah,صلالة,,,
VPY,Chimoio,شيمويو,,,
CIT,Chimkent,شيمكنت,,,
YKL,Schefferville,شيفرفيل,,,
SHH,Shishmaref,شيشماريف,,,
XIC,Xichang,شيتشانغ,,,
XFN,Xiangfan,شيانغفان,,,
XMN,Xiamen,شيامن,,,
VFA,Victoria Falls,شلالات فيكتوريا,,,
SSH,Sharm El Sheikh,شرم الشيخ,,,
SZZ,Szczecin,شتشيتسين,,,
CYS,Cheyenne,شايان,,,
ZBR,Chah Bahar,شاه بهار,,,
SWA,Shantou,شانتو,,,
CLT,Charlotte,شارلوت,,,
GXF,Sayun Intl,سيئون الدولي,,,
SEL,Seoul,سيول,,,
YXL,Sioux lookout,سيوكس لوك آوت,,,
FSD,Sioux Falls,سيوكس فولز,,,
CVM,Ciudad Victoria,سيوداد فيكتوريا,,,
REP,Siem Reap,سيم ريب,,,
SCW,Syktyvkar,سيكتيفكار,,,
JHS,Sisimiut,سيسيميوت,,,
ICI,Cicia,سيسيا,,,
SYR,Syracuse,سيراكيوز,,,
YQY,Sydney,سيدني,,,
JSH,Sitia,سيتيا,,,
AKY,Sittwe,سيتوي,,,
SBZ,Sibiu,سيبيو,,,
CEB,Cebu,سيبو,,,
SBW,Sibu,سيبو,,,
SKT,Sialkot,سيالكوت,,,
SEA,Seattle,سياتل,,,
SDL,Sundsvall,سوندسفال,,,
SFJ,Sondrestrom,سوندرستورم,,,
SOC,Solo City,سولو سيتي,,,
YAM,Sault Ste Marie,سولت سانت ماري,,,
CIU,Sault Ste Marie,سولت سانت ماري,,,
SKZ,Sukkur,سوكور,,,
SUB,Surabaya,سورابايا,,,
AER,Sochi,سوتشي,,,
SCU,Santiago De Cuba,سنتياغو دي كوبا,,,
AZS,Samana,سمانا,,,
SKU,Skiros,سكيروس,,,
SZK,Skukuza,سكوكوزا,,,
BFF,Scottsbluff,سكوتسبلوف,,,
SKP,Skopje,سكوبي,,,
SCT,Socotra,سقطرى,,,
QSF,Setif,سطيف,,,
YJT,Stephenville,ستيفنفيل,,,
STO,Stockholm,ستوكهولم,,,
SKN,Stokmarknes,ستوكماركنس,,,
SYY,Stornoway,ستورنوواي,,,
SRP,Stord,ستورد,,,
SVG,Stavanger,ستافنجر,,,
YYH,Spence Bay,سبينس باي,,,
SGF,Springfield,سبرينغفيلد,,,
AXP,Spring Point,سبرينغ سبوت,,,
SDP,Sand Point,سبرينغ بوينت,,,
SOU,Southampton,ساوثامبتون,,,
XSC,South Caicos,ساوث كايكوس,,,
SBN,South Bend,ساوث بيند,,,
SLZ,Sao Luis,ساو لويس,,,
SJP,Sao Jose Do Rio Preto,ساو جوزيه دو ريو بريتو,,,
ZSJ,Sandy lake,ساندي ليك,,,
YZP,Sandspit,ساندسبيت,,,
SDK,Sandakan,سانداكان,,,
SDQ,Santo Domingo,سانتو دومينغو,,,
STD,Santo Domingo,سانتو دومينغو,,,
STM,Santarem,سانتاريم,,,
RIA,Santa Maria,سانتا ماريا,,,
SFN,Santa Fe,سانتا في,,,
RSA,Santa Rosa,سانتا روزا,,,
STS,Santa Rosa,سانتا روزا,,,
SLU,St Lucia,سانت لوسيا,,,
EUX,St Eustatius,سانت اوستاتيوس,,,
SLP,San Luis Potosi,سان لويس بوتوسي,,,
SBP,San Luis Obispo,سان لويس أوبيسبو,,,
BRC,San Carlos De Bariloch,سان كارلوس دي باريلوتشي,,,
SFD,San Fernando De Apure,سان فرناندو دي أبوري,,,
EAS,San Sebastian,سان سيباستيان,,,
AFA,San Rafael,سان رافائيل,,,
SJE,San Jose Del Guaviare,سان خوسيه ديل غوافياري,,,
SJC,San Jose,سان خوسيه,,,
SJO,San Jose,سان خوسيه,,,
SJU,San Juan,سان خوان,,,
SOM,San Tome,سان تومي,,,
SJT,San Angelo,سان أنجيلو,,,
SZF,Samsun,سامسون,,,
SVB,Sambava,سامبافا,,,
YZG,Salluit,سالويت,,,
SZG,Salzburg,سالزبورغ,,,
SLA,Salta,سالتا,,,
SNO,Sakon Nakhon,ساكون ناخون,,,
YSY,Sachs Harbour,ساكس هاربر,,,
SVL,Savonlinna,سافونلينا,,,
SVA,Savoonga,سافونجا,,,
SAV,Savannah,سافانا,,,
YZR,Sarnia,سارنيا,,,
SCN,Saarbruecken,ساربروكن,,,
SLK,Saranac Lake,ساراناك ليك,,,
ZPB,Sachigo Lake,ساتشيغو ليك,,,
SAB,Saba,سابا,,,
ZCL,Zacatecas,زاكاتيكاس,,,
REU,Reus,ريوس,,,
RGA,Rio Grande,ريو غراندي,,,
RGL,Rio Gallegos,ريو غاليغوس,,,
YRB,Resolute,ريزولوت باي,,,
YQF,Red Deer Industrial,ريد دير الصناعية,,,
REG,Reggio Calabria,ريجيو كالابريا,,,
YQR,Regina,ريجينا,,,
RIC,Richmond,ريتشموند,,,
RAO,Ribeirao preto,ريبيراو بريتو,,,
RIB,Riberalta,ريبيرالتا,,,
YUT,Repulse Bay,ريبالس باي,,,
ROM,Rome,روما,,,
TTQ,Roxana,روكسانا,,,
RXS,Roxas City,روكساس سيتي,,,
RVN,Rovaniemi,روفانيمي,,,
ROS,Rosario,روزاريو,,,
RHO,Rhodes,رودس,,,
ROC,Rochester,روتشستر,,,
RTM,Rotterdam,روتردام,,,
RAH,Rafha,رفحاء,,,
RYK,Rahim Yar Khan,رحيم يار خان,,,
UNN,Ranong,رانونج,,,
YRT,Rankin Inlet,رانكين إنليت,,,
RBV,Ramata,راماتا,,,
VKG,Rach Gia,راش جيا,,,
RAJ,Rajkot,راجكوت,,,
RJA,Rajahmundry,راجاهموندري,,,
DMU,Dimapur,ديمابور,,,
DLG,Dillingham,ديلينجهام,,,
YGR,Iles De La Madeleine,ديزيل دي لا مادلين,,,
YDF,Deer lake,دير ليك,,,
DTT,Detroit,ديترويت,,,
DPL,Dipolog,ديبولوغ,,,
DIB,Dibrugarh,ديبروجاره,,,
DIN,Dienbienphu,ديان بيان فو,,,
DIY,Diyabakir,ديار بكر,,,
DSM,Des Moines,دي موين,,,
DNH,Dunhuang,دونهوانغ,,,
DOL,Deauville,دوفيل,,,
DUS,Dusseldorf,دوسلدورف,,,
DTM,Dortmund,دورتموند,,,
DHN,Dothan,دوثان,,,
DBV,Dubrovnik,دوبروفنيك,,,
DLA,Douala,دوالا,,,
DUJ,Du Bois,دو بوا,,,
DED,Dehradun,دهرادون,,,
DNK,Dnepropetrovsk,دنيبروبيتروفسك,,,
DAM,Damascus,دمشق,,,
DYG,Dayong,دايونغ,,,
YDQ,Dawson Creek,داوسون كريك,,,
DBA,Dalbandin,دالباندين,,,
DLI,Dalat,دالات,,,
DRW,Darwin,داروين,,,
DAR,Dar Es Salaam,دار السلام,,,
XRY,Jerez De La Frontera,خيريز دي لا فرونتيرا,,,
LNB,Lamen Bay,خليج لامين,,,
YCS,Chesterfield Inlet,خليج تشيسترفيلد,,,
HFE,Hefei,خفي,,,
KHD,Khorram Abad,خرم آباد,,,
CHQ,Chania,خانيا,,,
KSQ,Khanabad,خان أباد,,,
HJR,Khajuraho,خاجوراهو,,,
ASV,Amboseli National Park,حديقة أمبوسيلي الوطنية,,,
JDZ,Jingdezhen,جينغدتشن,,,
JMS,Jamestown,جيمستاون,,,
JYV,Jyvaskyla,جيفاسكيلا,,,
DZN,Zhezkazgan,جيزكازجان,,,
GET,Geraldton,جيرالدتون,,,
CJU,Jeju,جيجو,,,
JIB,Djibouti,جيبوتي,,,
JGN,Jiayuguan,جيايوقوان,,,
JMU,Jiamusi,جياموسي,,,
JHB,Johor Bahru,جوهور باهرو,,,
JNB,Johannesburg,جوهانسبرج,,,
GEO,Georgetown,جورج تاون,,,
JLN,Joplin,جوبلين,,,
JPA,Joao Pessoa,جواو بيسوا,,,
GAU,Guwahati,جواهاتي,,,
GWL,Gwalior,جواليور,,,
JDO,Juazeiro Do Norte,جوازيرو دو نورتي,,,
GWD,Gwadar,جوادر,,,
HTI,Hamilton Island,جزيرة هاميلتون,,,
IUE,Niue Island,جزيرة نيوي,,,
MIS,Misima island,جزيرة ميسيما,,,
MOI,Mitiaro Island,جزيرة ميتيارو,,,
MGS,Mangaia Island,جزيرة منغايا,,,
MUK,Mauke Island,جزيرة ماوكي,,,
SEZ,Mahe Island,جزيرة ماهي,,,
SWJ,Malekula Island,جزيرة ماليكولا,,,
LNV,Lihir Island,جزيرة ليهير,,,
LKB,Lakeba Island,جزيرة لاكيبا,,,
CPX,Culebra island,جزيرة كوليبرا,,,
XCH,Christmas island,جزيرة كريسماس,,,
CYB,Cayman Brac Is,جزيرة كايمان براك,,,
GCM,Grand Cayman Island,جزيرة كايمان العظمى,,,
KGE,Kagau Island,جزيرة كاغاو,,,
GDT,Grand Turk Is,جزيرة غراند تورك,,,
VXE,Sao Vicente Island,جزيرة ساو فيسنتي,,,
SJZ,Sao Jorge Island,جزيرة ساو خورخي,,,
STX,St Croix Island,جزيرة سانت كروا,,,
RRG,Rodrigues Is,جزيرة رودريغز,,,
RFP,Raiatea Island,جزيرة راياتيا,,,
ZGU,Gaua Island,جزيرة جاوا,,,
PBJ,Paama Island,جزيرة باما,,,
OKI,Oki Island,جزيرة أوكي,,,
JIK,Ikaria Island,جزيرة إيكاريا,,,
TQR,Tremiti Islands,جزر تريميتي,,,
GRQ,Groningen,جرونينجن,,,
DJE,Djerba,جربة,,,
ISA,Mount Isa,جبل عيسى,,,
DJG,Djanet,جانت,,,
DMB,Dzhambul,جامبول,,,
GEV,Gallivare,جاليفار,,,
GLK,Galcaio,جالكعيو,,,
JAX,Jacksonville,جاكسونفيل,,,
JKT,Jakarta,جاكرتا,,,
GHB,Governors Harbour,جارفرنرز هاربر,,,
GCK,Garden City,جاردن سيتي,,,
JLR,Jabalpur,جابالبور,,,
YQT,Thunder Bay,ثاندر باي,,,
TJM,Tyumen,تيومين,,,
TMX,Timimoun,تيميمون,,,
TIM,Timika,تيميكا,,,
TSR,Timisoara,تيميسوارا,,,
THE,Teresina,تيريسينا,,,
TIR,Tirupati,تيروباتي,,,
TIJ,Tijuana,تيخوانا,,,
TGO,Tongliao,تونغلياو,,,
TLS,Toulouse,تولوز,,,
TUL,Tulsa,تولسا,,,
TUS,Tucson,توكسون,,,
TGZ,Tuxtla Gutierrez,توكستلا غوتيريز,,,
TOG,Togiak Village,توغياك فيليج,,,
TUG,Tuguegarao,توغويغاراو,,,
TOE,Tozeur,توزر,,,
TRC,Torreon,توريون,,,
TKU,Turku,توركو,,,
BRQ,Turany,توراني,,,
TMM,Toamasina,تواماسينا,,,
TMR,Tamanrasset,تمنراست,,,
TLM,Tlemcen,تلمسان,,,
TLV,Tel Aviv Yafo,تل أبيب يافا,,,
TAI,Taiz,تعز,,,
TTU,Tetouan,تطوان,,,
MAA,Chennai,تشيناي,,,
CIF,Chifeng,تشيفنغ,,,
CNX,Chiang Mai,تشيانغ ماي,,,
CJJ,Chongju,تشونغجز,,,
HSN,Zhoushan,تشوشان,,,
JUZ,Quzhou,تشوتشو,,,
PZH,Zhob,تشوب,,,
ZUM,Churchill Falls,تشرشل فولز,,,
ZAT,Zhaotong,تشاوتونغ,,,
CGD,Changde,تشانغده,,,
CMI,Champaign,تشامبيغن,,,
CTL,Charleville,تشارليفيل,,,
CRW,Charleston,تشارلستون,,,
TDD,Trinidad,ترينيداد,,,
REL,Trelew,تريليو,,,
TRV,Trivandrum,تريفاندروم,,,
TRS,Trieste,تريست,,,
TRD,Trondheim,تروندهايم,,,
TMJ,Termez,ترمذ,,,
TVC,Traverse City,ترافيرس سيتي,,,
TPS,Trapani,تراباني,,,
TBS,Tbilisi,تبليسي,,,
TBZ,Tabriz,تبريز,,,
TNN,Tainan,تاينان,,,
TYR,Tyler,تايلر,,,
TSV,Townsville,تاونزفيل,,,
TRG,Tauranga,تاورانجا,,,
TMI,Tumling Tar,تاملينغ تار,,,
TLL,Tallinn,تالين,,,
TLH,Tallahassee,تالاهاسي,,,
TYL,Talara,تالارا,,,
TKX,Takaroa,تاكارو,,,
TKP,Takapoto,تاكابوتو,,,
TAG,Tagbilaran,تاغبيلاران,,,
YTQ,Tasiujaq,تاسيجاك,,,
TRW,Tarawa,تاراوا,,,
TRK,Taraken,تاراكين,,,
TPP,Tarapoto,تارابوتو,,,
TCG,Tacheng,تاتشنغ,,,
FNJ,Pyongyang,بيونغ يانغ,,,
PIU,Piura,بيورا,,,
BHY,Beihai,بيهاي,,,
POL,Pemba,بيمبا,,,
BIL,Billings,بيلينغز,,,
YBB,Pelly Bay,بيلي باي,,,
QBC,Bella Coola,بيلا كولا,,,
BFL,Bakersfield,بيكرسفيلد,,,
YPM,Pikangikum,بيكانغيكوم,,,
YTL,Big Trout Lake,بيغ تراوت ليك,,,
FRU,Bishkek,بيشكيك,,,
BHH,Bisha,بيشة,,,
PSA,Pisa,بيزا,,,
PEI,Pereira,بيريرا,,,
PGX,Perigueux,بيريجو,,,
PEG,Perugia,بيروجيا,,,
BGO,Bergen,بيرغن,,,
BVI,Birdsville,بيردزفيل,,,
BIR,Biratnagar,بيراتناغار,,,
BEW,Beira,بيرا,,,
PDS,Piedras Negras,بيدراس نيغراس,,,
PIT,Pittsburgh,بيتسبرغ,,,
PZB,Pietermaritzburg,بيترماريتزبرج,,,
BUN,Buenaventura,بوينافينتورا,,,
PEU,Puerto Lempira,بويرتو مبيرا,,,
PEM,Puerto Maldonado,بويرتو مالدونادو,,,
PPS,Puerto Princesa,بويرتو برنسيسا,,,
PYH,Puerto Ayacucho,بويرتو أياكوتشو,,,
PZO,Puerto Ordaz,بويرتو أورداث,,,
PUU,Puerto Asis,بويرتو أسيس,,,
PXM,Puerto Escondido,بويرتو إسكونديدو,,,
BON,Bonaire,بونير,,,
BDB,Bundaberg,بوندابرج,,,
PDL,Ponta Delgada,بونتا ديلجادا,,,
BMV,Buonmethuot,بون ما ثوت,,,
BPT,Beaumont,بومونت,,,
PUW,Pullman,بولمان,,,
BUQ,Bulawayo,بولاوايو,,,
PIH,Pocatello,بوكاتيلو,,,
PKP,Puka puka,بوكا بوكا,,,
NBC,Beaufort,بوفورت,,,
BUF,Buffalo,بوفالو,,,
USU,Busuanga,بوسوانغا,,,
BSA,Bosaso,بوساسو,,,
PSS,Posadas,بوساداس,,,
BZN,Bozeman,بوزمان,,,
PMV,Porlamar,بورلامار,,,
BOD,Bordeaux,بوردو,,,
POA,Porto Alegre,بورتو أليغري,,,
OPO,Porto,بورتو,,,
PDX,Portland,بورتلاند,,,
PTJ,Portland,بورتلاند,,,
PZU,Port Sudan,بورتسودان,,,
PHE,Port Hedland,بورت هيدلاند,,,
PTH,Port Heiden,بورت هايدن,,,
PHC,Port Hartcourt,بورت هاركورت,,,
PQQ,Port Macquarie,بورت ماكواري,,,
VLI,Port Vila,بورت فيلا,,,
IXZ,Port Blair,بورت بلير,,,
PAP,Port Au Prince,بورت أو برنس,,,
PLZ,Port Elizabeth,بورت اليزابيث,,,
BOB,Bora bora,بورا بورا,,,
BOO,Bodo,بودو,,,
LCH,Lake Charles,بحيرة تشارلز,,,
TGH,Tongoa Island,بودغوريكا غولوبوفسي,,,
BUD,Budapest,بودابست,,,
BJM,Bujumbura,بوجمبورا,,,
BTM,Butte,بوتي,,,
PTP,Pointe A Pitre,بوانت أبيتر,,,
BVB,Boa Vista,بوا فيستا,,,
BVC,Boa Vista,بوا فيستا,,,
PTY,Panama city,بنما سيتي,,,
BDH,Bandar Lengeh,بندر لنجة,,,
BND,Bandar Abbas,بندر عباس,,,
BWN,Bandar Seri Begawan,بندر سيري بيغاوان,,,
PJG,Panjgur,بنجكور,,,
BIO,Bilbao,بلباو,,,
BLZ,Blantyre,بلانتير,,,
BKQ,Blackall,بلاكال,,,
BGW,Baghdad,بغداد,,,
BJZ,Badajoz,بطليوس,,,
BSK,Biskra,بسكرة,,,
BDS,Brindisi,برينديزي,,,
PVK,Preveza,بريفيزا,,,
PRC,Prescott,بريسكوت,,,
BES,Brest,بريست,,,
BNE,Brisbane,بريسبان,,,
BGI,Bridge Town,بريدج تاون,,,
BNN,Bronnoysund,برونويسوند,,,
BRU,Brussels,بروكسل,,,
PVD,Providence,بروفيدنس,,,
BRN,Berne,برن,,,
BHM,Birmingham,برمنغهام,,,
BRL,Burlington,برلنغتون,,,
BMW,Bordj Badji Mokhtar,برج باجي مختار,,,
BRO,Brownsville,براونزفيل,,,
BZV,Brazzaville,برازافيل,,,
BFD,Bradford,برادفورد,,,
BTS,Bratislava,براتيسلافا,,,
YWL,Williams Lake,بحيرة ويليامز,,,
YAC,Cat Lake,بحيرة كات,,,
YOP,Rainbow lake,بحيرة قوس قزح,,,
YNO,North spirit lake,بحيرة سبيريت الشمالية,,,
YPL,Pickle Lake,بحيرة بيكل,,,
YAA,Anahim Lake,بحيرة أناهيم,,,
PUF,Pau,باو,,,
HUX,Bahias Dehuatulco,باهياس دا هواتولكو,,,
BHI,Bahia Blanca,باهيا بلانكا,,,
BMO,Banmaw,بانماو,,,
PGK,Pangkal Pinang,بانغكال بينانغ,,,
BPX,Bangda,بانغدا,,,
BJL,Banjul,بانجول,,,
PNL,Pantelleria,بانتيليريا,,,
JFR,Paamiut,باميوت,,,
BKO,Bamako,باماكو,,,
BNK,Ballina Byron Bay,بالينا - خليج بايرون,,,
PLM,Palembang,باليمبانغ,,,
BPN,Balikpapan,باليكبابان,,,
PMW,Palmas,بالماس,,,
PSP,Palm Springs,بالم سبرينغز,,,
BWI,Baltimore,بالتيمور,,,
PLQ,Palanga,بالانغا,,,
PKY,Palangkaraya,بالانجكارايا,,,
PFB,Passo Fundo,باسو فوندو,,,
BSO,Basco,باسكو,,,
PSO,Pasto,باستو,,,
BBN,Bario,باريو,,,
PBH,Paro,بارو,,,
BAX,Barnaul,بارناول,,,
BRM,Barquisimeto,باركيسيميتو,,,
LSP,Paraguana,باراغوانا,,,
PBO,Paraburdoo,بارابوردو,,,
PPQ,Paraparaumu,باراباراومو,,,
BRR,Barra,بارا,,,
BHB,Bar Harbor,بار هاربر,,,
PAD,Paderborn,بادربورن,,,
ZBF,Bathurst,باثورست,,,
BTR,Baton Rouge,باتون روج,,,
GPA,Patras,باتراس,,,
PPT,Papeete,بابيتي,,,
EQS,Esquel,آيسكيول,,,
AYQ,Ayers Rock,آيرز روك,,,
ACI,Alderney,آلديرني,,,
AAR,Aarhus,آرهوس,,,
OWB,Owensboro,أونسبورو,,,
YUD,Umiujaq,أوميوجاك,,,
UME,Umea,أوميا,,,
HLH,Ulanhot,أولانهوت,,,
OKC,Oklahoma City,أوكلاهوما سيتي,,,
AKL,Auckland,أوكلاند,,,
UFA,Ufa,أوفا,,,
USH,Ushuaia,أوشوايا,,,
OSI,Osijek,أوسييك,,,
OST,Ostend,أوستند,,,
AUS,Austin,أوستن,,,
UKK,Ust Kamenogorsk,أوست كامينوغورسك,,,
UDJ,Uzhgorod,أوزجورود,,,
UGC,Urgench,أورجينتش,,,
URA,Uralsk,أورالسك,,,
OMR,Oradea,أوراديا,,,
AAA,Anaa,آنا,,,
AGH,Angelholm Helsingborg,انغلهولم هلسنجبورج,,,
ANE,Angers Marc,أنجرز/ مارك,,,
AVL,Asheville Hendersonville,آشفيل / هينديرسونفيل,,,
UTH,Udon Thani,أودون ثاني,,,
UPG,Ujung pandang,أوجونغ باندانغ,,,
OGS,Ogdensburg,أوجدينسبيرغ,,,
UII,Utila,أوتيلا,,,
UBP,Ubon Ratchathani,أوبون راتشاثاني,,,
ANI,Aniak,أنياك,,,
AOI,Ancona,أنكونا,,,
ANC,Anchorage,أنكوريج,,,
ANK,Ankara,أنقرة,,,
AZN,Andizhan,أنديجان,,,
ANX,Andoya,أندويا,,,
AJN,Anjouan,أنجوان,,,
DIE,Antsiranana,أنتسيرانانا,,,
DYR,Anadyr,أنادير,,,
SID,Amilcar Cabral,أميلكار كابرال,,,
AMS,Amsterdam,أمستردام,,,
AXD,Alexandroupolis,أليكساندروبولي,,,
ALC,Alicante,أليكانتي,,,
LLU,Alluitsup paa,ألويتسوب بآ,,,
ALA,Almaty,ألماتي,,,
ACH,Altenrhein,ألتنرهين,,,
APN,Alpena,ألبينا,,,
ABY,Albany,ألباني,,,
ALB,Albany,ألباني,,,
ALH,Albany,ألباني,,,
AKV,Akulivik,أكوليفيك,,,
ACV,Arcata,أركاتا,,,
AJR,Arvidsjaur,أرفيدزجوز,,,
ERZ,Erzurum,أرضروم,,,
ADU,Ardabil,أردبيل,,,
EBL,Erbil,أربيل,,,
AMH,Arba Minch,أربا منتش,,,
TBP,Tumbes,أديس أبابا,,,
BQN,Aguadilla,أجوديلا,,,
AJA,Ajaccio,أجاكسيو,,,
IXA,Agartala,أجارتالا,,,
ACY,Atlantic City,أتلانتيك سيتي,,,
ATL,Atlanta,أتلانتا,,,
ATK,Atqasuk,أتكيوسوك,,,
YAT,Attawapiskat,أتاوابيسكات,,,
ABV,Abuja,أبوجا,,,
AUH,Abu Dhabi,أبو ظبي,,,
AHB,Abha,أبها,,,
ATW,Appleton,أبليتون,,,
ABR,Aberdeen,أبردين,,,
INV,Inverness,إينفيرنيس,,,
IMF,Imphal,إيمفال,,,
ILI,Iliamna,إيليامنا,,,
JAV,Ilulissat,إيلوليسات,,,
IOS,Ilheus,إيلهيوس,,,
SVX,Ekaterinburg,إيكاترينبرغ,,,
YIK,Ivujivik,إيفوجيفيك,,,
IGG,Igiugig,إيجيوجيج,,,
IBZ,Ibiza,إيبيزا,,,
IVC,Invercargill,إنفركارجل,,,
ENE,Ende,إنده,,,
NDJ,N Djamena,إنجامينا,,,
INL,International Falls,إنترناشونال فولز,,,
IMP,Imperatriz,إمبيراتريز,,,
EZS,Elazig,إلازِغ,,,
IQT,Iquitos,إكيتوس,,,
ISP,Islip,إسليب,,,
ISB,Islamabad,إسلام أباد,,,
YEK,Eskimo Point,إسكيمو بوينت,,,
IZM,Izmir,إزمير,,,
ERF,Erfurt,إرفورت,,,
IGU,Iguassu Falls,إجوازو,,,
EGS,Egilsstadir,ايغلستادير,,,
EBJ,Esbjerg,ايسبيرج,,,
URG,Uruguaiana,اوروغوايانا,,,
WRE,Whangarei,انجاري,,,
AQG,Anqing,ان تشينغ,,,
SUF,Lamezia Terme,اميزيا تيرمي,,,
EJH,Wejh,الوجه,,,
MIR,Monastir,المنستير,,,
MED,Madinah,المدينة المنورة,,,
ELF,El Fasher,الفاشر,,,
ELD,El Dorado,الدورادو,,,
DOH,Doha,الدوحة,,,
DWD,Dawadmi,الدوادمي,,,
CAS,Casablanca,الدار البيضاء,,,
HOD,Hodeidah,الحديدة,,,
BAH,Bahrain,البحرين,,,
YPR,Prince Rupert,الأمير روبرت,,,
YXS,Prince George,الأمير جورج,,,
LXR,Luxor,الأقصر,,,
AWZ,Ahwaz,الأحواز,,,
ALY,Alexandria,الإسكندرية,,,
IST,Istanbul,اسطنبول,,,
IFJ,Isafjordur,اسافجوردور,,,
ERC,Erzincan,ارزينجان,,,
ADD,Addis Ababa,اديس ابابا,,,
KIF,Kingfisher Lake,الرفراف بحيرة,,,
TKG,Bandar Lampung Sumatra Island,بندر لامبونج- جزيرة سومطرة,,,
BHZ,Belo horizonte belo horizon,بيلو هوريزونتي / بيلو هوريزون,,,
BGM,Binghamton Endicott Johnson City,بينغهامتون / إنديكوت / جونسون سيتي,,,
BMI,Bloomington Normal,بلومنغتن - نورمال,,,
BOY,Bobo Dioulasso,بوبو ديولاسو,,,
SRQ,Bradenton Sarasota,برادنتون / ساراسوتا,,,
MRY,Carmel Monterey,الكرمل / مونتيري,,,
HIB,Chisholm Hibbing,تشيشولم / هيبينغ,,,
CNJ,Cloncurry,كلونكيري,,,
DFW,Dallas Fort Worth,دالاس فورت وورث,,,
SRY,Dasht E Naz,دشتي ناز,,,
DSA,Doncaster Sheffield,دونكاستر شيفيلد,,,
EDI,Edinburgh,- إدنبره,,,
ABT,El Baha,الباحة,,,
ERH,Er Rachidia,الرشيدية,,,
ESC,Escanaba,اسكانابا,,,
EPR,Esperance,إسبيرانس,,,
EWB,Fall River New Bedford,فول ريفر / نيو بيدفورد,,,
MSL,Florence Muscle Shoals Sheffield,فلورنسا / ماسل شولز/ شيفيلد,,,
FLW,Flores Flores Isl,فلوريس (جزيرة فلوريس),,,
FUE,Fuerteventura Puerto Del Rosario,فويرتيفنتورا / بويرتو ديل روساريو,,,
GGG,Gladewater Kilgore Longview,كلادووتر / كيلغور / لونغفيو,,,
GSO,Greensboro High Point High Point,غرينزبورو/ هاي بوينت / هاي بوينت,,,
GTE,Groote Eylandt,جروتي يلاندت,,,
SUN,Hailey Sun Valley,هيلي صن فالي,,,
PHF,Hampton Newport News Williamsburg,هامبتون / نيوبورت نيوز / وليامز بيرغ,,,
LEB,Hanover Lebanon White River,هانوفر / ليبانون / وايت ريفر,,,
EVE,Harstad Narvik,هارستاد نارفيك,,,
HME,Hassi Messaoud,حاسي مسعود,,,
HNH,Hoonah,هوناه,,,
HTS,Huntington Ashland,هنتنغتون آشلاند,,,
IWD,Ironwood,آيرون وود,,,
ZIH,Ixtapa Zihuatanejo,إكستابا- زيهواتانيجو,,,
FKB,Karlsruhe Baden Baden,كارلسروه / بادن بادن,,,
HMA,Khanty Mansiysk,خانتي مانسيسك,,,
KOI,Kirkwall Orkney Island,كيركوال / جزيرة أوركني,,,
KZO,Kzyl Orda,كيزيلوردا,,,
TER,Lajes Terceira Island,اجيس جزيرة تيرسيرا,,,
LUV,Langgur seram island,لانجور - جزيرة سيرام,,,
LWB,Lewisburg,لويسبيرغ,,,
TOH,Loh Linua,لوه لينوا,,,
LDH,Lord Howe Island,جزيرة لورد هاو,,,
YBX,Lourdes De Blanc Sablon,لوردي دي بلانك سابلون,,,
LDE,Lourdes Tarbes,لورديس تاربيس,,,
MBL,Manistee,مانيستي,,,
PKB,Marietta Parkersburg,ماريتا باركرسبرغ,,,
MWA,Marion,ماريون,,,
MCW,Mason City,ماسون سيتي,,,
MZR,Mazar I Sharif,مزار شريف,,,
MCV,Mcarthur River,مكارثر ريفر,,,
MRZ,Moree,موري,,,
MPA,Mpacha,مباشا,,,
SHM,Nanki Shirahama,نانكي شيراما,,,
NNM,Naryan Mar,ناريان مار,,,
NGE,Ngaoundere,نغاونديري,,,
PAG,Pagadian,باجاديان,,,
THU,Pituffik,بيتوفيك,,,
YPX,Povungnituk,بوفونجنيتوك,,,
RAI,Praia,برايا,,,
PSU,Putussibau Borneo Island,جزيرة بوتو سيبو بورنيو,,,
RST,Rochester Mn,روتشستر مينيسوتا,,,
SBY,Salisbury Ocean City,سالزبوري أوشن سيتي,,,
SMQ,Sampit Borneo Island,جزيرة سامبيت ورنيو,,,
SCZ,Santa Cruz Graciosa Bay Luova,سانتا كروز غروسيوزا باي لوفا,,,
AVP,Scranton Wilkes Barre,سكرانتون ويلكس بار,,,
DIG,Shangri La,شانغريلا,,,
YIF,St Augustin,سانت أوغستين,,,
SBH,St Barthelemy,سانت بارتيليمي,,,
RUN,St Denis De La Reunion,سانت دنيس دي لا ريونيون,,,
SFG,St Martin,سانت مارتن,,,
FSP,St Pierre,سانت بيير,,,
STT,St Thomas,سانت توماس,,,
BEJ,Tanjung Redep Borneo Island,جزيرة تانجونج ريديب بورنيو,,,
TRZ,Tiruchirappally,تيروتشيرابالي,,,
UUD,Ulan Ude,أولان أودي,,,
TMC,Waikabubak Sumba Island,جزيرة ايكابوكاك سومبا,,,
ORH,Worcester,ووستر,,,
KCL,Grand Marais,جراند ماريه,,,
JOK,Yoshkar ola,يوشكار أولا,,,
UUS,Yuzhno Sakhalinsk,يوجنو ساخالينسك,,,
AOO,Altoona Martinsburg,التونا / مارتنزبيرغ,,,
YBC,Baie Comeau,باي كومو,,,
BQB,Bussellton,بوسلتون,,,
DPS,Denpasar Bali,دينباسار بالي,,,
SPC,Santa Cruz De La Palma,سانتا كروز دي لا بالما,,,
CTU,Chengdu,تشنغدو,,,
AAB,Arrabury,أرابوري,,,
AAD,Adado,عدادو,,,
AAK,Aranuka,أرانوكا,,,
ABB,Asaba,أسابا,,,
ABF,Abaiang,أبايانج,,,
ABK,Kebri Dehar,كابري دهار,,,
ABU,Atambua,أتامبوا,,,
ACP,Maragheh,مراغة,,,
ACR,Araracuara,أراراكوارا,,,
ACZ,Zabol,زابُل,,,
AEA,Abemama,آبيميما,,,
AEG,Aek Godang,أيك جودانج,,,
AEM,Amgu,أمجو,,,
AEU,Abu Musa Island,جزيرة أبو موسى,,,
AFZ,Sabzevar,سبزوار,,,
AHJ,Aba Hongyuan,آبا هونجيان,,,
AIS,Arorae,أورورا,,,
AJK,Araak,أراك,,,
AKR,Akure,أكوري,,,
AKS,Auki,أوكي,,,
ANA,Masai Mara,ماساي مارا,,,
AOG,Anshan,آنشان,,,
AOQ,Aappilattoq,آبيلاتوك,,,
AOU,Attapeu,أتابيو,,,
ASA,Assab,عصب,,,
ASI,Ascension Island,جزيرة أسينشين,,,
ASS,Arathusa Safari Lodge,أراثوسا سفاري لودج,,,
ATY,Watertown,ووترتاون,,,
AVA,Anshun,أنشهون,,,
AXF,Alxa Left Banner,ألكسا لفت بانير,,,
AXJ,Amakusa,أماكوسا,,,
AYM,Abu Dhabi Yas Island SPB,أبو ظبي جزيرة ياس وفقاً لبروتوكول الطريق الأقصر,,,
BAR,Qionghai,غيونغهاي,,,
BBG,Butaritari,بوتاريتاري,,,
BCO,Jinka,جينكا,,,
BCU,Bauchi,باوتشي,,,
BEM,Beni Mellal,بني ملال,,,
BEZ,Beru,بيرو,,,
BFC,Bloomfield River,نهر بلومفيلد,,,
BGC,Braganca,براغانزا,,,
BGN,Belaya Gora,بيلايا غورا,,,
BHU,Bhavnagar,بهافانجر,,,
BJB,Bojnurd,بجنورد,,,
BJV,Bodrum Milas Airport,مطار ميلاس بودروم,,,
BJV,Bodrum,بودروم,,,
BJW,Bajawa,باجاوا,,,
BKB,Bikaner,بيكانير,,,
BLB,Balboa,بالبوا,,,
BLV,Belleville,بيلفيل,,,
BMB,Bumba,بومبا,,,
BNC,Beni,بني ,,,
BPC,Bamenda,بامندا,,,
BPG,Barra do Garcas,بارا دو غاركاس,,,
BPL,Bole,بولي,,,
BQG,Bogorodskoye,بوغورودسكوي,,,
BQH,London Biggin Hill,لندن بيغين هيل,,,
BQJ,Batagay,باتاغاي,,,
BTC,Batticaloa,باتيكالوا,,,
BTW,Batu Licin,باتوليسين,,,
BUL,Bulolo,بولولو,,,
BUP,Bathinda,باثيندا,,,
BUT,Bathpalathang,باثبالاثانغ,,,
BUW,Baubau,باو باو,,,
BWX,Banyuwangi,بانيووانجي,,,
BXH,Balhash,بالكاش,,,
BXR,Bam,بام,,,
BXY,Baykonur,بايكونور,,,
BYC,Yacuiba,ياكويبا,,,
BYP,Barimunya,باريمونيا,,,
BZK,Bryansk,بريانسك,,,
CAT,Cascais,كاسكايس,,,
CAX,Carlisle,كارليسل,,,
CBI,Cape Barren Island,جزيرة كيب بارين,,,
CBL,Ciudad Bolivar,سيوداد بوليفار,,,
CCA,Chimore,شيمور,,,
CCR,Concord,كونكورد,,,
CDE,Chengde,شنغد,,,
CDT,Castellon de la Plana,كاستيلون دي لا بلانا,,,
CFK,Chlef,الشلف,,,
CJF,Coondewanna,كوندينوانا,,,
CKX,Chicken,تشيكن,,,
CLP,Clarks Point,كلاركس بوينت,,,
COG,Condoto,كوندوتو,,,
CQD,Shahre Kord,شهر كورد,,,
CSH,Solovetsky,سولوفاتسكي,,,
CTD,Chitre,شيتري,,,
CUA,Ciudad Constitucion,سيوداد كونيستيتسيون,,,
CVN,Clovis Municipal Apt,مطار كلوفيس المحلي  ,,,
CVN,Clovis,كلوفيس,,,
CVQ,Carnarvon,كارنارفون,,,
CWC,Chernivtsi,تشيرنوفستي,,,
CWJ,Cangyuan,جانغيوان,,,
CYD,San Ignacio,سان إيغناسيو,,,
CYI,Chiayi,تشيايي,,,
CYU,Cuyo,كويو,,,
CZN,Chisana,تشيسانا,,,
DBC,Baicheng,بايشينغ,,,
DCG,Dubai Creek SPB,دبي كريك وفقا لبروتوكول الطريق الأقصر,,,
DCN,Derby,دربي,,,
DDD,Kudahuvadhoo,كوداهوفادهو,,,
DDU,Dadu,دادو,,,
DEF,Dezful,دزفول,,,
DEM,Dembi Dolo,ديمبي دولو,,,
DEX,Yahukimo,ياهوكيمو,,,
DGE,Mudgee,مودغي,,,
DHG,Dalnegorsk,دالينغورسك,,,
DIQ,Divinopolis,ديفينوبوليس,,,
DJH,Dubai Jebel Ali SPB,دبي جبل علي وفقا لبروتوكول الطريق الأقصر,,,
DJN,Delta Junction,دلتا جونكشن,,,
DLR,Dalnerechensk,دالنيريتشينسك,,,
DOB,Dobo,دوبو,,,
DOP,Dolpa,دولبا,,,
DPT,Deputatsky,ديبوتاتسكي,,,
DQA,Daqing,داتشيتغ,,,
DQM,Duqm,الدقم,,,
DRT,Del Rio International Apt,مطار ديل ريو الدولي,,,
DRT,Del Rio,ديل ريو,,,
DRV,Dharavandhoo Island,جزيرة دارافاندو,,,
DTB,Siborong-Borong,سيبورونغ-بورونغ,,,
DTU,Wudalianchi,واداليانتسي,,,
DUE,Dundo,دوندو,,,
DWO,Kotte,كوتي,,,
DXE,Madison,ماديسون,,,
EBD,El Obeid,الأبيض,,,
EBH,El Bayadh,البيض,,,
ECI,Rivas,ريفاس,,,
EDA,Edna Bay,خليج إدنا,,,
EDN,Yedinka,إدينكا,,,
EJN,Ejina Banner,إيجن بانر,,,
EKS,Shakhtersk,ساختيرسك,,,
EMR,El Mirador Heliport,مهبط طائرات مروحية الميرادور,,,
EPA,El Palomar,البالومار,,,
ERG,Yerbogachen,يربوغاتشين,,,
ERL,Erenhot,إيرينهوت,,,
ETL,Svetlaya,سفيتلايا,,,
ETR,Santa Rosa,سانتا روز,,,
EZV,Berezovo,بيريزوفو,,,
FAC,Faaite,فايتي,,,
FAH,Farah,فراه,,,
FAU,Fahud,فهود,,,
FEC,Feira de Santana,فيرا دي سانتانا,,,
FGU,Fangatau,فانجاتاو,,,
FHZ,Fakahina,فاكاهينا,,,
FIZ,Fitzroy Crossing,فيتسروي كروسينغ,,,
FLZ,Sibolga,سيبولغا,,,
FNI,Nimes Garons Airport,مطار نيم غارونس,,,
FNI,Nimes,نيم,,,
FTI,Fitiuta,فيتيوتا,,,
FVM,Fuvahmulak Island, فوفامولاك ايلاند,,,
FYJ,Fuyuan,فويوان,,,
FYN,Fuyun,فويون,,,
GCH,Gachsaran,جاشساران,,,
GCT,Grand Canyon,غراند كانيون,,,
GEL,Santo Angelo,سانتو أنجلو,,,
GEM,Mongomo,مونجومو,,,
GGM,Kakamega,كاكاميجا,,,
GGR,Garowe,غاروي,,,
GLN,Guelmime,غُلميم,,,
GLU,Gelephu,جيليفو,,,
GLX,Galela,غليلة,,,
GMO,Gombe,غومبي,,,
GMQ,Golog,غولوغ,,,
GRS,Grosseto,غروسيتو,,,
GTP,Grants Pass,غرانتس باس,,,
GTS,The Granites,الغرانيتس,,,
GTZ,Grumeti,غروميتي,,,
GUB,Guerrero Negro,غيريرو نيغرو,,,
GUO,Guriel,غورييل,,,
GYG,Magan,ماجان,,,
GYM,Guaymas,غوايماس,,,
HBX,Hubli,هوبلي,,,
HCJ,Hechi,هيتشي,,,
HCQ,Halls Creek,هالس كريك,,,
HDM,Hamadan,حمدان,,,
HFA,Haifa,حيفا,,,
HHR,Hawthorne,هاوثورن,,,
HHZ,Hikueru,هيكارو,,,
HIM,Hingurakgoda,هينغوراكغودا,,,
HLE,Jamestown,جيمس تاون,,,
HNY,Hengyang,هينغ يانغ,,,
HOE,Houeisay,هويساي,,,
HOX,Homalin,هومالين,,,
HPG,Shennongjia,شيانونغيا,,,
HTT,Huatugou,هواتغو,,,
HUO,Houlinguole,هولينغولي,,,
IAO,Del Carmen,ديل كارمن,,,
IFP,Bullhead City,بولهيد سيتي ,,,
IFU,Ifuru,إيفورو,,,
IGT,Magas,ماجاس,,,
IHR,Iranshahr,إيران شهر,,,
IIL,Ilam,إيلام,,,
IKE,Ikerasak,إيكيرازاك,,,
IMK,Simikot,سيميكوت,,,
INA,Inta,إنتا,,,
INB,Independence,إندبيندانس,,,
IOQ,Isortoq,إيزورتوك,,,
IOT,Illorsuit,إيلورسوت,,,
IPI,Ipiales,إبياليس,,,
IPL,Imperial County Apt,مطار إمبيريال كونتي,,,
IPL,Imperial/El Centro,إل سينترو/إمبيريال,,,
IQM,Qiemo,تشيمو,,,
IRM,Igrim,إيغريم,,,
ITU,Iturup Island,جزيرة إيتوروب,,,
IUI,Innarsuit,إينرسويت,,,
IVR,Inverell,إنفيريل,,,
IWK,Iwakuni,إيواكوني,,,
IXP,Pathankot,باثانكوت,,,
IXY,Kandla,كاندلا,,,
IYK,Inyokern,إنيوكيرن,,,
IZT,Ixtepec,إيكستيبيك,,,
JAE,Jaen,جان,,,
JAR,Jahrom,جاهروم,,,
JAU,Jauja,جاويا,,,
JBB,Jember,جيمبر,,,
JEK,Lower Zambezi Nat. Park,لوارزامبيزي ناشيونال بارك,,,
JIC,Jinchang,جينشانغ,,,
JIN,Jinja,جينجا,,,
JIO,Tiakur,تياكور,,,
JJD,Cruz,كروز,,,
JJG,Jaguaruna,جاغوارونا,,,
JJM,Meru-Kinna,ميرو/كينا,,,
JKR,Janakpur,جاناكبور,,,
JMJ,Langcang,لانجانغ,,,
JMO,Jomsom,جومسوم,,,
JRF,Kapolei,كابولي,,,
JSA,Jaisalmer,جايسالمير,,,
JSJ,Jiansanjiang,جيانسانينغ,,,
JUH,Chizhou,جيزهو,,,
JUK,Ukkusissat,أوكوسيسات,,,
JUU,Nuugaatsiaq,نوجاتسياك,,,
JWN,Zanjan,زنجان,,,
JYR,Jiroft,جيروفت,,,
KAA,Kasama,كاساما,,,
KAC,Kamishly,القامشلي,,,
KAZ,Kau,كاو,,,
KBH,Kahama,كاهاما,,,
KBZ,Kaikoura,كايكورا,,,
KCF,Kadanwari,كادانوري,,,
KCK,Kirensk,كيرينسك,,,
KCO,Kocaeli,كوجالي,,,
KDA,Kolda,كولدا,,,
KDX,Kadugli,كادوغلي,,,
KDY,Khandyga,خانديغا,,,
KEB,Nanwalek,نانواليك,,,
KEO,Odienne,أودينيه,,,
KEU,Masai Mara,ماساي مارا,,,
KGQ,Kangersuatsiaq,كانجرسواتسيك,,,
KHK,Khark Island,جزيرة خارج,,,
KHQ,Kullorsuaq,كولورسواك,,,
KHX,Kihihi,كيهيهي,,,
KHY,Khoy,خوي,,,
KHZ,Kauehi,كاويهي,,,
KIY,Kilwa Masoko,كلوه ماسوكو,,,
KJH,Huang Ping,هوانغ بينغ,,,
KJI,Burqin,بورجين,,,
KKI,Akiachak,أكياتشاك,,,
KKS,Kashan,كاشان,,,
KLB,Kalabo,كالابو,,,
KLM,Kalaleh,كالاليه,,,
KMC,King Khalid Mil. City,مدينة الملك خالد العسكرية,,,
KNK,Kokhanok,كوخانوك,,,
KOM,Komo-Manda,كومو-ماندا,,,
KOO,Kongolo,كونغولو,,,
KPO,Pohang,بوهانغ,,,
KPW,Keperveyem,كيبرفييم,,,
KQT,Qurghonteppa,قويغونتيبا,,,
KRC,Kerinci,كيرينسي,,,
KSE,Kasese,كاسيسي,,,
KSL,Kassala,كاسالا,,,
KSR,Selayar Islands,جزر ,,,
KSZ,Kotlas,سيلايار,,,
KTJ,Masai Mara,ماساي مارا,,,
KUC,Kuria,كوريا,,,
KUZ,Kuummiut,كوميوت,,,
KVR,Kavalerovo,كافاليروفو,,,
KWF,Waterfall,واترفال,,,
KXA,Kasaan,كاسان,,,
KXK,Komsomolsk-na-Amure,كومسومولسك نا أموري,,,
KXU,Katiu,كاتيو,,,
LAH,Labuha,لابوها,,,
LAJ,Lages,لاجيز,,,
LBN,Lake Baringo,لايك بارينغو,,,
LCR,La Chorrera,لا شوريرا,,,
LDS,Yichun,يشهون,,,
LDY,Derry,ديري,,,
LFM,Lamerd,لاميرد,,,
LFP,Lakefield,لايك فيلد,,,
LFQ,Linfen,لينفين,,,
LKA,Larantuka,لارانتوكا,,,
LLB,Libo,ليبو,,,
LLO,Palopo,بالوبو,,,
LMA,Lake Minchumina,لايك مينتشومينا,,,
LMC,La Macarena,لا ماكارينا,,,
LNL,Longnan,لونغنان,,,
LNO,Leonora,ليونورا,,,
LOV,Monclova,مونكلوفا,,,
LOY,Loyengalani,لوينغالاني,,,
LPD,La Pedrera,لا بيدريرا,,,
LPF,Liupanshui,ليوبانشوي,,,
LPX,Liepaya,ليبايا,,,
LQN,Qalah-ye Now,قالا-يي ناو,,,
LTI,Altai,ألتاي,,,
LTK,Latakia,لاتاكيا,,,
LUA,Lukla,لوكلا,,,
LUL,Hattiesburg/Laurel Hesler-Noble Field,هاتيسبيرغ/لوريل هيسلر نوبل فيلد,,,
LUL,Hattiesburg/Laurel,هاتيسبيرغ /لوريل,,,
LUZ,Lublin Airport,مطار لوبلين,,,
LUZ,Lublin,لوبلين,,,
LVO,Laverton,لافيرتون,,,
LVP,Lavan Island,جزيرة لافان,,,
LWE,Lewoleba,ليوليبا,,,
LZN,Matsu (Nangan),ماتسو (نانغان),,,
MBI,Mbeya,مبيا,,,
MCN,Macon Middle Georgia Regional Apt,مطار ماكون منطقة وسط جورجيا,,,
MCN,Macon,ماكون,,,
MEQ,Cut Nyak Dien,كت نياك ديين,,,
MFK,Matsu (Beigan),ماتسو (بيغان),,,
MGU,Manaung,مانونغ,,,
MHC,Castro,كاسترو,,,
MHW,Monteagudo,مونتيوغودو,,,
MIU,Maiduguri,مايدوغوري,,,
MJK,Monkey Mia,مونكي ميا,,,
MKR,Meekatharra,ميكاثارا,,,
MMG,Mount Magnet,ماونت ماغنيت,,,
MMM,Middlemount,ميديل ماونت,,,
MMQ,Mbala,مبالا,,,
MNA,Melangguane,ميلانغواني,,,
MNK,Maiana,ميانا,,,
MNO,Manono,مانونو,,,
MQJ,Khonuu,خونو,,,
MRQ,Marinduque,ماريندوك,,,
MSW,Massawa,مصوع,,,
MTK,Makin,ماكين,,,
MWK,Matak,ماتاك,,,
MZA,Mazamari,مازاماري,,,
MZK,Marakei,ماراكي,,,
MZW,Mecheria,المشرية,,,
NAA,Narrabri,نارابري,,,
NAU,Napuka,نابوكا,,,
NBN,Annobon,أنوبون,,,
NBW,Guantanamo,غوانتانامو,,,
NCJ,Sunchales,سونتشاليس,,,
NDC,Nanded,نانديد,,,
NEI,Terney,تيرني,,,
NER,Neryungri,نيريونغري,,,
NEU,Sam Neua,سام نيوا,,,
NGD,Anegada,انيغادا,,,
NGK,Nogliki,نوغليكي,,,
NGL,Ngala,نغالا,,,
NIF,Nifty,نيفتي,,,
NIG,Nikunau,نيكوناو,,,
NIQ,Niaqornat,نياكورنات,,,
NKI,Naukiti Bay,ناوكيتي باي,,,
NLH,Ninglang,نينغلانغ,,,
NON,Nonouti,نونوتي,,,
NOP,Sinop,سينوب,,,
NRE,Namrole,نامرولي,,,
NRR,Ceiba,سيبا,,,
NSH,Now Shahr,ناو شهر,,,
NSQ,Nuussuaq,نوسواك,,,
NUF,Hatton SPB,هاتون وفقا لبروتوكول الطريق الأقصر,,,
NUK,Nukutavake,نوكوتافاك,,,
NYR,Nyurba,نيوربا,,,
NYW,Monywa,مونيوا,,,
NZL,Zhalantun,تشالانتون,,,
OAS,Sharana,شارانا,,,
OCM,Boolgeeda,بولغيدا,,,
OFI,Ouango-Fitini,اوونغو-فيتني,,,
OFU,Ofu Island,جزيرة اوفو ,,,
OGD,Ogden Hinckley Apt,مطار اوغدين هينكلي ,,,
OGD,Ogden,اوغدين,,,
OGM,Ustupo Island,جزيرة وستوبو,,,
OGU,Ordu Giresun,اوردو غيريسون,,,
OHS,Sohar,صحار,,,
OKE,Okierabu,اوكيرابو,,,
OKL,Oksibil,اوكسيبيل,,,
OLL,Oyo,اويو,,,
OLP,Olympic Dam,أوليمبك دام,,,
OLX,Masai Mara,ماساي مارا,,,
OMC,Ormoc,اورموك,,,
OMM,Marmul,مارمول,,,
OMO,Mostar,موستار,,,
ONK,Olenek,اولينيك,,,
ONL,O'Neill,أونيل,,,
OOT,Onotoa,اونوتوا,,,
ORT,Northway,نورث واي,,,
ORU,Oruro,اورورو,,,
ORZ,Orange Walk,أورنج وواك,,,
OSO,Osborne Mine,اوسبورن ماين,,,
OUZ,Zouerate,زويرات,,,
OZG,Zagora,زاجورا,,,
PBD,Porbandar,بورباندار,,,
PBR,Puerto Barrios,بويرتو باريوس,,,
PBZ,Plettenberg Bay,بليتنبرغ باي,,,
PCP,Principe Island,برينسيبال أيلاند,,,
PCQ,Phongsaly,فونغسالي,,,
PDM,Pedasi,بيداسي,,,
PEX,Pechora,بيتشورا,,,
PFQ,Parsabad,بارساباد,,,
PGD,Punta Gorda,بونتا غوردا,,,
PGM,Port Graham,غراهام بورت,,,
PGZ,Ponta Grossa,بونتا غروسا,,,
PHB,Parnaiba,بارنايبا,,,
PIO,Pisco,بيسكو,,,
PKA,Napaskiak,ناباسكياك,,,
PKV,Pskov,بسكوف,,,
PNY,Pondicherry,بونديتشيري,,,
PPL,Phaplu,فابلو,,,
PQM,Palenque,بالينك,,,
PQT,Qeqertaq,كيكرتاك,,,
PRM,Portimao,بورتيماو,,,
PSZ,Puerto Suarez,بويرتو سواريز,,,
PTX,Pitalito,بيتاليتو,,,
PVU,Provo,بروفو,,,
PXA,Lahat,لاهات,,,
PZL,Phinda Game Reserve,فيندا غيم ريسيرف,,,
QFG,Eqalugaarsuit Heliport,مهبط الطائرة المروحية إكوالوجارسوت ,,,
QFN,Narsaq Kujalleq Heliport,مهبط الطائرة المروحية نارساك كوجاليك,,,
QFT,Qassiarsuk Heliport,مهبط الطائرة المروحية كاسيارسوك,,,
QFX,Igaliku Heliport, مهبط الطائرة المروحية إيغاليكو,,,
QGQ,Attu,أتو,,,
QJE,Kitsissuarsuit,كيتسيسوارسويت,,,
QJH,Qassumiut Heliport,مهبط الطائرات المروحية قاسيميوت,,,
QJI,Ikamiut,إيكاميوت,,,
QMK,Niaqornaarsuk,نياكورنشارسوك,,,
QOQ,Saarloq Heliport,مهبط الطائرات المروحية سارلوك,,,
QPW,Kangaatsiaq,كانغاتسياق,,,
QRY,Ikerasaarsuk,اكيرسارسوك,,,
QSZ,Shache,شياجي,,,
QUB,Ubari,أوباؤي,,,
QUO,Uyo,أويو,,,
QUP,Saqqaq,ساقاق,,,
QUV,Aappilattoq Nanortalik Heliport,مهبط طائرات مروحية أبيلاتوك نانورتاليك,,,
QUW,Ammassivik Heliport,مهبط الطائرات المروحية أماسيفيك,,,
RAQ,Muna,مونا,,,
RCQ,Reconquista,ريكونكيستا,,,
RCU,Rio Cuarto,ريو كوارتو,,,
RCY,Rum Cay,روم كاي,,,
RDB,Red Dog,ريد دوغ,,,
RDO,Radom Airport,مطار رادوم,,,
RDO,Radom,رادوم,,,
RDP,Durgapur,دورغابور,,,
RDZ,Rodez,روديز,,,
RGS,Burgos,بورغوس,,,
RHR,Ras al Khaimah Al Hamra SPB,رأس الخيمة الحمرا وفقا لبروتوكول الطريق الأقصر,,,
RHT,Alxa Right Banner,أليكسا رايت بانر,,,
RIH,Rio Hato,ريو هاتو,,,
RIZ,Rizhao,ريتشيو,,,
RJM,Waisai,وايساي,,,
RJN,Rafsanjan,رافسانجان,,,
RKA,Aratika,أراتيكا,,,
RKZ,Xigaze/Rikaze,زيجازي/ريكازي,,,
RNM,Qarn Alam,قرن علم,,,
RRR,Raroia,رارويا,,,
RSS,Damazin,الدمازين,,,
RTI,Roti,روتي,,,
RUD,Shahrud,شهرود,,,
RUP,Rupsi,روبسي,,,
RYL,Lower Zambezi Nat. Park,لوار زامبيزي ناشيونال بارك,,,
RZH,Preobrazheniye,بريوبراتشيني,,,
RZR,Ramsar,رامسار,,,
RZS,Sawan,ساوان,,,
SAE,Saatut,ساتوت,,,
SAG,Shirdi,شيردي,,,
SBT,Sabetta,سابيتا,,,
SDG,Sanandaj,سانانداج,,,
SEK,Srednekolymsk,سريدنيكوليمسك,,,
SFS,Subic Bay,سوبيك باي,,,
SGG,Sermiligaaq,سيرميليغاك,,,
SGX,Songea,سونغيا,,,
SHC,Inda Selassie,إندا سيلاسي,,,
SHF,Shihezi,شيهيزي,,,
SLD,Sliac,سلياك,,,
SLN,Salina,سالينا,,,
SLV,Shimla,شيملا,,,
SMT,Sorriso,سوريسو,,,
SNG,San Ignacio de Velasco,سان إيغناكيو دي فيلاسكو,,,
SOV,Seldovia,سيلدوفيا,,,
SQD,Shangrao,شيانغراو,,,
SQJ,Sanming,سانمينغ,,,
SRK,Siorapaluk,سيورابالوك,,,
SSM,Sault Ste Marie Municipal,سولت سانت ماري المحلي ,,,
SSM,Sault Ste Marie,سولت سانت ماري ,,,
STC,St Cloud,سانت كلود,,,
SUK,Sakkyryr,ساكيرير,,,
SUP,Sumenep,سومينيب,,,
SUY,Suntar,سونتار,,,
SVI,San Vicente del Caguan,سان فيسينت ديل كاغوان,,,
SVK,Silver Creek,سيلفر كريك,,,
SVR,Savissivik,سافيسيفيك,,,
SVS,Stevens Village,ستيفينز فيليدج,,,
SWO,Stillwater,ستيلووتر,,,
SWV,Evensk,ايفينسك,,,
SXK,Saumlaki,ساوملاكي,,,
SXZ,Siirt,سيرت,,,
SYJ,Sirjan,سيرجان,,,
SYS,Sashylakh,ساشيالاخ,,,
SZE,Semera,سيميرا,,,
SZI,Zaysan,زايسان,,,
SZY,Szczytno,سزكزيتنو,,,
TBF,Tabiteuea North,تابيتويا نورث,,,
TBI,The Bight,بيجهت,,,
TCD,Tarapaca,تاراباكا,,,
TCI,Tenerife,تنريفي,,,
TCR,Tuticorin,توتيكورين,,,
TCX,Tabas,تاباس,,,
TEB,Teterboro,تيتيربورو,,,
TEX,Telluride,تيلوريد,,,
TGI,Tingo Maria,تينغو ماريا,,,
TGP,Bor,بور,,,
THX,Turukhansk,توروخانسك,,,
TJH,Toyooka,تويوكا,,,
TJK,Tokat,توكات,,,
TJL,Tres Lagoas,تريس لاغواس,,,
TJN,Takume,تاكومي,,,
TJS,Tanjung Selor,تانجانغ سيلور,,,
TKJ,Tok,توك,,,
TKV,Tatakoto,تاتاكوتو,,,
TLI,Tolitoli,توليتولي,,,
TLK,Talakan,تالاكان,,,
TLQ,Turpan,توربان,,,
TLU,Tolu,تولو,,,
TLY,Plastun,بلاستون,,,
TMF,Thimarafushi,ثيمارافوشي,,,
TMH,Tanahmerah,تانا ميرا,,,
TMN,Tamana,تامانا,,,
TNH,Tonghua,تونغهوا,,,
TOV,Tortola West End SPB,تورتولا ويست إند وفقا لبروتوكول الطريق الأقصر,,,
TOV,Tortola,تورتولا,,,
TQA,Tasiussaq Heliport,مهبط الطائرات المروحية في تاسيوساك,,,
TQI,Tiniteqilaaq Heliport,مهبط الطائرات المروحية في تاينيتكيلاك,,,
TQL,Tarko-Sale,تاركو سال,,,
TRA,Tarama,تاراما,,,
TSU,Tabiteuea South,تابيتويا ساوث,,,
TSY,Tasikmalaya,تاسيكامالايا,,,
TWT,Tawitawi,تاوي تاوي,,,
TXE,Takengon,تاكنجون,,,
TXF,Teixeira de Freitas,تيكسيرا دو فريتاس,,,
TYD,Tynda,تيندا,,,
TZL,Tuzla,توزلا,,,
UBS,Columbus Lowndes County Apt,مقاطعة كولومبوس لاونديس,,,
UBS,Columbus,كولومبوس,,,
UCB,Ulanqab,ولانغاب,,,
UGI,Uganik,أوغانيك,,,
UHE,Uherske Hradiste,أوهرسكه هراديستيه,,,
UKG,Ust-Kuyga,أست كويجا,,,
UKH,Mukhaizna,مخيزنة,,,
ULY,Ulyanovsk,أوليانوفيسك,,,
ULZ,Uliastai,أولياستاي,,,
UOA,Moruroa Atoll,موروروا أتول,,,
UOL,Buol,بول,,,
UPK,Upernavik Kujalleq Heliport,مهبط طائرات مروحية أبرنافيك كوجاليك,,,
URO,Rouen,رووين,,,
USA,Concord,كونكورد,,,
USR,Ust Nera,أست-نيرا,,,
UTS,Ust-Tsilma,أست-تسلما,,,
UUA,Bugulma,بوغولما,,,
UZR,Urdzhar,أوردزهار,,,
VAL,Valenca,فالنسيا,,,
VBA,Ann,آن,,,
VBP,Bokpyin,بوكبيين,,,
VHV,Verkhnevilyuysk,فيركنيفيليويسك,,,
VHZ,Vahitahi,فاهيتاهي,,,
VIN,Vinnytsia,فينيتسيا,,,
VLY,Anglesey,أنغلسي,,,
VPG,Vipingo,فيبينجو,,,
VRL,Vila Real,فيلا ريال,,,
VSE,Viseu,فيسيو,,,
VTB,Vitebsk,فيتيبسك,,,
VUU,Liwonde,ليوندي,,,
VYI,Vilyuysk,فيليويسك,,,
WAE,Wadi al Dawaser,وادي الدواسر,,,
WDS,Shiyan,شيان,,,
WEC,Wenchang Rail Station,محطة قطار وينشانغ,,,
WGN,Shaoyang,شاويانغ,,,
WHF,Wadi Halfa,وادي حلفا,,,
WHK,Whakatane,واهاكاتين,,,
WLE,Miles,مايلز,,,
WLP,West Angelas,ويست أنجلس,,,
WMB,Warrnambool,وارنامبول,,,
WMI,Nowy Dwor Mazowiecki,نوفي دفور مازويكي,,,
WMK,Meyers Chuck,مايرز تشاك,,,
WMT,Zunyi,زونيي,,,
WNA,Napakiak,ناباكياك,,,
WOL,Wollongong,ولونغونغ,,,
WPR,Porvenir,بورفينير,,,
WPU,Puerto Williams,بويرتو ويليامز,,,
WRZ,Weerawila,ويراويلا,,,
WUN,Wiluna,ويلونا,,,
WUT,Xinzhou,شينزوهو,,,
WUU,Wau,واو,,,
XEQ,Tasiuasaq,تاسيواساك,,,
XIQ,Ilimanaq,لليمناك,,,
XJD,Al Udeid,العُديد,,,
XNH,Nasiriyah,الناصرية,,,
YEA,Edmonton,إدمونتون,,,
YES,Yasouj,ياسوج,,,
YFJ,Snare Lake,سنير ليك,,,
YGV,Havre St Pierre,هافر سان بيير,,,
YIE,Aershan,أيرشان,,,
YKH,Yingkou,ينغكو,,,
YKO,Hakkari,هكاري,,,
YMK,Mys-Kamenny,ميس-كاميني,,,
YNP,Natuashish,ناتواشيش,,,
YNY,Yangyang,يانغ يانغ,,,
YON,Trashigang,تراشيغانغ,,,
YPB,Port Alberni,بورت ألبيرني,,,
YPN,Port Menier,بور-مانير,,,
YSQ,Songyuan,سونغيوان,,,
ZBL,Biloela,بيلويلا,,,
ZDY,Delma Island,جزيرة دلما,,,
ZGR,Little Grand Rapids,ليتل غراند رابيدز,,,
ZGS,Gethsemani,جثيسماني,,,
ZIA,Zhukovsky,جوكوفسكي,,,
ZIS,Zintan,الزنتان,,,
ZIX,Zhigansk,زهيغانسك,,,
ZQZ,Zhangjiakou,تشانغجياكو,,,
ZRI,Serui,سيروي,,,
ZYI,Zunyi,زونيي,,,
